{
  "shape": [
    5,
    5
  ],
  "tag": "openadmet-chembl",
  "OPENADMET_LOGAC50": {
    "fit_time": {
      "value": [
        0.3997828960418701,
        0.39885473251342773,
        0.40773749351501465,
        0.36922526359558105,
        0.4119532108306885,
        0.4011719226837158,
        0.423785924911499,
        0.4207897186279297,
        0.42240405082702637,
        0.4190073013305664,
        0.4094126224517822,
        0.41905999183654785,
        0.4063379764556885,
        0.40853333473205566,
        0.41256022453308105,
        0.4162333011627197,
        0.4103245735168457,
        0.43062591552734375,
        0.43402576446533203,
        0.4313621520996094,
        0.4181022644042969,
        0.4070553779602051,
        0.415086030960083,
        0.4141099452972412,
        0.428631067276001
      ],
      "mean": 0.4134469223022461,
      "lower_ci": 0.3872451864020223,
      "upper_ci": 0.4396486582024699,
      "confidence_level": 0.95
    },
    "score_time": {
      "value": [
        0.0045604705810546875,
        0.004134416580200195,
        0.004390716552734375,
        0.004349470138549805,
        0.004364728927612305,
        0.004353761672973633,
        0.004421710968017578,
        0.004345417022705078,
        0.004309177398681641,
        0.004533290863037109,
        0.004982948303222656,
        0.004290580749511719,
        0.004403352737426758,
        0.004534244537353516,
        0.004252195358276367,
        0.004458189010620117,
        0.0043392181396484375,
        0.004578828811645508,
        0.00432276725769043,
        0.004525661468505859,
        0.004263639450073242,
        0.004251956939697266,
        0.004533052444458008,
        0.004495859146118164,
        0.0042459964752197266
      ],
      "mean": 0.004409666061401367,
      "lower_ci": 0.004081444494673928,
      "upper_ci": 0.0047378876281288064,
      "confidence_level": 0.95
    },
    "mse": {
      "value": [
        0.3479656509603264,
        0.3299416156526907,
        0.3603077759139521,
        0.3041070650556461,
        0.3630265489021384,
        0.3300111017009924,
        0.32665756469929574,
        0.388789379804619,
        0.33727357460413065,
        0.3534176369745164,
        0.33732964342541555,
        0.39191521048381145,
        0.34382275371709087,
        0.34747184609482556,
        0.32449746796255047,
        0.3181111508311542,
        0.41448694577798845,
        0.33162833828780014,
        0.3665187664735144,
        0.3010406286874374,
        0.36620663695978656,
        0.3437143402628169,
        0.35534601320243436,
        0.29408226753022043,
        0.3457219732629131
      ],
      "mean": 0.3449356758891227,
      "lower_ci": 0.2897293342452841,
      "upper_ci": 0.40014201753296136,
      "confidence_level": 0.95
    },
    "mae": {
      "value": [
        0.42833662017612467,
        0.42404857661176737,
        0.44482415574836437,
        0.4022873293111305,
        0.4328525969465457,
        0.42370048627976287,
        0.43257852510778577,
        0.43016824256297176,
        0.4329887222571984,
        0.42778521137285175,
        0.4176017935709219,
        0.44890100632185836,
        0.4296100750700052,
        0.42677011385424696,
        0.4309784545558397,
        0.4176279372703727,
        0.4496987838684234,
        0.429732851971353,
        0.43491701774315955,
        0.4201156036221913,
        0.4337532018925381,
        0.42878223264921633,
        0.4248551458082172,
        0.4167510711527925,
        0.428845387808966
      ],
      "mean": 0.42874044574138426,
      "lower_ci": 0.40890103673861944,
      "upper_ci": 0.4485798547441491,
      "confidence_level": 0.95
    },
    "r2": {
      "value": [
        0.5320746824908906,
        0.5689687423554044,
        0.5073440922771997,
        0.5086752043690973,
        0.5308939821107359,
        0.48620214616197477,
        0.4874306628253947,
        0.5447286412034292,
        0.5497525114728892,
        0.529091914674694,
        0.5065588901434368,
        0.5056227863391607,
        0.5422524325993371,
        0.4571598371197655,
        0.5759605380796693,
        0.5089341479229366,
        0.48178818427236525,
        0.5505099771057833,
        0.5176749800100382,
        0.5643594519047193,
        0.5616419996835125,
        0.532387940315685,
        0.5120982618979895,
        0.5593969523521092,
        0.4807616725558007
      ],
      "mean": 0.5240908252897607,
      "lower_ci": 0.46236200412414397,
      "upper_ci": 0.5858196464553774,
      "confidence_level": 0.95
    },
    "ktau": {
      "value": [
        0.4840859893150339,
        0.48358150960538726,
        0.494519299504423,
        0.5008658777775495,
        0.5056581925088554,
        0.45138985615129784,
        0.4742194947987856,
        0.5328726830719313,
        0.4793589111845179,
        0.5120348114465246,
        0.47691333128763136,
        0.491506006248741,
        0.4909946206233179,
        0.4592244852777877,
        0.519647651553007,
        0.48386123724649066,
        0.48723974615696464,
        0.4910628731097022,
        0.4814685699869738,
        0.49358340353262514,
        0.49633123855619204,
        0.48255261777043046,
        0.4700397326013319,
        0.4993822294121589,
        0.49428620536030415
      ],
      "mean": 0.4894672229635185,
      "lower_ci": 0.45513893748916506,
      "upper_ci": 0.523795508437872,
      "confidence_level": 0.95
    },
    "spearmanr": {
      "value": [
        0.6574247265995767,
        0.646985465809423,
        0.6704975205849621,
        0.6772585046146892,
        0.679172854464775,
        0.6152936188306913,
        0.645350000382544,
        0.7135167278271135,
        0.6452963667514708,
        0.6935973671869348,
        0.6434460678284397,
        0.6708104656124979,
        0.6634693522221353,
        0.6260517981100158,
        0.702192816338229,
        0.65977963120293,
        0.6537984577364232,
        0.6648355705123266,
        0.6504079384491123,
        0.6712749712680042,
        0.6674567458038428,
        0.6571221559982464,
        0.6420802837045289,
        0.6749354055287328,
        0.6670265673026351
      ],
      "mean": 0.6623632552268113,
      "lower_ci": 0.6194441203034102,
      "upper_ci": 0.7052823901502123,
      "confidence_level": 0.95
    }
  }
}