{
  "OPENADMET_LOGAC50": {
    "mae": 0.4465646989682242,
    "rmse": 0.5936492389400854,
    "mdae": 0.3318149556093384,
    "marpd": 8.058116215668578,
    "r2": 0.5623844081977254,
    "corr": 0.7521541918718262,
    "rms_cal": 0.02876393240404167,
    "ma_cal": 0.019944128787878816,
    "miscal_area": 0.020112671089451164,
    "sharp": 0.6526268536246707,
    "nll": 1.3155614063596142,
    "crps": 0.32803214318228247,
    "check": 0.16557743409435632,
    "interval": 1.7430490578156657
  }
}