{
  "shape": [
    5,
    5
  ],
  "tag": "openadmet-chembl",
  "OPENADMET_LOGAC50": {
    "fit_time": {
      "value": [
        3.732536792755127,
        3.6699888706207275,
        3.521101951599121,
        3.3676888942718506,
        3.445129156112671,
        3.2007579803466797,
        3.6182758808135986,
        3.320474863052368,
        3.4752719402313232,
        3.588237762451172,
        3.683187961578369,
        3.8137402534484863,
        3.750811815261841,
        3.758049964904785,
        3.5407769680023193,
        3.7392759323120117,
        3.688300132751465,
        3.7562739849090576,
        3.6327648162841797,
        3.5040149688720703,
        3.9457478523254395,
        3.6522700786590576,
        3.7520246505737305,
        3.8244616985321045,
        3.952939033508301
      ],
      "mean": 3.6373641681671143,
      "lower_ci": 3.276990897657698,
      "upper_ci": 3.9977374386765305,
      "confidence_level": 0.95
    },
    "score_time": {
      "value": [
        0.012148380279541016,
        0.014373064041137695,
        0.010622024536132812,
        0.010822057723999023,
        0.012550830841064453,
        0.010987997055053711,
        0.010191202163696289,
        0.012285947799682617,
        0.012923717498779297,
        0.013258934020996094,
        0.012505769729614258,
        0.012137889862060547,
        0.012632131576538086,
        0.010334014892578125,
        0.010447978973388672,
        0.013401985168457031,
        0.013293027877807617,
        0.012805938720703125,
        0.010744094848632812,
        0.011219024658203125,
        0.015880107879638672,
        0.013328790664672852,
        0.016326189041137695,
        0.021160125732421875,
        0.012556076049804688
      ],
      "mean": 0.012757492065429688,
      "lower_ci": 0.008129716449325013,
      "upper_ci": 0.017385267681534363,
      "confidence_level": 0.95
    },
    "mse": {
      "value": [
        0.3302158510580362,
        0.346374088304745,
        0.35061659207692397,
        0.31707656933895506,
        0.30475321475491773,
        0.31175200571001466,
        0.34549472798255215,
        0.29432894171025237,
        0.3427162895035611,
        0.3512335453670441,
        0.356010249033476,
        0.37862817445844116,
        0.31056416296380557,
        0.36684371118642245,
        0.3021809222879556,
        0.35704838223237667,
        0.3332432981099232,
        0.3084278074421592,
        0.3214314770555375,
        0.33225178584668935,
        0.31140466150724994,
        0.3534442133454929,
        0.28850272488419043,
        0.3709010687032241,
        0.3229192289646647
      ],
      "mean": 0.3323345477531444,
      "lower_ci": 0.283341596928221,
      "upper_ci": 0.38132749857806786,
      "confidence_level": 0.95
    },
    "mae": {
      "value": [
        0.42701843166725656,
        0.41230617428479394,
        0.4211659258725278,
        0.41488190120982854,
        0.404453571178383,
        0.40633752868716755,
        0.4266564175374071,
        0.40256044849041,
        0.41240922722088724,
        0.42823573271261256,
        0.4271700407548032,
        0.4398417654090349,
        0.40152412680416694,
        0.4322834796362745,
        0.4070616901360932,
        0.4338002965973853,
        0.4086662353897308,
        0.4064817039183702,
        0.4148923628756746,
        0.4182685580393408,
        0.4112793541888138,
        0.42321985360824793,
        0.40140669225541786,
        0.42565141451363053,
        0.4173124978179488
      ],
      "mean": 0.41699541723224826,
      "lower_ci": 0.3953789604025801,
      "upper_ci": 0.43861187406191643,
      "confidence_level": 0.95
    },
    "r2": {
      "value": [
        0.5291857044605304,
        0.5217034251641187,
        0.5451286156712862,
        0.6183715548876801,
        0.6113171331752725,
        0.6072640182670097,
        0.5137625771105889,
        0.628155051760326,
        0.5635323505704553,
        0.5200100805852419,
        0.5026951500540526,
        0.47619788439873867,
        0.5544515969331405,
        0.5892108469923061,
        0.613081550285427,
        0.5434943539025561,
        0.5706843405171438,
        0.5696716819630294,
        0.5754911420440751,
        0.5752126114295402,
        0.5222338448063855,
        0.5549070870258097,
        0.6318089759036012,
        0.5141903945637383,
        0.6069621786599548
      ],
      "mean": 0.5623489660452804,
      "lower_ci": 0.4774411766819744,
      "upper_ci": 0.6472567554085864,
      "confidence_level": 0.95
    },
    "ktau": {
      "value": [
        0.5105483891234589,
        0.5144912308523023,
        0.5167467793822739,
        0.5152471052008843,
        0.5218802028807379,
        0.5562745119281165,
        0.4790814289056863,
        0.5396846123687493,
        0.5141630244890338,
        0.4867685359167988,
        0.4895828658095875,
        0.470470583129048,
        0.5217862115453578,
        0.5390346012806444,
        0.5051843704284853,
        0.5100107677141141,
        0.5122224918616393,
        0.5127647879351019,
        0.52033570023638,
        0.5314433360535511,
        0.5040781237269185,
        0.5000512442638116,
        0.5504951110178642,
        0.5014839349677348,
        0.5395482261616125
      ],
      "mean": 0.5145351270871957,
      "lower_ci": 0.4734629490456382,
      "upper_ci": 0.5556073051287532,
      "confidence_level": 0.95
    },
    "spearmanr": {
      "value": [
        0.6897148532945383,
        0.6792811535649356,
        0.6923954237775284,
        0.690193458138846,
        0.7022322111502358,
        0.735034472842095,
        0.6480996138903694,
        0.7184884476298008,
        0.6875058913702506,
        0.6597860263243465,
        0.660614746947474,
        0.6369321950159265,
        0.6959677325346252,
        0.7216064077427343,
        0.6776207088423635,
        0.6851612849880018,
        0.6843454617122091,
        0.685592178852661,
        0.6926351023165757,
        0.710447231542216,
        0.6779898467536633,
        0.6692931561000293,
        0.7274997869939206,
        0.675388530881651,
        0.717921149807637
      ],
      "mean": 0.6888698829205855,
      "lower_ci": 0.6413759825257634,
      "upper_ci": 0.7363637833154075,
      "confidence_level": 0.95
    }
  }
}