{
  "tag": "openadmet-chembl",
  "OPENADMET_LOGAC50": {
    "mse": {
      "value": 0.3048890956520271,
      "lower_ci": 0.25634660674051823,
      "upper_ci": 0.34723862194709554,
      "confidence_level": 0.95
    },
    "mae": {
      "value": 0.4002360386564289,
      "lower_ci": 0.3763538492490682,
      "upper_ci": 0.42378012278955735,
      "confidence_level": 0.95
    },
    "r2": {
      "value": 0.5403093511200147,
      "lower_ci": 0.4759123455694769,
      "upper_ci": 0.6133587751437016,
      "confidence_level": 0.95
    },
    "ktau": {
      "value": 0.5017670286484681,
      "lower_ci": 0.46560447052727794,
      "upper_ci": 0.5390967516813137,
      "confidence_level": 0.95
    },
    "spearmanr": {
      "value": 0.6700275110958553,
      "lower_ci": 0.6294406296084613,
      "upper_ci": 0.714945568800529,
      "confidence_level": 0.95
    }
  }
}