LOG_CLint_HLM,LOG_CLint_RLM,LOG_CLint_MLM
1.4756711883244296,,2.460296326757476
1.4099331233312946,,3.3618033589256875
1.385606273598312,,2.591287265058499
1.3692158574101427,,2.5342800052050816
0.9493900066449128,,2.477555332198981
0.9084850188786496,,2.4763968267253302
1.5877109650189114,,1.4393326938302626
1.5092025223311027,,1.9698816437465
0.6627578316815741,,1.9845273133437928
0.7403626894942439,,2.5052856741441323
0.568201724066995,,1.1702617153949575
1.0253058652647702,,2.527758752520972
1.6866362692622934,,2.682686478249768
1.1335389083702174,,0.041392685158225
0.9242792860618816,,2.407900540142635
2.57611089412084,,3.2797353674105016
1.4548448600085102,,2.683767261425312
1.9390197764486663,,3.2306277117106323
2.3140779917792127,,2.8773137433122384
1.252853030979893,,2.889077492650064
1.1702617153949575,,1.8802417758954804
0.3222192947339193,,1.3820170425748683
0.3979400086720376,,-0.3979400086720376
1.8506462351830664,,2.601190532615333
0.3617278360175928,,1.5352941200427703
2.020775488193558,,3.110522372601323
0.568201724066995,,1.1139433523068367
0.6989700043360189,,2.812646016233119
2.009450895798694,,3.472917269345676
2.3571722577230334,,3.4542501553003446
1.2278867046136734,,3.574181797057869
1.8959747323590648,,3.21034527775002
1.1072099696478683,,1.5634810853944108
1.5987905067631152,,3.0423392045635507
0.2041199826559248,,2.692582562274909
1.0969100130080565,,2.394801777162711
0.146128035678238,,1.725094521081469
1.1958996524092338,,2.8867726430544383
1.7032913781186614,,2.7046651854545294
0.041392685158225,,1.1846914308175989
1.187520720836463,,2.381295623003826
1.4828735836087537,,2.481442628502305
0.9138138523837168,,1.5843312243675307
1.7693773260761383,,3.056828652637812
1.714329759745233,,3.041905639223649
1.155336037465062,,2.4720246977002813
0.5563025007672873,,2.141763230275788
0.7481880270062004,,1.0755469613925308
1.235528446907549,,1.2695129442179165
0.7993405494535817,,2.394976719554564
1.530199698203082,,3.390740866952916
0.7708520116421442,,2.5673793076509788
1.1613680022349748,,2.385606273598312
2.1734776434529945,,3.465709936418241
-0.2218487496163564,,0.5910646070264992
2.180125875164054,,2.6240757311456826
1.797959643737196,,2.64738297011462
2.243781916093795,,3.149465450995452
2.344588742578714,,2.551815822351016
2.211120541258049,,2.3281756614383227
0.568201724066995,,1.1139433523068367
1.0170333392987805,,2.9297253783780044
1.8350561017201164,,3.538422910925707
1.7226339225338123,,2.7428036584691657
1.7331972651065697,,2.698448538015329
2.2380461031287955,,3.357553719743082
1.0453229787866574,,2.227629649571009
0.3979400086720376,,1.320146286111054
0.7075701760979364,,1.675778341674085
1.383815365980431,,2.627058464000989
0.8864907251724818,,1.8836614351536176
0.5440680443502757,,1.8122446968003696
1.4593924877592308,,2.72916478969277
0.9084850188786496,,2.355259905527378
0.7403626894942439,,1.887617300335736
1.0128372247051722,,2.5371892262436444
1.4828735836087537,,1.8444771757456817
0.8388490907372553,,3.3305152321703284
0.8750612633917001,,1.6866362692622934
1.424881636631067,,1.8727388274726688
0.9030899869919436,,2.8745977687032
1.1172712956557642,,2.797059694699971
2.087426457036285,,2.640282629696681
0.4913616938342727,,1.0681858617461617
1.9355072658247128,,3.127428777851599
0.6232492903979004,,1.7831886910752577
0.9242792860618816,,1.4487063199050798
1.1038037209559568,,2.9722491359625955
0.7075701760979364,,2.311541958401195
0.9030899869919436,,1.9680157139936416
1.836324115706752,,2.7370335313338776
1.3783979009481375,,2.785543369956593
1.5327543789924978,,2.3736474722092176
1.5831987739686226,,3.3327211642891275
1.383815365980431,,1.4517864355242902
0.8325089127062363,,1.8312296938670631
0.9822712330395684,,3.1049307390777403
0.6434526764861874,,2.215637563435062
1.833147111912785,,2.728272597895017
0.8633228601204559,,1.952792443044092
1.0969100130080565,,2.659440781870318
0.7708520116421442,,2.061452479087193
1.0128372247051722,,2.342620042553348
1.0043213737826426,,2.569373909615046
0.5563025007672873,,1.0374264979406236
2.4622482153549976,,3.080770746840722
0.9395192526186184,,1.7363965022766426
0.7781512503836436,,1.0606978403536116
1.403120521175818,,2.8194781283621224
1.8591382972945307,,2.847572659142112
1.2174839442139065,,2.421439390220049
-0.5228787452803376,,1.57287160220048
1.899273187317604,,2.672836454171397
1.0334237554869496,,1.8762178405916423
2.1894903136993675,,3.275748884479195
2.2610248339923973,,2.5379449592914867
0.4771212547196624,,1.8375884382355112
0.8573324964312685,,1.4771212547196624
1.7937903846908188,,3.058995093525416
0.9542425094393248,,2.4075608494863627
1.1760912590556811,,2.5375672571526757
0.7403626894942439,,1.9493900066449128
0.4471580313422192,,1.7427251313046983
1.9576072870600951,,3.163399932786864
0.9030899869919436,,0.9344984512435676
1.484299839346786,,2.3634239329171765
1.0413926851582251,,2.70816585785554
0.5314789170422551,,1.6503075231319364
2.462996612028056,,2.758306181725307
0.6720978579357175,,1.5024271199844328
1.4913616938342726,,2.5207454715194824
2.2060158767633444,,3.3681752745493765
1.08278537031645,,2.9380190974762104
1.0644579892269184,,3.316620251635936
1.7283537820212285,,2.527372082827612
0.6334684555795865,,1.577491799837225
-0.3010299956639812,,-1.0
0.4771212547196624,,1.941511432634403
1.1072099696478683,,1.5634810853944108
2.087781417809542,,2.8184238550920786
0.8976270912904415,,2.4875625602563782
1.513217600067939,,3.0337855168422307
1.970811610872517,,3.152135396861876
1.3180633349627615,,1.8959747323590648
0.7634279935629372,,2.218010042984363
0.8976270912904415,,2.4875625602563782
1.677606952720493,,2.760196229455134
2.308564413561238,,3.619677564667636
1.481442628502305,,2.6050894618815805
2.1280760126687155,,3.2805328444513826
0.380211241711606,,2.083860800866573
1.534026106056135,,2.921842481405858
1.5185139398778875,,2.5144149205803688
1.3117538610557542,,2.189770956346874
1.209515014542631,,2.2902572693945182
0.7993405494535817,,1.81424759573192
1.3692158574101427,,2.5342800052050816
1.1335389083702174,,1.6020599913279625
1.3673559210260189,,2.148602654806093
0.4771212547196624,,1.2405492482825995
0.7923916894982539,,2.2860071220794747
1.8836614351536176,,2.320354032817672
0.7481880270062004,,2.2030328870147105
1.24551266781415,,3.1346551422776487
1.4969296480732148,,3.1489109931093564
1.2278867046136734,,1.8007170782823851
0.3010299956639812,,2.3643633546157306
2.292920299600006,,3.359702708274113
1.4563660331290431,,2.5532760461371
0.3010299956639812,,1.506505032404872
1.9493900066449128,,3.3386556655787003
2.389343311252078,,3.653656232494785
1.1205739312058498,,1.6998377258672457
0.3222192947339193,,1.252853030979893
1.2648178230095364,,2.249931756634195
0.4771212547196624,,1.4082399653118496
1.910090545594068,,3.1487568513217923
0.9444826721501688,,2.001300933020418
0.505149978319906,,2.424064525417488
1.670245853074124,,2.3550682063488506
1.021189299069938,,2.773932647467645
1.5599066250361124,,3.4835872969688944
0.5563025007672873,,1.7259116322950483
2.1172712956557644,,3.660903405996723
1.5658478186735176,,2.578409970331236
0.414973347970818,,1.5634810853944108
1.9175055095525464,,2.834229902851677
1.6893088591236205,,2.8677620246502005
1.235528446907549,,2.277609214304092
0.041392685158225,,1.1846914308175989
1.8247764624755456,,2.424554976606714
0.9395192526186184,,2.6020599913279625
1.5276299008713388,,2.4952667443878105
1.7795964912578246,,2.778368343355874
0.8512583487190752,,2.40705081480425
1.846955325019824,,2.729812507160936
1.255272505103306,,1.975431808509263
1.3263358609287514,,3.5276427877567538
1.534026106056135,,2.921842481405858
1.1846914308175989,,2.387033701282363
1.2380461031287957,,1.975431808509263
0.8388490907372553,,2.0453229787866576
1.6354837468149122,,3.2595699896435595
2.209783014848515,,3.091807597001675
0.1139433523068367,,2.012837224705172
0.5314789170422551,,0.6989700043360189
1.6998377258672457,,2.4784221877400805
1.8438554226231607,,2.7493497605974766
1.9030899869919435,,2.882979654037299
1.792391689498254,,2.737272176535543
0.7481880270062004,,2.2030328870147105
2.9800488450649567,,3.061150780928549
0.4471580313422192,,2.068556895072363
1.4313637641589874,,2.133538908370217
1.334453751150931,,1.5921767573958667
1.7084209001347128,,2.343211590179747
1.14921911265538,,2.229681842317676
1.3729120029701063,,2.4967913157000425
1.3053513694466237,,3.067033639842262
0.8325089127062363,,2.2873537727147464
0.7160033436347992,,1.7075701760979365
2.4219328132785085,,2.683947130751512
2.082426300860772,,3.333104540398589
0.7923916894982539,,2.2860071220794747
0.6720978579357175,,2.833210880282609
0.7481880270062004,,2.189770956346874
0.8633228601204559,,2.517591730711908
-0.5228787452803376,,0.146128035678238
0.9344984512435676,,3.0686681432859
0.5185139398778874,,1.110589710299249
0.8129133566428556,,3.312832959249337
1.021189299069938,,1.8739015978644613
1.792391689498254,,3.640103625305095
2.0346284566253203,,3.021478732257527
1.611723308007342,,3.350306178879111
0.568201724066995,,1.1139433523068367
1.5289167002776547,,2.549248556854056
0.8061799739838872,,2.371990911464915
1.3783979009481375,,2.6400837313731205
1.130333768495006,,2.711975854351756
0.9912260756924948,,1.8704039052790271
0.9030899869919436,,2.160168292958512
1.0086001717619175,,2.092018470752797
0.9344984512435676,,1.9289076902439528
0.0,,1.92272545799326
2.044147620878723,,2.8702282790117946
1.9929950984313416,,3.3978183891895823
1.6803355134145632,,3.387389826338729
1.292256071356476,,2.5597869682005565
1.4885507165004443,,2.6610550848533787
1.9763499790032737,,3.356675855658637
0.8325089127062363,,2.4353665066126613
1.5378190950732742,,2.913601949729157
0.6812412373755872,,3.0792536224300777
1.235528446907549,,2.2375437381428744
0.8864907251724818,,1.9599948383284165
1.481442628502305,,3.308329596317398
2.392169149489736,,3.3675236418690195
1.136720567156407,,2.689042339028172
0.6232492903979004,,2.443888546777372
2.230448921378274,,1.846955325019824
1.7589118923979734,,2.649529565947819
0.6434526764861874,,1.765668554759014
1.3443922736851108,,2.379668034033654
1.3053513694466237,,1.2966651902615312
0.5910646070264992,,2.143327129992046
0.7781512503836436,,1.99519629159718
1.1238516409670858,,2.5079907248196918
1.187520720836463,,1.9334872878487053
0.8061799739838872,,1.6263403673750425
1.146128035678238,,1.4014005407815442
0.5563025007672873,,2.133858125203335
0.5797835966168101,,2.342422680822206
1.4941545940184429,,2.137986732723532
2.6908160579809155,,3.067851660512353
0.3010299956639812,,1.8825245379548805
0.7481880270062004,,1.0755469613925308
1.4065401804339552,,2.7513560997253936
1.403120521175818,,2.8194781283621224
2.407390904470732,,3.4177539344041343
1.60959440922522,,2.6884198220027105
1.3053513694466237,,3.067033639842262
1.359835482339888,,3.3505968648286326
1.4487063199050798,,2.4586378490256493
2.269979676645324,,3.337339439388419
1.0,,3.155305666159626
1.7481880270062005,,3.3387751249335733
1.390935107103379,,2.346744054604849
1.801403710017355,,1.9493900066449128
1.4899584794248346,,2.5841049703994527
2.988425170006303,,3.5465550012142977
1.57287160220048,,2.4742162640762557
0.7993405494535817,,0.6989700043360189
1.505149978319906,,2.6327608884794387
0.4913616938342727,,2.7786576319473557
0.2787536009528289,,1.530199698203082
0.2304489213782739,,0.9590413923210936
2.5358002908248976,,3.446304113951924
1.8656960599160703,,1.863322860120456
2.059941888061955,,2.793511005792858
2.3939260065858368,,3.184719815150272
1.4116197059632305,,2.4324882557705063
1.7824726241662865,,2.625723909525756
1.404833716619938,,3.0800850850458694
0.8692317197309762,,2.14674801363064
1.599883072073688,,2.943890048248473
1.2695129442179165,,2.170261715394957
1.7867514221455612,,1.8864907251724816
1.260071387985075,,3.0513454993365388
1.2278867046136734,,3.574181797057869
2.097604328874411,,2.232742062720737
0.4471580313422192,,1.2278867046136734
0.2041199826559248,,1.6998377258672457
1.0453229787866574,,2.611298362296429
0.9294189257142929,,1.6074550232146685
1.1072099696478683,,2.1436392352745437
0.5314789170422551,,3.0281644194244697
1.0334237554869496,,2.6079908585471747
1.0718820073061257,,2.601408060534684
-0.0457574905606751,,1.5352941200427703
2.104145550554008,,2.57978359661681
0.8061799739838872,,1.7101173651118162
1.287801729930226,,2.669409867287783
0.5314789170422551,,1.413299764081252
1.2648178230095364,,2.2487087356009177
1.9912260756924949,,2.3428173146357327
2.395675785269936,,2.675228253593064
1.921686475483602,,1.8394780473741985
0.7403626894942439,,2.3416323357780544
1.2966651902615312,,2.153509989300838
1.292256071356476,,2.3157604906657347
1.6730209071288962,,2.6348801407665263
1.0644579892269184,,2.042181594515766
0.99563519459755,,2.64875021269802
0.5314789170422551,,2.03342375548695
1.1172712956557642,,2.3694014136966244
1.1335389083702174,,2.139249217571607
1.3117538610557542,,3.3350966742615418
1.285557309007774,,2.740441644949766
1.1238516409670858,,2.616475513888566
1.3364597338485296,,2.144262773761991
1.0374264979406236,,2.2258259914618934
1.484299839346786,,1.209515014542631
0.7558748556724915,,2.071882007306125
0.8864907251724818,,1.4548448600085102
0.8061799739838872,,2.686546899063006
1.9995654882259823,,3.0872488677956578
1.1931245983544616,,1.88309335857569
1.0253058652647702,,2.116939646550756
1.290034611362518,,2.624591459126848
1.99519629159718,,1.7634279935629371
1.6201360549737576,,2.638988159343682
1.4456042032735976,,2.3900514964589874
1.5237464668115646,,2.8222988712623667
1.130333768495006,,3.09321149181366
1.9867717342662448,,2.926599653907028
2.001300933020418,,2.561816664318957
1.290034611362518,,1.2148438480476975
0.9822712330395684,,0.3424226808222063
0.9590413923210936,,0.8573324964312685
1.8318697742805017,,2.719248398447946
0.3979400086720376,,0.9084850188786496
0.785329835010767,,1.8668778143374989
2.358886204405869,,2.332842266994352
2.004751155591001,,2.182414652434554
2.8136476953468965,,3.790116199766332
1.3617278360175928,,2.40840957846843
0.6901960800285137,,2.0318122713303706
0.505149978319906,,2.346157302232008
1.5237464668115646,,2.8222988712623667
1.307496037913213,,1.4014005407815442
1.3138672203691537,,2.6045500325712614
2.941312625360662,,3.5567606809456107
1.0606978403536116,,2.116275587580544
0.2041199826559248,,2.141763230275788
0.3979400086720376,,1.3729120029701063
1.6998377258672457,,3.210906813654374
0.4771212547196624,,1.6074550232146685
1.6483600109809315,,3.6068863150270873
1.2329961103921538,,1.5740312677277188
1.250420002308894,,1.989894563718773
0.4623979978989561,,2.890421018800914
2.553761698390004,,3.451510117934316
0.380211241711606,,1.9175055095525464
0.6812412373755872,,2.239799818447098
0.9731278535996988,,1.7226339225338123
0.1139433523068367,,1.0453229787866574
0.6532125137753437,,3.329926440795452
0.9242792860618816,,2.351216345339342
2.0806264869218056,,2.460296326757476
1.021189299069938,,1.8739015978644613
0.5910646070264992,,2.0791812460476247
1.9561684304753637,,2.7168377232995247
0.6127838567197355,,2.931559567090805
0.3010299956639812,,2.113609151073028
1.4885507165004443,,2.7075701760979363
0.4471580313422192,,0.8061799739838872
0.7781512503836436,,2.26150077319828
1.1072099696478683,,2.66661156841903
1.2041199826559248,,1.591064607026499
-0.0969100130080563,,1.8555191556678
0.5440680443502757,,2.029789470831856
1.1398790864012365,,2.8254261177678237
-0.1549019599857432,,2.2174839442139063
1.5327543789924978,,2.570192561095726
0.5440680443502757,,2.020361282647708
1.9469432706978256,,3.0582741466859518
1.7512791039833422,,3.097639015546839
0.9684829485539352,,2.409425868671444
2.2610248339923973,,2.5379449592914867
2.0484418035504044,,3.206825876031849
1.0644579892269184,,1.1958996524092338
1.2227164711475833,,3.120113071407684
1.260071387985075,,2.519696767159853
1.3710678622717365,,3.234289446933935
1.3747483460101038,,1.7596678446896306
0.7075701760979364,,2.311541958401195
1.515873843711679,,2.38147609027503
0.7323937598229685,,0.3617278360175928
1.110589710299249,,2.1344958558346736
1.9722028383790644,,2.3326404103874627
1.3502480183341627,,2.9733587998863977
0.0,,2.248463717551032
0.3617278360175928,,1.606381365110605
0.7075701760979364,,1.675778341674085
1.287801729930226,,2.326335860928751
0.3424226808222063,,1.3961993470957363
1.5092025223311027,,2.888179493918325
1.841984804590114,,2.889581802149624
1.60959440922522,,2.020361282647708
1.436162647040756,,2.7735670489260587
1.5365584425715302,,2.660675788338524
0.7781512503836436,,1.848804701051804
1.0492180226701815,,2.847819347295239
0.041392685158225,,1.3692158574101427
1.678518379040114,,3.04867481499223
0.5440680443502757,,2.1245042248342823
-0.0457574905606751,,0.9912260756924948
1.4927603890268375,,2.976670880624811
1.649334858712142,,2.8228869478341507
2.8120438979302267,,3.438668900686737
1.271841606536499,,3.248046869358661
1.3010299956639813,,3.0514612443241838
1.0791812460476249,,2.7786576319473557
1.7201593034059568,,2.248218561190075
0.0,,0.8864907251724818
1.7895807121644254,,2.601842789782098
0.9294189257142929,,2.418301291319745
0.8864907251724818,,1.7972675408307164
1.5092025223311027,,2.2487087356009177
0.1760912590556812,,1.484299839346786
2.2474822606770544,,2.794627444664508
2.374381698050882,,2.8903092168999485
0.8325089127062363,,1.8959747323590648
1.8325089127062364,,2.6161603128475828
1.5987905067631152,,3.0423392045635507
2.020361282647708,,3.0662513619689618
1.9938769149412112,,3.1564582852404564
0.414973347970818,,3.18366835736002
0.5440680443502757,,1.8195439355418688
0.6627578316815741,,3.3197720914263638
1.952792443044092,,3.729286310324604
1.7363965022766426,,3.042181594515766
0.2304489213782739,,1.7788744720027396
1.0791812460476249,,2.6103407114521566
1.8959747323590648,,2.770852011642144
1.0606978403536116,,2.116275587580544
0.0791812460476248,,-0.6989700043360187
2.180125875164054,,2.6240757311456826
1.0128372247051722,,2.0681858617461617
1.9763499790032737,,3.2850845033352187
0.9542425094393248,,2.456973013635818
0.7634279935629372,,2.218010042984363
1.3364597338485296,,2.144262773761991
1.167317334748176,,1.6618126855372612
2.690373306916059,,3.361614527024846
1.3747483460101038,,2.518382315545344
1.8007170782823851,,3.797274467322242
0.5440680443502757,,1.1205739312058498
1.4502491083193612,,3.1464381352857744
1.5211380837040362,,2.79000352039049
0.9822712330395684,,2.538573733806856
1.3053513694466237,,2.542078146335625
1.290034611362518,,2.9280884596649708
1.9982593384236984,,2.4652340949880145
1.0718820073061257,,2.601408060534684
0.9731278535996988,,1.9068735347220704
1.4517864355242902,,2.128722284338427
1.0863598306747482,,2.66228551572213
0.9777236052888476,,2.460597188897601
1.795184589682424,,2.570893036218392
2.077731179652392,,2.6768764319731373
0.4471580313422192,,1.390935107103379
1.146128035678238,,2.638489256954637
1.846955325019824,,2.7895807121644256
1.7678976160180906,,3.227398169873655
1.792391689498254,,2.737272176535543
1.8668778143374989,,2.4446692309385245
1.5831987739686226,,1.505149978319906
-1.0,,1.787460474518415
2.969462507974637,,2.4112829130173843
1.089905111439398,,2.684665864025861
1.276461804173244,,1.9689496809813425
1.0934216851622351,,2.8202671571609645
2.006893707947901,,3.2052043639481447
2.455910240382743,,3.3801207542684404
1.0170333392987805,,1.7972675408307164
0.3979400086720376,,1.9849771264154936
1.271841606536499,,2.756560043006683
1.4517864355242902,,2.6424645202421213
0.919078092376074,,2.486005186362242
0.9822712330395684,,1.8369567370595503
1.1643528557844371,,2.380211241711606
1.2329961103921538,,2.378397900948137
0.7075701760979364,,1.675778341674085
0.1760912590556812,,1.7160033436347992
2.0,,3.092439911331142
1.2833012287035497,,2.5174598265402324
1.5563025007672873,,2.4727564493172123
2.452246574520437,,3.3931714288368897
2.5748411950633847,,3.2065020575886853
0.0791812460476248,,1.857935264719429
1.252853030979893,,2.202215775801132
0.8450980400142568,,1.7226339225338123
1.7723217067229198,,3.321474151030556
1.670245853074124,,2.3550682063488506
1.6739419986340878,,3.032175376961363
1.8898617212581883,,2.639187559935754
1.3242824552976926,,2.501606922418829
0.5797835966168101,,1.7611758131557314
0.7323937598229685,,2.894426837964188
0.9138138523837168,,1.5843312243675307
0.7403626894942439,,1.9493900066449128
1.850033257689769,,3.602211967802297
1.7032913781186614,,2.7046651854545294
1.1335389083702174,,2.139249217571607
0.5797835966168101,,1.967547976218862
0.3222192947339193,,1.3820170425748683
1.230448921378274,,2.0622058088197126
0.8692317197309762,,1.944975908412048
1.6374897295125106,,2.06595298031387
1.1760912590556811,,2.201123897207379
1.1398790864012365,,3.052655473039527
1.60422605308447,,3.090892625710363
0.9444826721501688,,2.3725438007590705
1.981818607170664,,3.1245368283012773
0.7323937598229685,,2.930949031167523
1.334453751150931,,1.5921767573958667
1.0043213737826426,,2.3422252293607904
2.143327129992046,,3.091315159697223
1.3304137733491908,,2.092369699629121
0.1760912590556812,,1.7160033436347992
1.4727564493172125,,2.481729196960016
0.8195439355418687,,1.3304137733491908
1.4456042032735976,,2.3900514964589874
2.727134423760489,,3.1749896504073343
0.9822712330395684,,2.133858125203335
0.5563025007672873,,2.141763230275788
1.8808135922807911,,3.1481088577296967
1.951823035315912,,3.307923703611882
0.7481880270062004,,1.7226339225338123
-0.2218487496163564,,1.8444771757456817
1.3031960574204888,,0.5314789170422551
1.530199698203082,,3.390740866952916
1.1430148002540952,,3.021478732257527
1.81424759573192,,2.693990610460777
0.2304489213782739,,1.7788744720027396
1.9566485792052035,,3.36087729710204
1.808885867359812,,2.3140779917792127
1.2624510897304295,,2.7763379096201755
1.110589710299249,,2.296884475538547
2.072249897613515,,2.4435758797502576
0.5314789170422551,,2.532627001228891
0.7634279935629372,,1.6599162000698502
0.9444826721501688,,2.3725438007590705
0.8692317197309762,,1.0969100130080565
1.252853030979893,,2.914818980447473
1.7895807121644254,,2.601842789782098
1.5092025223311027,,2.791620482692814
1.2787536009528289,,1.7474118078864234
0.9294189257142929,,1.846337112129805
1.0334237554869496,,2.082426300860772
0.9822712330395684,,0.3424226808222063
1.3483048630481609,,3.0258381642297003
1.3617278360175928,,2.40840957846843
0.9444826721501688,,2.5825178836040625
0.9493900066449128,,2.615739688619155
0.9138138523837168,,2.2380461031287955
1.307496037913213,,2.782902405974645
1.484299839346786,,2.3634239329171765
0.4471580313422192,,1.08278537031645
0.7634279935629372,,1.2671717284030135
0.7708520116421442,,2.7973368007753496
2.216429830876251,,2.602927712859189
1.6148972160331343,,2.301897717195208
1.385606273598312,,2.591287265058499
1.5327543789924978,,2.5444401373176926
0.9084850188786496,,2.435207103240748
1.5010592622177514,,2.572406867558056
0.6627578316815741,,3.1406965525464146
1.437750562820388,,2.537441283407948
1.5365584425715302,,2.320354032817672
0.4313637641589873,,2.182129214052998
1.7058637122839193,,2.710963118995276
1.3944516808262162,,2.468790262099611
0.6127838567197355,,2.640282629696681
-0.5228787452803376,,1.1430148002540952
1.7371926427047373,,2.9120093755869783
0.8692317197309762,,1.944975908412048
0.4313637641589873,,2.686546899063006
0.7323937598229685,,1.4281347940287887
1.481442628502305,,2.6050894618815805
1.403120521175818,,2.329397879361043
1.5854607295085006,,2.0588054866759067
2.9703933720796,,2.656385719058688
1.9758911364017928,,3.320935195468595
2.073351702386901,,2.0038911662369103
0.6720978579357175,,1.7323937598229686
2.93028664724552,,3.4840292109404567
1.1986570869544226,,2.58983794314746
0.6127838567197355,,2.640282629696681
0.9822712330395684,,1.8369567370595503
1.3636119798921444,,1.6711728427150832
1.506505032404872,,2.29269900304393
2.2187979981117376,,3.445168133327569
1.6294095991027189,,2.87742894078822
1.0413926851582251,,2.5333907080175515
0.919078092376074,,2.486005186362242
0.6334684555795865,,3.297147471801269
2.6485551556626707,,3.503450193442012
1.021189299069938,,2.805568817548556
0.7634279935629372,,1.2671717284030135
1.5705429398818975,,2.928856533581911
1.9400181550076632,,2.432327792261604
0.8260748027008264,,1.81424759573192
0.4771212547196624,,2.144574207609616
1.9982593384236984,,2.4652340949880145
0.9084850188786496,,2.435207103240748
2.0253058652647704,,3.222534393381713
2.5748411950633847,,3.2065020575886853
0.255272505103306,,1.5705429398818975
0.9822712330395684,,1.8802417758954804
1.1430148002540952,,1.734799829588847
1.3053513694466237,,1.2966651902615312
1.5092025223311027,,2.7424108805804925
0.3222192947339193,,2.948315140689348
1.1931245983544616,,2.6484575942825224
0.99563519459755,,2.255272505103306
1.2671717284030135,,2.140193678578631
1.6334684555795864,,2.504742636271688
1.5888317255942073,,2.7641761323903307
1.6364878963533651,,2.498172660636544
2.5953859808091417,,3.440767441204506
0.5440680443502757,,1.1430148002540952
0.7708520116421442,,2.7973368007753496
1.9283958522567133,,3.6117870140165858
1.3747483460101038,,2.755951041004132
1.9405164849325671,,3.3397097547798325
2.8961954104542107,,3.731943146668584
1.863322860120456,,3.5611133146522547
1.4983105537896004,,2.5650209283452936
1.0755469613925308,,1.838219221907626
0.3010299956639812,,1.506505032404872
1.730782275666389,,3.101368963249252
2.031408464251624,,2.730701544281845
-0.5228787452803376,,1.1430148002540952
1.0170333392987805,,2.7085908451503435
1.5717088318086876,,2.956408571195833
1.7723217067229198,,3.321474151030556
1.9395192526186185,,2.727378569451489
-0.3979400086720376,,1.9237619608287
0.8692317197309762,,1.7193312869837267
-0.3010299956639812,,1.3324384599156054
1.9041743682841632,,3.249736304568833
2.7545776560447304,,3.4039094305333597
0.7634279935629372,,2.243286146083446
-0.0969100130080563,,2.541953474458236
0.041392685158225,,2.2177470732627937
0.8864907251724818,,1.823474229170301
0.3010299956639812,,1.506505032404872
0.041392685158225,,2.2177470732627937
1.2624510897304295,,2.4742162640762557
1.5352941200427703,,2.523486332343228
1.2405492482825995,,2.588159616383092
2.143327129992046,,3.091315159697223
1.0043213737826426,,2.465680211598278
0.5910646070264992,,1.437750562820388
1.3979400086720375,,2.338854746252323
1.1903316981702914,,3.3206447113553983
0.8129133566428556,,2.111598524880394
1.6803355134145632,,3.387389826338729
2.561935763313781,,3.547971508147236
1.94546858513182,,2.759592308645975
1.5634810853944108,,2.5599066250361124
1.6875289612146342,,2.593618308129536
2.573103783163991,,3.548733277598153
1.6483600109809315,,2.411451342137937
1.0606978403536116,,2.595165414790229
1.0606978403536116,,2.731427587050948
1.2068258760318498,,2.059941888061955
1.3159703454569178,,2.6269559514354475
1.3926969532596658,,2.928856533581911
0.414973347970818,,2.806993513682108
0.9684829485539352,,0.380211241711606
0.4771212547196624,,1.4638929889859074
0.9395192526186184,,1.809559714635268
1.99519629159718,,1.7634279935629371
2.8988348380682742,,3.5135238961137456
1.434568904034199,,1.7678976160180906
2.629001619286992,,3.824203960828624
1.6424645202421213,,2.322219294733919
1.155336037465062,,2.4720246977002813
1.1139433523068367,,2.0576661039098294
2.0346284566253203,,3.021478732257527
1.2253092817258628,,2.4340896384178907
2.9003671286564705,,3.4972200027144877
0.4471580313422192,,2.720737977018425
1.8825245379548805,,3.407407901965182
0.505149978319906,,2.3634239329171765
2.182984967003582,,2.8988348380682742
2.228913405994688,,3.0
1.1846914308175989,,1.957128197676813
2.675961549642169,,3.493095406643273
2.4111144185509046,,2.5725230978496376
1.2787536009528289,,2.752509400788843
1.1335389083702174,,0.041392685158225
1.9185545305502736,,2.5768018958289125
0.8388490907372553,,1.7693773260761383
0.7160033436347992,,2.172310968521954
1.3961993470957363,,2.417969642214737
2.629001619286992,,3.824203960828624
1.0606978403536116,,0.146128035678238
1.2201080880400552,,1.8115750058705933
2.243781916093795,,3.149465450995452
2.071882007306125,,2.7307822756663893
1.212187604403958,,3.109139643904016
1.4899584794248346,,2.391640703492388
1.2833012287035497,,2.6553305580093407
2.082066934285113,,3.353781634528817
1.8438554226231607,,2.7493497605974766
0.6020599913279624,,0.724275869600789
1.1931245983544616,,1.88309335857569
1.1430148002540952,,2.467756051244033
1.2013971243204515,,2.004751155591001
0.4313637641589873,,2.121887985103681
1.3521825181113625,,2.82052984852352
1.8733206018153987,,2.933031495102405
1.715167357848458,,2.6597260952377915
0.0791812460476248,,-0.6989700043360187
1.9138138523837167,,2.8901414600645774
1.0374264979406236,,2.946255707199397
1.3502480183341627,,2.574494268285328
1.503790683057181,,2.633165353683903
1.720985744153739,,3.2232102977758625
1.9294189257142929,,2.8578147779710066
0.2787536009528289,,1.2201080880400552
1.7543483357110188,,2.7561033715851053
0.5563025007672873,,2.406199423663313
2.7299742856995555,,3.4271289189525853
1.1846914308175989,,1.957128197676813
0.6532125137753437,,1.911690158753861
2.876448786878341,,3.638998131547949
1.0969100130080565,,2.371806458507416
1.5888317255942073,,1.5670263661590604
1.4548448600085102,,2.827110687466011
0.414973347970818,,0.7323937598229685
1.252853030979893,,2.889077492650064
0.6901960800285137,,1.8904210188009145
2.7849737099544005,,3.446537167073644
1.1072099696478683,,1.740362689494244
1.0453229787866574,,2.3963737275365067
1.4885507165004443,,2.7075701760979363
0.3222192947339193,,1.0293837776852095
1.2787536009528289,,2.194514341882467
1.8350561017201164,,3.538422910925707
1.0086001717619175,,1.7315887651867388
0.3010299956639812,,1.8825245379548805
-1.0,,2.125806458139527
1.967079734144497,,3.222534393381713
1.8312296938670631,,3.315172357208987
2.018284308426531,,3.021354713081423
1.3673559210260189,,2.447468130949756
0.505149978319906,,2.5734518220354854
0.6334684555795865,,1.577491799837225
2.3643633546157306,,3.2581581933407944
0.8388490907372553,,3.32935719413155
1.2787536009528289,,2.3550682063488506
1.3710678622717365,,2.5964871337365443
2.149834696715785,,2.674952948048565
1.1986570869544226,,1.688419822002711
0.8260748027008264,,2.3001605369513523
2.011993114659257,,2.783331762887424
2.3939260065858368,,3.184719815150272
0.9731278535996988,,0.6812412373755872
1.6618126855372612,,2.62746827245971
1.6424645202421213,,2.322219294733919
0.6532125137753437,,1.3979400086720375
1.6866362692622934,,2.682686478249768
0.9912260756924948,,1.9969492484953808
1.230448921378274,,2.6852937813867843
1.2041199826559248,,2.6482624057480444
0.7323937598229685,,1.790988475088816
1.3636119798921444,,3.1235903326066734
0.7993405494535817,,2.394976719554564
0.4313637641589873,,1.5185139398778875
1.3053513694466237,,2.542078146335625
-0.0969100130080563,,1.7435097647284297
1.3096301674258988,,3.0656170557268725
1.9703468762300933,,3.8101249394753607
1.6424645202421213,,3.061452479087193
1.6334684555795864,,3.0709240314761503
1.155336037465062,,2.702171950857711
0.6720978579357175,,0.8325089127062363
1.9795483747040952,,2.482730700079943
1.6374897295125106,,2.06595298031387
2.2143138974244,,3.488719889189165
0.505149978319906,,2.3634239329171765
1.0492180226701815,,3.5611491056953546
1.2013971243204515,,2.081707270097349
1.0569048513364727,,2.36417563277062
2.8490506905695123,,3.4354302515829653
1.503790683057181,,2.633165353683903
1.2988530764097066,,1.1583624920952498
1.9057958803678683,,2.9409644934928
0.5797835966168101,,1.8744818176994664
1.0086001717619175,,1.7315887651867388
1.3010299956639813,,2.1179338350396413
1.9111576087399769,,2.694166295933198
1.9052560487484511,,2.7290027092721902
0.8061799739838872,,2.126131407261984
0.3979400086720376,,1.2833012287035497
3.087994255099714,,3.442855890175056
0.3979400086720376,,1.320146286111054
1.649334858712142,,2.6637951222194074
1.4969296480732148,,2.6816029987308685
2.044147620878723,,2.8702282790117946
-0.3979400086720376,,1.9237619608287
2.250420002308894,,3.108429708423466
0.568201724066995,,1.990782691803138
1.1613680022349748,,2.4456042032735974
1.866287339084195,,3.352394787974109
0.724275869600789,,2.80962704189405
0.6334684555795865,,2.096562438374136
2.1670217957902564,,2.9360107957152097
0.7634279935629372,,1.9503648543761232
1.235528446907549,,2.4781334281005174
0.7923916894982539,,2.1332194567324945
1.3636119798921444,,3.1235903326066734
0.7781512503836436,,0.6532125137753437
1.8609366207000937,,2.285107029566812
1.1583624920952498,,2.625003601014864
1.187520720836463,,3.072286669509892
1.2253092817258628,,2.4340896384178907
1.0718820073061257,,2.35314654621398
0.255272505103306,,1.2278867046136734
0.8260748027008264,,2.4252080511386565
1.7512791039833422,,3.097639015546839
2.11293997608408,,3.095901279225877
1.7007037171450194,,2.369215857410143
1.711807229041191,,2.196452541703389
1.6354837468149122,,3.2595699896435595
0.8325089127062363,,1.8959747323590648
0.5910646070264992,,2.143327129992046
1.3384564936046048,,2.599773939146388
2.006893707947901,,3.2052043639481447
1.9628426812012425,,2.6015167836500104
1.7007037171450194,,3.120310642636462
0.3010299956639812,,2.2931414834509307
1.4456042032735976,,2.3900514964589874
2.0253058652647704,,3.2536529484835643
2.596377143997599,,2.907787443110616
1.1643528557844371,,1.7489628612561614
0.3010299956639812,,2.2931414834509307
2.0729847446279304,,2.563362409486607
0.7781512503836436,,1.9020028913507296
1.1072099696478683,,1.740362689494244
1.7041505168397992,,2.816373888752362
-1.0,,1.3673559210260189
1.0530784434834195,,3.419344333673843
1.2810333672477277,,2.6259294927162946
1.9758911364017928,,3.320935195468595
1.7275412570285564,,2.872039667973286
1.1931245983544616,,1.792391689498254
1.827369273053825,,2.2949069106051923
0.9493900066449128,,2.006466042249232
2.520483532740792,,3.0072782473342445
1.5831987739686226,,1.505149978319906
1.5634810853944108,,2.8120438979302267
-0.0969100130080563,,2.017450729510536
2.004751155591001,,2.182414652434554
1.24551266781415,,3.1346551422776487
0.6812412373755872,,1.745855195173729
1.4941545940184429,,2.748575616930992
1.0253058652647702,,2.527758752520972
0.8864907251724818,,2.1055101847699738
-0.5228787452803376,,1.757396028793024
1.292256071356476,,2.3754807146185724
1.1430148002540952,,2.010299956639812
0.7160033436347992,,1.59659709562646
1.4871383754771863,,2.0870712059065357
2.071513805095089,,3.1892937558856915
0.7634279935629372,,2.1245042248342823
0.5797835966168101,,2.2329961103921536
0.9731278535996988,,1.9068735347220704
1.591064607026499,,2.545801757159276
0.8325089127062363,,1.561101383649056
1.3324384599156054,,2.9926418698783976
0.505149978319906,,2.424064525417488
1.534026106056135,,2.9701608430373136
0.9294189257142929,,1.9867717342662448
0.6334684555795865,,2.587598729721245
0.8750612633917001,,2.450249108319361
1.5327543789924978,,2.5444401373176926
0.9493900066449128,,1.938519725176492
1.0569048513364727,,2.36417563277062
1.3053513694466237,,1.551449997972875
0.255272505103306,,1.7944880466591695
1.1522883443830565,,1.91803033678488
1.7853298350107671,,1.9025467793139912
1.6848453616444126,,2.773786444981193
1.4409090820652175,,3.103666913746792
0.9542425094393248,,1.916453948549925
0.7481880270062004,,3.065206128054312
0.8750612633917001,,3.051808294317091
0.505149978319906,,2.705607163404605
1.6857417386022635,,2.496376054012401
0.9822712330395684,,2.538573733806856
0.3617278360175928,,1.606381365110605
1.3159703454569178,,2.6415732531781755
2.753659647285999,,3.433977733631108
0.5910646070264992,,2.625209525381881
2.1398790864012365,,1.724275869600789
0.7634279935629372,,1.1522883443830565
0.6232492903979004,,1.4683473304121573
1.7024305364455252,,3.4679039465228003
1.0253058652647702,,0.9684829485539352
1.260071387985075,,2.519696767159853
1.9599948383284165,,3.2974322048101694
0.4771212547196624,,2.144574207609616
1.1139433523068367,,2.0576661039098294
1.4969296480732148,,2.537819095073274
0.8325089127062363,,1.8115750058705933
0.9912260756924948,,2.482015576450712
0.7558748556724915,,1.6242820958356683
0.7558748556724915,,1.9084850188786493
0.6334684555795865,,2.11293997608408
2.2664668954402414,,3.4160910519425527
0.7403626894942439,,1.5010592622177514
0.7160033436347992,,1.6857417386022635
0.568201724066995,,1.7902851640332418
1.5211380837040362,,2.2612628687924934
0.568201724066995,,2.317436496535099
1.8325089127062364,,2.6161603128475828
0.146128035678238,,1.725094521081469
1.3159703454569178,,2.3165993020938607
2.1290450598879582,,3.582733614406448
1.3138672203691537,,2.6045500325712614
1.434568904034199,,2.89867034296553
1.639486489268586,,2.939069749923424
1.276461804173244,,1.9689496809813425
1.2430380486862944,,3.017450729510536
0.8450980400142568,,2.2008504980910777
1.8228216453031043,,2.556061159009533
2.064832219738574,,3.1293998361358955
2.610021024664145,,3.794899142149195
1.639486489268586,,2.3306166672944384
1.749736315569061,,2.937718443617264
1.2329961103921538,,2.378397900948137
1.7972675408307164,,2.3525683861793087
2.492061604512599,,3.2998340406458584
0.6989700043360189,,1.3617278360175928
1.1430148002540952,,1.5390760987927767
0.6989700043360189,,2.1489109931093564
1.7339992865383869,,3.1517068570225764
1.606381365110605,,2.2821687783046416
0.3222192947339193,,1.462397997898956
2.038620161949703,,3.001863462692524
2.082426300860772,,3.333104540398589
0.6532125137753437,,1.6580113966571124
2.280805928393667,,3.114110356531892
0.9242792860618816,,2.578180609627778
0.7075701760979364,,1.675778341674085
1.2201080880400552,,3.258517559916453
0.3222192947339193,,2.6225248624035684
1.649334858712142,,2.8228869478341507
1.0128372247051722,,1.6972293427597176
1.611723308007342,,2.84060787900929
2.269979676645324,,3.337339439388419
1.5877109650189114,,1.4393326938302626
1.1430148002540952,,1.8813846567705728
1.9786369483844743,,3.0609621130938325
1.167317334748176,,2.651665603922936
0.5440680443502757,,0.0
0.724275869600789,,1.0374264979406236
1.3710678622717365,,2.5964871337365443
1.3579348470004535,,2.6881527555915663
1.4082399653118496,,2.3136563466180315
0.5440680443502757,,2.020361282647708
1.0293837776852095,,1.4313637641589874
0.9867717342662448,,2.044147620878723
0.4623979978989561,,1.9360107957152093
1.173186268412274,,2.7048366062114035
0.8260748027008264,,3.261453202741811
0.9395192526186184,,2.8184898222042136
1.749736315569061,,3.6157712495713072
2.2895889525425965,,3.5091083925837547
2.011993114659257,,2.783331762887424
1.2787536009528289,,1.3673559210260189
0.8808135922807914,,3.101918833680424
1.4913616938342726,,2.3727279408855955
0.5185139398778874,,1.8208579894397
0.9294189257142929,,1.9867717342662448
1.3636119798921444,,2.1583624920952498
1.7944880466591695,,2.8159760009719856
0.8750612633917001,,1.9969492484953808
1.271841606536499,,2.172310968521954
1.7589118923979734,,2.280350693046006
0.3424226808222063,,2.317018101048112
1.2810333672477277,,2.576341350205793
-0.1549019599857432,,1.2988530764097066
1.0293837776852095,,1.5670263661590604
1.230448921378274,,2.506505032404872
1.0934216851622351,,1.8457180179666584
1.6009728956867482,,3.2951050728098084
1.9057958803678683,,2.9409644934928
1.1398790864012365,,2.342422680822206
0.9912260756924948,,2.2915908256580013
1.3692158574101427,,2.278982116865443
1.0530784434834195,,2.7974752875373343
1.921686475483602,,1.8394780473741985
0.8808135922807914,,2.808075868091307
1.4409090820652175,,3.103666913746792
1.3031960574204888,,0.5314789170422551
1.429752280002408,,2.739414102698696
0.4471580313422192,,1.5378190950732742
0.9493900066449128,,0.8864907251724818
1.385606273598312,,2.1451964061141817
1.802773725291976,,3.0048800072406343
1.9854264740830017,,3.0458703924493604
1.4983105537896004,,2.5650209283452936
1.376576957056512,,3.3561023781133987
1.4409090820652175,,2.534787358629492
1.678518379040114,,3.04867481499223
1.4563660331290431,,2.5532760461371
1.765668554759014,,2.831677849191467
1.7781512503836436,,2.9479236198317262
1.4440447959180762,,2.9733587998863977
1.212187604403958,,2.3727279408855955
0.9822712330395684,,2.538573733806856
1.6739419986340878,,2.436639631692661
2.190051417759206,,4.013974177020916
2.180412632838324,,3.390758528738717
1.5843312243675307,,3.440231936226789
1.4593924877592308,,2.113943352306837
0.6812412373755872,,2.7603470785299065
1.7371926427047373,,2.9120093755869783
2.550717423469283,,3.826411736341379
0.8692317197309762,,2.227629649571009
0.146128035678238,,1.9014583213961125
0.785329835010767,,1.760422483423212
1.1986570869544226,,2.58983794314746
0.5563025007672873,,2.1983821300082944
1.110589710299249,,2.296884475538547
0.9542425094393248,,2.046495164334708
1.24551266781415,,3.216983559382094
0.414973347970818,,2.394801777162711
0.8260748027008264,,1.7275412570285564
1.3944516808262162,,2.4429498695778618
0.3979400086720376,,1.8926510338773004
1.582063362911709,,2.494432898726399
0.9242792860618816,,2.578180609627778
0.6901960800285137,,1.3729120029701063
2.1075491297446862,,2.931610406362962
1.8228216453031043,,2.556061159009533
1.9813655090785445,,3.1878026387184195
1.187520720836463,,2.3113299523037933
1.57287160220048,,2.4742162640762557
1.0128372247051722,,2.771146348814985
2.5608626947274646,,1.867467487859052
0.414973347970818,,1.9503648543761232
0.146128035678238,,1.3996737214810382
0.7634279935629372,,1.130333768495006
0.7323937598229685,,1.5477747053878226
1.1846914308175989,,1.481442628502305
1.8656960599160703,,3.1478308499434595
2.295567099962479,,1.944975908412048
0.2787536009528289,,2.0350292822023683
1.2013971243204515,,2.004751155591001
0.7403626894942439,,1.5010592622177514
0.3617278360175928,,1.4727564493172125
0.6434526764861874,,1.885926339801431
2.90655051910145,,3.5659186217846006
1.4393326938302626,,2.7946971268919985
0.6989700043360189,,2.812646016233119
1.9763499790032737,,3.2850845033352187
1.6201360549737576,,2.751279103983342
1.390935107103379,,2.9639294220265584
2.663700925389648,,3.900132163688871
-0.2218487496163564,,3.550044809564905
-0.6989700043360187,,2.015778756389041
1.9656719712201067,,2.6994908452722046
1.3159703454569178,,2.6269559514354475
1.8260748027008264,,2.4470028984661623
0.2304489213782739,,0.8061799739838872
1.649334858712142,,2.8228869478341507
1.3159703454569178,,3.171960354012677
1.1072099696478683,,2.1319392952104246
1.2988530764097066,,2.0633333589517497
0.9542425094393248,,2.768860000842957
1.0969100130080565,,2.371806458507416
1.271841606536499,,2.172310968521954
1.3159703454569178,,2.365675140455917
1.481442628502305,,3.308329596317398
2.404491617758686,,3.5321681316937004
1.155336037465062,,2.851380667965597
1.1760912590556811,,2.841234295506041
1.0681858617461617,,1.958085848521085
1.0681858617461617,,2.208978517276253
1.3521825181113625,,2.141763230275788
1.2405492482825995,,2.545801757159276
2.9239689648754714,,3.347895693493232
1.998695158311656,,3.779538773870285
2.528016341189202,,2.7441364524012477
1.0969100130080565,,2.659440781870318
2.239049093140192,,1.9854264740830017
0.7160033436347992,,2.402433346219312
2.018284308426531,,3.021354713081423
0.3222192947339193,,1.6522463410033232
2.184123354239671,,2.867408556522791
1.7201593034059568,,2.9215304135012423
0.8864907251724818,,1.823474229170301
1.021189299069938,,1.8739015978644613
1.5932860670204574,,3.0711452904510828
1.561101383649056,,2.8555191556678
1.2041199826559248,,2.681693392004564
2.093421685162235,,2.8852481077813863
1.5831987739686226,,1.505149978319906
1.403120521175818,,3.208521972931434
1.5211380837040362,,2.79000352039049
1.235528446907549,,2.325104982971407
0.2787536009528289,,1.974971994298069
-0.1549019599857432,,1.9222062774390165
1.0644579892269184,,2.008600171761917
2.1020905255118367,,2.145817714491828
1.404833716619938,,3.0800850850458694
1.1271047983648077,,2.781324455666988
1.413299764081252,,2.775974331129369
1.714329759745233,,2.419625360887743
1.6294095991027189,,3.109477300958736
1.0863598306747482,,2.345765693114488
1.5440680443502757,,2.300812794118117
0.7160033436347992,,2.760120785264568
0.6901960800285137,,2.710540447933297
1.1846914308175989,,2.387033701282363
1.2253092817258628,,2.5179872030250783
1.4563660331290431,,2.8138477542288545
2.2143138974244,,3.488719889189165
0.7323937598229685,,2.894426837964188
2.041392685158225,,3.02428037604708
0.7558748556724915,,2.071882007306125
1.6354837468149122,,2.27207378750001
1.404833716619938,,2.667733052533267
1.606381365110605,,3.1158766642684443
-0.5228787452803376,,2.906281155772153
1.530199698203082,,3.43123506524505
0.8864907251724818,,1.4548448600085102
0.5440680443502757,,1.1205739312058498
1.3180633349627615,,1.711807229041191
2.464638559095033,,3.4950306506163518
1.81424759573192,,2.693990610460777
1.4281347940287887,,2.414639146737009
1.383815365980431,,1.4517864355242902
1.4578818967339924,,2.822168079368017
1.4608978427565478,,2.808481056565951
1.385606273598312,,2.1451964061141817
2.509336958017644,,3.340404451432456
1.0,,3.155305666159626
0.8976270912904415,,2.4875625602563782
1.8195439355418688,,3.0921238692442508
1.5763413502057928,,2.610979379922997
0.8633228601204559,,1.91539983521227
1.8344207036815323,,1.8656960599160703
1.3424226808222062,,2.750199727829182
1.3096301674258988,,2.7596678446896306
0.5185139398778874,,0.8061799739838872
1.24551266781415,,2.6266482684740105
1.0492180226701815,,2.039017321997412
0.7993405494535817,,2.931457870689005
0.7634279935629372,,1.2671717284030135
0.8692317197309762,,0.8388490907372553
1.2430380486862944,,1.910090545594068
2.2664668954402414,,3.4160910519425527
1.9003671286564705,,2.9207492612757084
1.1958996524092338,,2.857995495560924
0.3222192947339193,,2.917663024327375
2.502700175310563,,3.941481617344491
1.3424226808222062,,2.534787358629492
1.5378190950732742,,2.2657609167176105
1.0413926851582251,,2.70816585785554
0.8750612633917001,,2.4265112613645754
1.021189299069938,,2.3161800988934527
1.1072099696478683,,1.9041743682841632
0.9138138523837168,,2.325515663363148
0.9493900066449128,,2.477555332198981
1.0606978403536116,,2.7370335313338776
2.087426457036285,,2.640282629696681
2.455910240382743,,3.3801207542684404
1.0128372247051722,,2.567731962548069
1.6148972160331343,,2.301897717195208
1.021189299069938,,2.313234291694724
1.925312091499649,,2.717087724927019
1.8561244442423004,,2.8988896559265864
0.3979400086720376,,3.180928319993991
0.7403626894942439,,2.2935835134961167
0.9912260756924948,,1.8704039052790271
0.8388490907372553,,1.8407332346118068
1.7126497016272113,,2.7905666251460763
0.6434526764861874,,1.6190933306267428
0.6020599913279624,,1.1398790864012365
0.5563025007672873,,2.457124626303409
1.24551266781415,,2.587935348636356
1.1643528557844371,,1.7489628612561614
1.8733206018153987,,3.0757293997408985
0.568201724066995,,2.317436496535099
1.678518379040114,,2.591954555046736
0.505149978319906,,0.9912260756924948
0.1760912590556812,,1.1818435879447726
0.2787536009528289,,1.0086001717619175
1.1789769472931697,,2.533136288278639
0.4313637641589873,,0.9242792860618816
1.4313637641589874,,3.3871405694653007
1.7218106152125463,,2.9279346817411795
1.3364597338485296,,2.409425868671444
1.7032913781186614,,2.7046651854545294
0.7481880270062004,,3.065206128054312
1.0791812460476249,,2.7943486038960827
1.4653828514484182,,3.1286254048759505
1.5954962218255742,,3.295171106790104
1.021189299069938,,2.8055008581584
2.0770043267933502,,3.334815512506212
1.021189299069938,,2.355834495884936
1.1430148002540952,,2.010299956639812
2.0346284566253203,,3.021478732257527
2.7849737099544005,,3.446537167073644
1.413299764081252,,3.058995093525416
1.73559889969818,,2.8184238550920786
0.5910646070264992,,0.4913616938342727
2.31260043926126,,3.847085037995664
1.9854264740830017,,3.0458703924493604
-0.5228787452803376,,2.6996643202023733
1.0293837776852095,,1.8388490907372552
1.271841606536499,,3.248046869358661
1.7596678446896306,,2.548512256341036
0.6127838567197355,,2.167317334748176
1.4065401804339552,,2.220631019448092
1.0086001717619175,,1.6857417386022635
0.9822712330395684,,2.668944734457734
1.8109042806687004,,2.1248301494138597
0.9294189257142929,,2.967547976218862
1.6304278750250238,,1.515873843711679
1.3138672203691537,,2.504198918539445
2.29754166781816,,3.6110431951434334
1.0492180226701815,,2.530199698203082
1.4517864355242902,,2.128722284338427
0.7781512503836436,,0.6532125137753437
0.5440680443502757,,2.0895518828864543
1.3384564936046048,,2.5174598265402324
1.1238516409670858,,3.093561757565289
1.0334237554869496,,2.7557986569738304
2.193958978019187,,3.035709837827862
1.4409090820652175,,2.5532760461371
1.484299839346786,,1.209515014542631
0.146128035678238,,1.3729120029701063
1.3502480183341627,,3.438969313737987
1.977723605288848,,3.409848622021192
1.24551266781415,,2.6266482684740105
0.414973347970818,,2.394801777162711
1.7678976160180906,,3.227398169873655
0.9822712330395684,,2.281260687055013
1.5092025223311027,,2.791620482692814
1.5563025007672873,,2.514547752660286
0.8061799739838872,,1.6263403673750425
1.5634810853944108,,2.5599066250361124
1.3180633349627615,,1.8280150642239767
0.7160033436347992,,2.760120785264568
0.8864907251724818,,2.4650852875574327
1.429752280002408,,2.739414102698696
0.6989700043360189,,2.1489109931093564
1.2810333672477277,,2.009450895798694
2.166726055580052,,3.150510832907968
1.8808135922807911,,2.578524605274993
0.6901960800285137,,1.9273703630390235
0.6901960800285137,,2.093421685162235
0.7634279935629372,,2.153509989300838
1.3159703454569178,,2.1489109931093564
1.808885867359812,,2.8949802909279687
0.9030899869919436,,0.505149978319906
-0.3010299956639812,,1.6963563887333322
0.7708520116421442,,1.808885867359812
1.6434526764861874,,3.1961208925983806
1.0530784434834195,,3.419344333673843
1.534026106056135,,0.9242792860618816
0.5797835966168101,,2.115277591395901
0.8325089127062363,,2.4353665066126613
0.2304489213782739,,1.847572659142112
1.136720567156407,,1.9836262871245345
0.6127838567197355,,1.60422605308447
0.6434526764861874,,2.278524964737018
1.0718820073061257,,2.584783378996508
2.180412632838324,,3.390758528738717
0.7481880270062004,,3.065206128054312
0.380211241711606,,1.7881683711411678
1.5526682161121932,,3.139217700137586
1.2405492482825995,,2.6920533650340808
0.5910646070264992,,2.143327129992046
1.100370545117563,,1.1986570869544226
0.4313637641589873,,2.9550139030380502
0.2787536009528289,,3.1436392352745437
2.5358002908248976,,3.446304113951924
1.667452952889954,,3.556796832486183
1.5740312677277188,,2.3613500243522663
1.81424759573192,,2.693990610460777
0.785329835010767,,1.8668778143374989
0.8633228601204559,,1.952792443044092
0.6720978579357175,,3.1252209363165644
1.7275412570285564,,2.6942541120252783
1.0293837776852095,,2.835690571492425
1.5250448070368452,,2.605628222007619
1.8762178405916423,,2.9215824403934163
1.5634810853944108,,0.8260748027008264
1.8887409606828929,,2.53832233323144
0.7403626894942439,,1.639486489268586
1.6374897295125106,,3.040681439373358
1.307496037913213,,2.600755149639618
1.3979400086720375,,2.475816413031318
0.6720978579357175,,1.7427251313046983
1.1903316981702914,,2.8394780473741985
1.3031960574204888,,0.5314789170422551
1.9698816437465,,2.926753905189737
1.4440447959180762,,2.9733587998863977
2.0346284566253203,,3.021478732257527
2.0692980121155293,,3.11374286242935
1.4969296480732148,,2.237040791379191
0.5314789170422551,,1.6503075231319364
1.14921911265538,,2.5930644316587177
1.2227164711475833,,3.0100454126360985
2.2550311633455515,,3.2152937981865137
1.1846914308175989,,2.238297067875394
0.380211241711606,,1.1271047983648077
1.403120521175818,,2.8194781283621224
0.8129133566428556,,2.111598524880394
1.8149131812750736,,2.5232260419657013
1.611723308007342,,3.5133108434738616
2.1583624920952498,,3.259426626587052
1.24551266781415,,2.877716800864977
1.187520720836463,,1.3873898263387294
0.255272505103306,,1.8591382972945307
1.3996737214810382,,2.0751818546186915
0.6720978579357175,,2.1809855807867304
0.9590413923210936,,1.8175653695597809
1.1335389083702174,,2.069668096911596
0.6720978579357175,,1.5024271199844328
0.7781512503836436,,2.757168192214273
0.4313637641589873,,2.121887985103681
0.8388490907372553,,2.0461047872460387
1.1072099696478683,,2.73870130043471
1.5526682161121932,,2.009450895798694
0.724275869600789,,2.0
1.6424645202421213,,2.510276844417355
1.8325089127062364,,2.6161603128475828
1.3364597338485296,,2.5284024379536176
1.3096301674258988,,3.0656170557268725
1.998695158311656,,3.779538773870285
0.7558748556724915,,2.4192947217534604
1.1931245983544616,,1.7596678446896306
0.9912260756924948,,1.3673559210260189
1.021189299069938,,2.3161800988934527
0.9242792860618816,,1.4487063199050798
1.9854264740830017,,2.8035253955765325
0.9590413923210936,,0.8573324964312685
1.2201080880400552,,1.980911937776844
1.5145477526602862,,2.9336391125249253
0.5440680443502757,,2.3857849588433355
1.2405492482825995,,2.9361114316748544
2.856608068436936,,3.4761647543228253
1.2648178230095364,,2.0318122713303706
1.7275412570285564,,2.6942541120252783
0.9912260756924948,,1.7986506454452689
-0.6989700043360187,,2.9085922388475693
1.5378190950732742,,2.913601949729157
0.7993405494535817,,1.81424759573192
0.505149978319906,,0.9912260756924948
2.0310042813635367,,2.4212747912103465
2.7849737099544005,,3.446537167073644
1.8591382972945307,,2.6610550848533787
1.951823035315912,,2.934649922900711
0.8061799739838872,,2.8663464227496016
2.550105999347593,,3.4837584137882485
0.505149978319906,,2.3634239329171765
1.4065401804339552,,3.047430640155542
0.785329835010767,,1.8668778143374989
0.724275869600789,,1.2787536009528289
0.6812412373755872,,1.745855195173729
1.0374264979406236,,3.1268130100415528
0.8633228601204559,,2.517591730711908
1.2576785748691846,,2.3774883833761327
1.0043213737826426,,2.569373909615046
0.3617278360175928,,1.4727564493172125
1.4265112613645752,,2.5240064455573723
1.359835482339888,,3.611500263354792
0.4313637641589873,,2.8178957571617955
1.0,,2.8544882250444306
0.0,,0.8864907251724818
1.6148972160331343,,2.561101383649056
1.404833716619938,,2.3308194664958366
2.137670537236755,,2.9540011676815703
2.399673721481038,,2.619719265611727
1.8573324964312683,,2.6500159524718385
1.5327543789924978,,2.570192561095726
0.9731278535996988,,2.38147609027503
1.0492180226701815,,2.530199698203082
0.380211241711606,,1.4199557484897578
1.824125833916549,,2.719993826367604
1.250420002308894,,2.6462076122066853
1.4742162640762553,,1.9995654882259823
1.2405492482825995,,1.9169800473203824
0.6232492903979004,,2.219060332448861
2.833848049531148,,3.5233562066547925
1.0,,2.121559844187501
0.1760912590556812,,1.271841606536499
1.0128372247051722,,2.771146348814985
0.2041199826559248,,2.141763230275788
0.255272505103306,,2.119585774961784
2.2895889525425965,,3.5091083925837547
2.5676144427308447,,4.015141715036791
1.5987905067631152,,3.1715509456767457
0.7993405494535817,,2.394976719554564
0.8061799739838872,,1.3502480183341627
1.155336037465062,,2.4720246977002813
2.137670537236755,,2.9540011676815703
0.5910646070264992,,2.7655195430979527
1.4199557484897578,,2.6483600109809315
2.509336958017644,,3.340404451432456
1.7895807121644254,,2.7792356316758635
0.7781512503836436,,1.6009728956867482
0.6720978579357175,,0.8325089127062363
2.155336037465062,,2.5650209283452936
1.3304137733491908,,2.113609151073028
1.4313637641589874,,2.133538908370217
0.2787536009528289,,3.1436392352745437
0.8061799739838872,,2.371990911464915
0.2304489213782739,,0.8061799739838872
1.9479236198317265,,2.326335860928751
1.6190933306267428,,3.347895693493232
1.5634810853944108,,2.669037800885156
1.7781512503836436,,2.9479236198317262
0.3010299956639812,,2.113609151073028
1.4828735836087537,,2.481442628502305
1.1931245983544616,,2.610234175334389
1.260071387985075,,2.039414119176137
0.7634279935629372,,2.153509989300838
1.0492180226701815,,2.039017321997412
0.8388490907372553,,2.0453229787866576
1.1335389083702174,,1.6020599913279625
0.3979400086720376,,1.9768083373380665
1.7084209001347128,,2.633468455579586
1.0755469613925308,,1.7895807121644254
1.6020599913279625,,2.4915017662373264
1.8293037728310249,,2.4650852875574327
0.6020599913279624,,2.665017825412473
1.7965743332104296,,2.65571454961871
1.1931245983544616,,2.6484575942825224
1.1335389083702174,,1.6020599913279625
0.7993405494535817,,3.073168262265101
1.0334237554869496,,1.9698816437465
0.6812412373755872,,3.0792536224300777
2.144885418287142,,1.9849771264154936
1.9138138523837167,,2.8901414600645774
2.3827372657613304,,3.3861956561205666
0.7708520116421442,,2.544316141747428
1.3944516808262162,,2.4429498695778618
1.714329759745233,,2.671172842715084
1.9400181550076632,,2.432327792261604
1.1613680022349748,,2.243781916093795
0.7708520116421442,,1.3263358609287514
1.57978359661681,,2.590953235187986
1.1139433523068367,,1.599883072073688
1.1335389083702174,,2.069668096911596
0.7923916894982539,,2.241048150671644
1.1702617153949575,,1.8221680793680173
0.568201724066995,,2.0132586652835167
2.2739267801005254,,3.5351928150546965
-0.5228787452803376,,2.6996643202023733
-0.3010299956639812,,2.5179872030250783
1.021189299069938,,2.8055008581584
2.7734938922709707,,3.873831919363592
1.4899584794248346,,2.753046561626529
0.9138138523837168,,1.423245873936808
1.173186268412274,,2.2915908256580013
0.5910646070264992,,2.143327129992046
1.1398790864012365,,2.303412070596742
1.6263403673750425,,2.3296012483565187
1.1172712956557642,,1.9995654882259823
1.4828735836087537,,1.8444771757456817
1.8115750058705933,,3.2553690042664414
1.0755469613925308,,1.838219221907626
1.173186268412274,,2.2915908256580013
0.8061799739838872,,2.371990911464915
1.8293037728310249,,3.0645328611315783
1.4871383754771863,,1.380211241711606
1.0086001717619175,,1.6857417386022635
1.0718820073061257,,2.6989700043360187
2.798650645445269,,3.643630306079753
0.6020599913279624,,1.1398790864012365
1.9854264740830017,,3.0458703924493604
1.2966651902615312,,2.09377178149873
0.5185139398778874,,2.838849090737255
1.5740312677277188,,2.3613500243522663
1.0492180226701815,,2.1728946977521764
1.2810333672477277,,2.576341350205793
2.550105999347593,,3.4837584137882485
1.1613680022349748,,0.8061799739838872
2.184123354239671,,3.4919776747641684
1.591064607026499,,2.545801757159276
1.667452952889954,,3.556796832486183
0.0,,1.5932860670204574
0.9777236052888476,,2.214578953570499
0.041392685158225,,1.3692158574101427
1.714329759745233,,2.419625360887743
0.6020599913279624,,2.2140486794119414
1.390935107103379,,3.354242934309549
1.2227164711475833,,2.3727279408855955
1.235528446907549,,2.277609214304092
1.390935107103379,,2.9639294220265584
2.8136476953468965,,3.790116199766332
0.6127838567197355,,1.3944516808262162
1.7715874808812553,,1.833784374656479
0.7160033436347992,,1.7075701760979365
1.1986570869544226,,2.58983794314746
1.3283796034387378,,2.954628377507271
-0.3010299956639812,,1.8280150642239767
2.674677467873199,,3.526791432018821
1.0334237554869496,,2.082426300860772
0.6127838567197355,,2.759290033024304
1.0569048513364727,,2.528016341189202
0.505149978319906,,2.705607163404605
0.1760912590556812,,1.6875289612146342
1.3654879848908996,,3.05403821068487
2.031408464251624,,2.8191489428071344
1.6020599913279625,,3.278799313755556
1.8115750058705933,,3.2553690042664414
1.6009728956867482,,3.2951050728098084
1.0492180226701815,,2.5658478186735176
1.2174839442139065,,2.8558824300360355
1.403120521175818,,2.8194781283621224
0.9493900066449128,,2.006466042249232
0.9084850188786496,,1.2576785748691846
1.60422605308447,,3.090892625710363
1.6127838567197357,,2.908270499495724
0.3222192947339193,,2.917663024327375
1.260071387985075,,2.519696767159853
0.4913616938342727,,1.8591382972945307
0.9777236052888476,,2.799478398837981
0.1139433523068367,,2.076640443670342
0.3222192947339193,,2.2427898094786767
0.9395192526186184,,3.5149194664903174
1.911690158753861,,2.7685641095135733
0.7403626894942439,,1.506505032404872
0.6020599913279624,,1.167317334748176
1.8898617212581883,,3.0822107166012427
1.749736315569061,,3.6157712495713072
2.7083359026822635,,3.435732912484542
1.6730209071288962,,2.821316970591097
2.077731179652392,,2.6768764319731373
0.8388490907372553,,2.0461047872460387
0.2787536009528289,,1.2201080880400552
1.2174839442139065,,2.421439390220049
0.8633228601204559,,1.91539983521227
0.7323937598229685,,2.930949031167523
1.5563025007672873,,1.9143431571194407
-0.3979400086720376,,1.824125833916549
1.7331972651065697,,2.698448538015329
0.7160033436347992,,2.101059354908116
0.1760912590556812,,1.2201080880400552
1.230448921378274,,2.6061663146076204
1.7528164311882717,,2.66228551572213
1.8561244442423004,,2.8988896559265864
0.380211241711606,,2.385069776331935
1.2253092817258628,,2.5546102852261643
0.9912260756924948,,1.3673559210260189
1.9232440186302764,,2.9239689648754714
0.9344984512435676,,1.8668778143374989
1.8068580295188177,,2.878866336956725
1.424881636631067,,1.8727388274726688
1.7965743332104296,,2.65571454961871
0.7923916894982539,,2.339053735709139
0.6020599913279624,,1.1398790864012365
0.5910646070264992,,2.143327129992046
0.9912260756924948,,1.861534410859038
0.3979400086720376,,-0.3979400086720376
1.3996737214810382,,2.2174839442139063
1.6020599913279625,,3.278799313755556
1.9479236198317265,,2.326335860928751
1.4756711883244296,,2.460296326757476
0.724275869600789,,0.8129133566428556
2.8120438979302267,,3.438668900686737
1.730782275666389,,2.515476441382376
1.534026106056135,,1.6794278966121188
1.7363965022766426,,2.6983615660551097
1.380211241711606,,2.287801729930226
1.173186268412274,,2.53567380342575
1.7024305364455252,,3.4679039465228003
2.287129620719111,,2.801678059035893
1.0334237554869496,,1.3747483460101038
0.9637878273455552,,2.310268366632448
0.2787536009528289,,1.7387805584843692
1.0,,2.8544882250444306
1.4014005407815442,,2.7388598020722004
0.5314789170422551,,2.9045532629767727
2.141763230275788,,3.1398476146463112
0.7323937598229685,,1.513217600067939
1.1398790864012365,,1.7972675408307164
1.167317334748176,,1.6618126855372612
1.899820502427096,,2.628695382714023
1.7427251313046983,,2.9372168908627057
0.9344984512435676,,1.2624510897304295
0.505149978319906,,1.864511081058392
1.9576072870600951,,3.163399932786864
0.4771212547196624,,1.4638929889859074
0.6627578316815741,,2.3988077302032647
0.7075701760979364,,2.1082266563749283
2.392169149489736,,3.3675236418690195
1.4941545940184429,,2.3925210899319325
0.5910646070264992,,2.019116290447073
1.0718820073061257,,2.2352758766870524
1.4885507165004443,,1.958085848521085
-0.3979400086720376,,1.863322860120456
2.535547279176668,,2.414639146737009
1.3483048630481609,,3.043087072166329
1.212187604403958,,2.656002320682957
1.403120521175818,,2.329397879361043
1.2810333672477277,,2.521007252408604
1.6354837468149122,,3.2595699896435595
0.5563025007672873,,1.899273187317604
2.1264561134318045,,2.738066714777469
1.212187604403958,,1.3053513694466237
0.6901960800285137,,2.3242824552976926
1.0644579892269184,,3.316620251635936
0.9294189257142929,,1.790988475088816
0.8750612633917001,,1.9969492484953808
1.294466226161593,,1.967547976218862
1.2741578492636798,,2.515078675075922
1.4409090820652175,,3.103666913746792
1.3117538610557542,,2.189770956346874
1.4983105537896004,,2.657151501900967
1.734799829588847,,2.386855529184724
1.403120521175818,,3.253531843527005
1.6646419755561257,,2.6009728956867484
0.9344984512435676,,1.9350031514536548
0.6334684555795865,,3.297147471801269
1.1072099696478683,,2.719579857713723
1.9982593384236984,,2.3564083270389813
1.089905111439398,,1.81888541459401
0.4313637641589873,,2.535167485114944
1.3443922736851108,,2.542451947375977
1.260071387985075,,2.039414119176137
0.9542425094393248,,3.139154658406904
0.6532125137753437,,1.4969296480732148
0.568201724066995,,1.4424797690644486
0.5563025007672873,,3.035389709198677
1.0334237554869496,,1.167317334748176
0.6334684555795865,,2.4396484295634737
1.2430380486862944,,1.9138138523837167
2.452246574520437,,3.3931714288368897
1.6599162000698502,,2.337459261290656
1.0934216851622351,,2.8202671571609645
0.2787536009528289,,1.8785217955012063
-0.0457574905606751,,2.460897842756548
1.0170333392987805,,2.037824750588342
1.6857417386022635,,2.496376054012401
1.8481891169913989,,3.077149794716969
2.329804522164069,,2.9512889372776723
1.0170333392987805,,2.422917980767662
1.765668554759014,,2.4930395883176515
1.4199557484897578,,3.0280015793468578
0.7160033436347992,,2.6769678142947586
1.08278537031645,,2.052693941924968
1.0606978403536116,,2.2137832993353044
1.3729120029701063,,1.4653828514484182
1.0086001717619175,,1.6857417386022635
0.3010299956639812,,1.5987905067631152
1.899820502427096,,2.628695382714023
0.2787536009528289,,1.9768083373380665
0.4623979978989561,,1.9360107957152093
1.380211241711606,,3.05157695847254
1.1335389083702174,,1.9978230807457256
1.359835482339888,,3.611500263354792
1.230448921378274,,2.506505032404872
1.813580988568192,,3.128205343962674
2.6852937813867843,,2.7797407511767407
2.9968617684906733,,3.5974648171576877
1.1931245983544616,,1.8709888137605752
0.255272505103306,,2.154119525515847
1.404833716619938,,3.4550124501002544
1.1430148002540952,,2.076276255404218
1.530199698203082,,3.43123506524505
0.380211241711606,,1.0374264979406236
1.6263403673750425,,2.971878617026266
2.277150613963797,,3.438874468906445
2.674677467873199,,3.526791432018821
0.5440680443502757,,2.041392685158225
1.130333768495006,,3.09321149181366
2.097604328874411,,2.232742062720737
1.14921911265538,,2.5930644316587177
0.3010299956639812,,2.3643633546157306
1.130333768495006,,2.1344958558346736
1.0453229787866574,,1.5705429398818975
2.52270499273475,,3.020816887028907
0.5910646070264992,,1.8115750058705933
1.1903316981702914,,2.8394780473741985
2.1631613749770184,,2.598133645813238
0.7481880270062004,,3.065206128054312
1.0170333392987805,,2.7085908451503435
2.245265839457461,,3.1204093945560687
0.6020599913279624,,2.455606112581867
1.7201593034059568,,2.2121876044039577
0.6020599913279624,,2.665017825412473
1.745855195173729,,3.627898155557663
1.9273703630390235,,3.092650478356795
1.808210972924222,,2.893817223967463
2.473924693416157,,3.270911639410482
1.390935107103379,,3.236612828199769
1.4313637641589874,,3.3871405694653007
0.785329835010767,,1.3180633349627615
0.8750612633917001,,2.369030221809153
0.7403626894942439,,1.3031960574204888
1.2148438480476975,,2.281941933440825
0.8512583487190752,,0.7403626894942439
0.3424226808222063,,0.8692317197309762
0.6334684555795865,,2.372175286115064
1.4183012913197457,,3.452614335023878
1.212187604403958,,2.656002320682957
1.0934216851622351,,1.8457180179666584
1.252853030979893,,2.0318122713303706
1.54282542695918,,1.8987251815894937
0.7558748556724915,,2.967313918287084
1.130333768495006,,2.100370545117563
1.0492180226701815,,2.6697816152085365
2.193958978019187,,3.035709837827862
2.399327532158679,,3.3848728944929207
0.9294189257142929,,1.846337112129805
1.0606978403536116,,2.116275587580544
1.7481880270062005,,2.2933625547114453
2.011993114659257,,2.783331762887424
0.8388490907372553,,1.954242509439325
2.1149444157125847,,2.55303301620244
0.4471580313422192,,2.720737977018425
1.4771212547196624,,2.3560258571931225
2.1149444157125847,,2.55303301620244
0.7708520116421442,,2.061452479087193
2.761777537508178,,3.988875421715144
2.31260043926126,,3.847085037995664
1.515873843711679,,3.4939318217735464
1.0453229787866574,,2.352953911710088
0.5797835966168101,,1.7611758131557314
1.1789769472931697,,2.098643725817057
2.63558426631123,,3.448257884196469
1.1139433523068367,,1.3579348470004535
1.437750562820388,,2.537441283407948
0.0,,1.5599066250361124
1.383815365980431,,2.627058464000989
1.4653828514484182,,2.9950645341561417
1.1986570869544226,,2.7233735670189843
1.611723308007342,,2.738225448142505
0.6020599913279624,,1.765668554759014
0.8692317197309762,,0.8388490907372553
0.6127838567197355,,2.298634783124436
1.1335389083702174,,0.041392685158225
2.0770043267933502,,2.474507639116976
0.2787536009528289,,1.9768083373380665
1.0606978403536116,,2.2137832993353044
1.100370545117563,,2.64018319192134
0.8325089127062363,,1.8312296938670631
1.4727564493172125,,2.734799829588847
0.041392685158225,,1.3692158574101427
0.6127838567197355,,1.586587304671755
-0.5228787452803376,,1.4955443375464486
0.8061799739838872,,2.686546899063006
1.6374897295125106,,2.671728088239558
1.606381365110605,,3.1158766642684443
1.2253092817258628,,1.8948696567452523
1.3443922736851108,,3.013174409878867
-1.0,,1.1818435879447726
2.754348335711019,,3.5058280338548364
0.9344984512435676,,1.9289076902439528
1.0606978403536116,,1.756636108245848
1.6190933306267428,,2.483729899000024
1.307496037913213,,2.782902405974645
2.7905666251460763,,3.0656917280932707
1.9614210940664485,,2.7825442840100103
0.041392685158225,,0.4471580313422192
1.3324384599156054,,3.2921895926234988
1.271841606536499,,2.756560043006683
0.414973347970818,,1.8375884382355112
1.2405492482825995,,1.0755469613925308
1.404833716619938,,3.5278360451647086
2.0,,3.4127796408202964
0.724275869600789,,1.2787536009528289
1.6354837468149122,,3.2595699896435595
1.173186268412274,,2.2915908256580013
1.797959643737196,,2.175801632848279
1.6998377258672457,,2.4784221877400805
2.2814878879400813,,3.384675923359566
0.3010299956639812,,2.113609151073028
1.5634810853944108,,0.8260748027008264
2.472171146692363,,3.3898745583909853
2.2380461031287955,,3.357553719743082
0.6334684555795865,,2.4396484295634737
1.2253092817258628,,1.8948696567452523
1.1986570869544226,,0.9637878273455552
2.1749315935284423,,3.049218022670181
1.4313637641589874,,3.3871405694653007
0.7323937598229685,,2.3763944420372662
1.7611758131557314,,2.3988077302032647
1.7888751157754168,,2.3016809492935764
0.2041199826559248,,2.141763230275788
1.7520484478194385,,3.008344629252689
0.6334684555795865,,2.769820257763592
-0.0969100130080563,,0.146128035678238
2.6716355966021297,,3.4689968090596017
0.724275869600789,,1.2787536009528289
0.0791812460476248,,1.857935264719429
0.9731278535996988,,2.38147609027503
1.380211241711606,,2.3592661646067485
1.3783979009481375,,2.785543369956593
1.0086001717619175,,2.1072099696478683
1.1335389083702174,,1.994756944587628
0.6720978579357175,,1.9969492484953808
1.436162647040756,,2.7735670489260587
0.8129133566428556,,3.100439475279108
1.3096301674258988,,2.7596678446896306
2.663700925389648,,3.900132163688871
0.6020599913279624,,1.765668554759014
0.9395192526186184,,1.884795363948981
2.2060158767633444,,3.3681752745493765
1.9566485792052035,,3.36087729710204
1.3222192947339193,,2.485153349903652
1.4099331233312946,,3.3618033589256875
1.390935107103379,,2.9639294220265584
2.833848049531148,,3.5233562066547925
0.9731278535996988,,2.021602716028242
0.7481880270062004,,1.3579348470004535
1.4771212547196624,,2.4614985267830187
1.5211380837040362,,3.0
1.2695129442179165,,2.907733736997656
0.7403626894942439,,1.1613680022349748
1.0374264979406236,,2.216957207361097
2.2739267801005254,,3.5351928150546965
0.3010299956639812,,2.113609151073028
1.730782275666389,,3.101368963249252
1.2576785748691846,,2.3165993020938607
-0.0969100130080563,,1.7435097647284297
1.413299764081252,,2.13640344813399
0.4771212547196624,,1.2405492482825995
2.4622482153549976,,3.080770746840722
0.9084850188786496,,2.284881714655453
1.2741578492636798,,2.074450718954591
0.4471580313422192,,1.08278537031645
1.0334237554869496,,1.0569048513364727
1.9268567089496924,,3.2152937981865137
0.041392685158225,,1.7226339225338123
1.4329692908744058,,2.498172660636544
0.4313637641589873,,1.5185139398778875
0.9542425094393248,,2.4163075870598827
0.4471580313422192,,2.068556895072363
1.5740312677277188,,3.1052376007460225
0.7075701760979364,,2.311541958401195
1.307496037913213,,3.0542682395471874
1.9938769149412112,,3.1564582852404564
1.7275412570285564,,2.872039667973286
0.5440680443502757,,1.8195439355418688
2.924020700474068,,3.5381840008582675
0.505149978319906,,2.346157302232008
0.7708520116421442,,1.808885867359812
0.255272505103306,,1.484299839346786
0.041392685158225,,2.137037454789513
1.649334858712142,,2.8228869478341507
0.7403626894942439,,2.3416323357780544
0.9777236052888476,,2.214578953570499
1.749736315569061,,3.6157712495713072
1.4828735836087537,,1.8444771757456817
0.5797835966168101,,1.7283537820212285
0.5185139398778874,,2.7415455167762093
0.8692317197309762,,0.5563025007672873
0.8808135922807914,,1.5327543789924978
1.795184589682424,,2.570893036218392
0.9912260756924948,,1.9969492484953808
1.6803355134145632,,3.387389826338729
0.5563025007672873,,2.406199423663313
1.3159703454569178,,2.5621738633646483
1.08278537031645,,1.5198279937757189
2.037426497940624,,2.4470028984661623
1.9618954736678504,,2.7813963051967905
0.7323937598229685,,2.894426837964188
2.4111144185509046,,2.5725230978496376
1.4969296480732148,,2.433289685195026
1.255272505103306,,3.0510366951412133
1.1760912590556811,,2.404491617758686
2.193958978019187,,3.035709837827862
0.6901960800285137,,2.295127085252191
1.3364597338485296,,2.409425868671444
1.1643528557844371,,2.040602340114073
1.403120521175818,,2.4072208929273966
1.380211241711606,,2.101059354908116
1.7058637122839193,,2.2935835134961167
2.2008504980910777,,3.10595276923698
-0.0969100130080563,,0.146128035678238
1.6483600109809315,,3.6068863150270873
1.678518379040114,,3.04867481499223
0.9731278535996988,,2.38147609027503
1.100370545117563,,2.428944290035574
0.9242792860618816,,1.3729120029701063
2.0453229787866576,,2.5190400386483445
1.2430380486862944,,3.017450729510536
1.380211241711606,,2.4530123911214554
0.9242792860618816,,1.7737864449811935
0.6901960800285137,,1.9273703630390235
1.9283958522567133,,3.6117870140165858
0.6127838567197355,,1.1238516409670858
1.0969100130080565,,2.588159616383092
1.5740312677277188,,3.1052376007460225
1.783903579272735,,3.0994043723455422
1.167317334748176,,1.6618126855372612
2.006893707947901,,2.902546779313991
1.173186268412274,,1.82020145948564
2.332034277027518,,1.899820502427096
1.2227164711475833,,3.0100454126360985
0.8388490907372553,,2.9824973691977124
1.829946695941636,,2.926959488380276
0.9030899869919436,,1.91803033678488
1.8943160626844384,,3.150080686233493
0.3010299956639812,,0.9867717342662448
0.414973347970818,,2.394801777162711
1.146128035678238,,2.1386184338994925
1.3673559210260189,,2.447468130949756
1.8481891169913989,,3.077149794716969
1.9595183769729985,,3.454173852177724
1.7520484478194385,,3.008344629252689
1.3364597338485296,,2.144262773761991
0.8864907251724818,,2.579897869603104
1.6148972160331343,,3.220395778231596
1.136720567156407,,1.9836262871245345
2.1357685145678222,,2.9540977204791896
1.100370545117563,,2.398981066658131
0.505149978319906,,1.8561244442423004
0.380211241711606,,1.756636108245848
1.260071387985075,,2.039414119176137
1.7589118923979734,,2.280350693046006
1.1818435879447726,,2.331832044436249
1.7664128471123994,,2.534660575828444
2.7589875468676195,,3.292942423054936
2.389343311252078,,3.653656232494785
1.2068258760318498,,1.9304395947667
0.6901960800285137,,1.9273703630390235
2.092369699629121,,3.100405011565889
0.255272505103306,,1.5705429398818975
0.6434526764861874,,2.215637563435062
2.275311354541812,,3.36556285679556
0.7634279935629372,,2.1245042248342823
2.344588742578714,,2.551815822351016
1.9493900066449128,,2.897517129400525
0.9542425094393248,,2.046495164334708
1.4727564493172125,,2.351409751925439
1.0,,2.7693773260761385
1.3617278360175928,,2.76544501809015
2.2062860444124324,,2.550228353055094
0.8864907251724818,,1.8836614351536176
0.2787536009528289,,1.530199698203082
2.178113252314632,,3.0735717283049246
1.6334684555795864,,2.2935835134961167
1.403120521175818,,3.253531843527005
1.9628426812012425,,2.6015167836500104
1.5289167002776547,,2.250420002308894
2.0519239160461065,,3.023540521554854
0.6232492903979004,,1.790988475088816
1.434568904034199,,3.0947854678195585
1.403120521175818,,3.208521972931434
1.320146286111054,,2.669967369908504
1.5943925503754266,,3.468790262099611
2.413132050434872,,3.9128382429404978
1.5786392099680724,,2.651762447380111
2.045714058940868,,3.085540306036948
1.8609366207000937,,3.0872133412316147
1.2741578492636798,,2.230959555748569
0.9084850188786496,,2.355259905527378
1.3096301674258988,,2.6915235221681546
1.998695158311656,,3.779538773870285
1.1702617153949575,,1.8802417758954804
0.2787536009528289,,1.6875289612146342
-0.0457574905606751,,2.267406418752904
1.5211380837040362,,2.2612628687924934
1.2648178230095364,,2.5496162395190853
0.6532125137753437,,2.2116544005531824
1.2988530764097066,,1.1583624920952498
1.0413926851582251,,3.024157154459673
0.4623979978989561,,1.9590413923210936
1.469822015978163,,2.693023067923694
1.2430380486862944,,2.22219604630172
0.3010299956639812,,1.506505032404872
1.403120521175818,,2.329397879361043
1.6304278750250238,,2.208710019906401
1.5705429398818975,,2.928856533581911
1.2201080880400552,,1.910090545594068
0.5440680443502757,,1.4487063199050798
0.0,,1.867467487859052
1.2405492482825995,,2.6920533650340808
1.294466226161593,,2.4239009185284166
1.9479236198317265,,1.9768083373380665
2.1212314551496214,,3.228477354445056
1.0128372247051722,,2.6324572921847245
1.5877109650189114,,2.5056925074122
-0.0457574905606751,,0.9912260756924948
1.6190933306267428,,3.347895693493232
1.1172712956557642,,2.3694014136966244
1.9813655090785445,,3.070665753453728
1.6998377258672457,,3.210906813654374
1.1430148002540952,,1.8898617212581883
1.0969100130080565,,2.394801777162711
2.287129620719111,,2.801678059035893
1.8293037728310249,,3.0645328611315783
1.380211241711606,,2.3592661646067485
2.268577971882843,,3.091420728992051
1.0128372247051722,,2.5371892262436444
1.252853030979893,,3.145040940037024
0.785329835010767,,1.3180633349627615
1.5211380837040362,,2.2612628687924934
1.615950051656401,,2.747334109615905
0.9084850188786496,,2.284881714655453
1.9929950984313416,,3.3978183891895823
0.7403626894942439,,2.3416323357780544
0.414973347970818,,1.8375884382355112
1.1931245983544616,,2.413634997198556
1.6830470382388496,,2.87989832433001
1.0334237554869496,,1.7611758131557314
1.0492180226701815,,3.5611491056953546
1.3579348470004535,,2.286231854028553
1.1903316981702914,,3.3206447113553983
2.275311354541812,,3.36556285679556
0.99563519459755,,2.0770043267933502
0.9242792860618816,,1.3729120029701063
1.212187604403958,,1.505149978319906
1.0530784434834195,,2.547282307963304
1.155336037465062,,2.4987239707479048
0.8750612633917001,,2.450249108319361
1.260071387985075,,2.591621038213319
0.6532125137753437,,1.0043213737826426
0.99563519459755,,2.0770043267933502
1.943988875073772,,2.028977705208778
0.6901960800285137,,1.2405492482825995
0.7558748556724915,,2.446226401778163
1.1205739312058498,,2.3113299523037933
0.0,,2.248463717551032
-0.6989700043360187,,1.1430148002540952
1.7024305364455252,,3.4679039465228003
1.0170333392987805,,2.422917980767662
0.5185139398778874,,1.424881636631067
1.1271047983648077,,2.781324455666988
0.6334684555795865,,3.121855182166855
0.7323937598229685,,2.894426837964188
1.806179973983887,,3.13350697377835
0.380211241711606,,1.739572344450092
1.615950051656401,,2.689131197234498
1.2227164711475833,,2.3727279408855955
1.1846914308175989,,2.238297067875394
0.4471580313422192,,1.5378190950732742
1.413299764081252,,2.13640344813399
0.7781512503836436,,2.1020905255118367
0.7160033436347992,,2.03342375548695
1.110589710299249,,2.1344958558346736
1.3242824552976926,,2.64738297011462
2.761777537508178,,3.988875421715144
2.0211892990699383,,3.54318615217934
1.5658478186735176,,1.9138138523837167
1.250420002308894,,2.6462076122066853
1.5024271199844328,,2.6996643202023733
-0.5228787452803376,,1.4955443375464486
0.5440680443502757,,0.5440680443502757
1.2787536009528289,,2.194514341882467
-0.0457574905606751,,1.6580113966571124
1.1430148002540952,,2.076276255404218
1.5740312677277188,,3.537025310604068
1.6739419986340878,,3.032175376961363
1.5831987739686226,,1.505149978319906
0.1760912590556812,,1.8388490907372552
0.3424226808222063,,1.0128372247051722
1.4771212547196624,,2.4614985267830187
1.2405492482825995,,2.588159616383092
1.82020145948564,,2.7302976620971497
1.2278867046136734,,2.899492196138132
2.833848049531148,,3.5233562066547925
1.9698816437465,,2.926753905189737
1.1038037209559568,,1.167317334748176
0.9084850188786496,,2.284881714655453
0.6127838567197355,,1.9319661147281728
0.6989700043360189,,3.3990677089490724
0.8692317197309762,,1.7193312869837267
1.1760912590556811,,2.841234295506041
1.1430148002540952,,2.467756051244033
2.309204179670408,,3.3578014905028684
1.3979400086720375,,2.475816413031318
0.8808135922807914,,2.2884728005997825
0.8692317197309762,,2.14674801363064
1.503790683057181,,2.633165353683903
2.092369699629121,,3.100405011565889
2.0,,3.092439911331142
0.8388490907372553,,2.592398846115564
1.2405492482825995,,1.0755469613925308
1.1205739312058498,,3.040167036482847
2.876448786878341,,3.638998131547949
0.6127838567197355,,1.1238516409670858
0.9822712330395684,,1.8369567370595503
0.6334684555795865,,1.964259630196849
0.8388490907372553,,3.32935719413155
1.5658478186735176,,2.578409970331236
1.5250448070368452,,2.182129214052998
1.212187604403958,,1.505149978319906
1.3263358609287514,,2.3500540935790304
0.8388490907372553,,2.0453229787866576
1.1335389083702174,,1.9978230807457256
1.5276299008713388,,2.4952667443878105
1.954242509439325,,2.9423057528958942
0.7481880270062004,,2.189770956346874
2.072249897613515,,2.4435758797502576
1.8149131812750736,,3.3115843472043034
-0.0457574905606751,,0.9912260756924948
1.0492180226701815,,2.847819347295239
2.7117228918272347,,3.5378820317420177
2.012837224705172,,3.277563376055919
1.5327543789924978,,2.5444401373176926
1.0334237554869496,,2.6079908585471747
1.5550944485783191,,3.049140463158965
1.1430148002540952,,2.7294887691795613
0.5440680443502757,,1.1430148002540952
1.0718820073061257,,2.427972713608209
1.5352941200427703,,2.583085366347688
1.0863598306747482,,2.3386556655787003
2.573103783163991,,3.548733277598153
2.275311354541812,,3.36556285679556
2.006893707947901,,3.2052043639481447
0.9444826721501688,,2.3725438007590705
0.3222192947339193,,0.4913616938342727
-0.3010299956639812,,1.6963563887333322
2.239049093140192,,1.9854264740830017
1.6739419986340878,,3.032175376961363
1.530199698203082,,3.43123506524505
0.380211241711606,,2.722387094177124
1.1931245983544616,,2.610234175334389
1.977723605288848,,3.409848622021192
1.4712917110589383,,2.327971623623011
2.707910665713106,,3.227218044771188
1.4785664955938431,,2.730701544281845
0.568201724066995,,2.0132586652835167
1.714329759745233,,3.6169059190133614
0.785329835010767,,1.8668778143374989
0.9912260756924948,,2.2915908256580013
1.2787536009528289,,2.4423229557455746
1.503790683057181,,2.633165353683903
0.9030899869919436,,1.5276299008713388
2.1075491297446862,,2.931610406362962
0.785329835010767,,1.760422483423212
0.8260748027008264,,1.0253058652647702
0.505149978319906,,1.4638929889859074
1.3010299956639813,,2.2624510897304293
1.3096301674258988,,3.0656170557268725
2.216957207361097,,3.158814646724226
2.6625689669332604,,3.820345981254938
1.649334858712142,,2.8228869478341507
0.1139433523068367,,2.055378331375
0.8750612633917001,,2.369030221809153
0.7993405494535817,,0.6989700043360189
1.2278867046136734,,3.574181797057869
1.806179973983887,,3.2477278329097232
0.568201724066995,,1.9498777040368749
0.9684829485539352,,2.1264561134318045
1.887617300335736,,3.1080235093460886
1.1789769472931697,,2.098643725817057
1.390935107103379,,2.75495958772171
1.0606978403536116,,3.401934463592304
1.711807229041191,,2.0354297381845483
1.4828735836087537,,2.481442628502305
1.0492180226701815,,2.5658478186735176
1.5843312243675307,,3.440231936226789
0.1760912590556812,,2.021602716028242
0.6901960800285137,,1.9273703630390235
1.6444385894678386,,3.2668429487005843
2.209783014848515,,3.091807597001675
0.9590413923210936,,2.202215775801132
0.6127838567197355,,1.9319661147281728
1.7371926427047373,,3.365207100231823
0.4623979978989561,,2.000434077479319
1.4771212547196624,,2.625106575403468
1.6374897295125106,,2.5200903281128424
1.2329961103921538,,1.5740312677277188
1.9289076902439528,,3.212533836186607
1.307496037913213,,2.799064719351008
1.7489628612561614,,3.392907895293394
0.8920946026904804,,2.6942541120252783
1.865103974641128,,2.943890048248473
1.1398790864012365,,2.0726174765452368
0.5910646070264992,,2.019116290447073
1.899273187317604,,2.672836454171397
1.6848453616444126,,2.773786444981193
0.3222192947339193,,1.212187604403958
0.5314789170422551,,2.03342375548695
1.8656960599160703,,1.863322860120456
0.8573324964312685,,1.904715545278681
2.7734938922709707,,3.873831919363592
1.136720567156407,,2.9011857801371503
1.2253092817258628,,2.5546102852261643
2.3643633546157306,,3.2581581933407944
1.3673559210260189,,3.2345425913115284
0.7481880270062004,,1.9916690073799488
2.4423229557455746,,2.8898617212581885
1.809559714635268,,2.089905111439398
0.4471580313422192,,1.9283958522567133
0.4313637641589873,,-1.0
1.359835482339888,,3.3505968648286326
1.0755469613925308,,2.640680153277666
0.3010299956639812,,1.506505032404872
1.5185139398778875,,2.759516759462188
1.0492180226701815,,2.039017321997412
0.8450980400142568,,1.8597385661971468
1.3424226808222062,,2.750199727829182
2.190051417759206,,4.013974177020916
1.2013971243204515,,2.004751155591001
0.9138138523837168,,1.91539983521227
0.8061799739838872,,1.9903388547876013
1.136720567156407,,1.9822712330395684
1.550228353055094,,2.477555332198981
1.1522883443830565,,0.041392685158225
1.271841606536499,,1.8785217955012063
1.0755469613925308,,0.7481880270062004
1.0492180226701815,,2.526339277389844
2.753659647285999,,3.433977733631108
1.1072099696478683,,1.801403710017355
1.6812412373755872,,2.550839605065785
2.573103783163991,,3.548733277598153
1.155336037465062,,2.4720246977002813
0.7075701760979364,,2.311541958401195
1.212187604403958,,2.628899564420607
1.688419822002711,,1.252853030979893
1.7481880270062005,,3.3387751249335733
1.4653828514484182,,3.1286254048759505
0.8260748027008264,,1.5024271199844328
0.8061799739838872,,1.8987251815894937
1.1335389083702174,,1.3463529744506386
2.180125875164054,,2.6240757311456826
2.8603380065709936,,3.5574470461493592
1.2576785748691846,,2.3165993020938607
1.5943925503754266,,3.468790262099611
1.6503075231319364,,3.038023740045158
2.090258052931316,,3.0345883537136245
0.5910646070264992,,1.3747483460101038
-1.0,,1.1818435879447726
0.505149978319906,,1.925312091499649
1.8836614351536176,,2.320354032817672
1.3926969532596658,,2.928856533581911
1.802773725291976,,3.0048800072406343
1.5550944485783191,,3.049140463158965
1.9258275746247424,,3.3913409650889035
2.42422807069598,,3.8250494360742713
1.7512791039833422,,3.097639015546839
2.7849737099544005,,3.446537167073644
1.8981764834976764,,3.415590943087308
1.3053513694466237,,1.2966651902615312
1.2741578492636798,,2.074450718954591
0.1760912590556812,,1.7160033436347992
-1.0,,2.4671639659690903
1.1172712956557642,,2.797059694699971
0.9590413923210936,,1.8175653695597809
1.887617300335736,,3.3116691124006112
0.8061799739838872,,2.371990911464915
1.287801729930226,,2.939619078956698
1.404833716619938,,3.4550124501002544
1.2013971243204515,,1.8506462351830664
0.5440680443502757,,3.391957848245589
1.3654879848908996,,1.3891660843645324
1.4265112613645752,,2.5021538928713607
-0.3979400086720376,,2.891425942847994
2.2143138974244,,3.488719889189165
0.919078092376074,,2.768860000842957
2.090258052931316,,3.0345883537136245
0.8061799739838872,,2.126131407261984
1.4329692908744058,,2.4781334281005174
1.7185016888672742,,2.28397928423848
2.4437322414015967,,3.32911300268182
1.5705429398818975,,2.928856533581911
1.714329759745233,,2.419625360887743
1.4899584794248346,,2.753046561626529
0.7708520116421442,,1.6180480967120927
0.6989700043360189,,2.6722826247889206
2.0253058652647704,,3.222534393381713
0.4771212547196624,,1.0253058652647702
1.4653828514484182,,3.1286254048759505
2.4111144185509046,,2.5725230978496376
1.2041199826559248,,2.467608105583633
0.5563025007672873,,1.7634279935629371
1.8733206018153987,,3.0757293997408985
1.5289167002776547,,2.250420002308894
1.434568904034199,,2.89867034296553
1.2624510897304295,,2.4742162640762557
1.4563660331290431,,2.8138477542288545
0.7558748556724915,,2.670616886400325
-0.0457574905606751,,0.9912260756924948
1.836324115706752,,2.4360035356698964
0.5797835966168101,,2.06595298031387
0.6334684555795865,,2.4396484295634737
2.4111144185509046,,2.5725230978496376
1.0334237554869496,,2.8663464227496016
1.290034611362518,,2.624591459126848
0.8061799739838872,,1.9903388547876013
1.385606273598312,,2.1451964061141817
1.3443922736851108,,3.013174409878867
1.4456042032735976,,2.3900514964589874
0.9395192526186184,,2.8184898222042136
0.414973347970818,,2.806993513682108
1.54282542695918,,2.927473020995276
1.1335389083702174,,1.994756944587628
0.6020599913279624,,1.1398790864012365
1.4983105537896004,,2.5650209283452936
0.5185139398778874,,0.8129133566428556
1.6138418218760693,,2.8141809810401868
1.3138672203691537,,2.504198918539445
2.8961954104542107,,3.731943146668584
1.1789769472931697,,2.350441856535061
1.0374264979406236,,2.946255707199397
1.481442628502305,,2.088136088700552
1.645422269349092,,2.433449793761596
2.389343311252078,,3.653656232494785
1.3961993470957363,,2.417969642214737
0.0791812460476248,,1.4014005407815442
1.276461804173244,,2.073351702386901
0.041392685158225,,1.3222192947339193
1.8898617212581883,,2.639187559935754
1.808885867359812,,2.8949802909279687
1.212187604403958,,2.656002320682957
1.670245853074124,,2.3550682063488506
1.3783979009481375,,2.34713478291002
1.4913616938342726,,2.655042341331202
2.675961549642169,,3.493095406643273
0.5314789170422551,,2.708250888591378
1.089905111439398,,2.684665864025861
0.414973347970818,,1.6646419755561257
0.6020599913279624,,1.765668554759014
0.7323937598229685,,1.9041743682841632
0.6720978579357175,,2.833210880282609
0.7708520116421442,,1.4014005407815442
1.1846914308175989,,1.8785217955012063
1.631443769013172,,2.3163897510731952
1.8573324964312683,,2.6500159524718385
1.1398790864012365,,1.6608654780038692
2.1149444157125847,,2.55303301620244
1.260071387985075,,2.801197834459149
1.4065401804339552,,3.047430640155542
1.827369273053825,,2.2949069106051923
1.2833012287035497,,2.077731179652392
1.5092025223311027,,2.7424108805804925
2.212453961040276,,2.8771985152717896
1.9628426812012425,,2.02201573981772
1.6618126855372612,,2.456821348021599
1.82020145948564,,2.7302976620971497
0.9912260756924948,,1.9365137424788936
1.5740312677277188,,3.537025310604068
2.7734938922709707,,3.873831919363592
0.568201724066995,,1.7101173651118162
0.7403626894942439,,2.2935835134961167
-1.0,,1.4608978427565478
1.7363965022766426,,2.6983615660551097
1.591064607026499,,2.545801757159276
0.5910646070264992,,1.3747483460101038
1.4712917110589383,,2.473194909204938
2.059563417901268,,3.0727276895852653
0.6720978579357175,,2.64738297011462
1.0492180226701815,,2.9740970037941312
2.137354111370733,,3.329418220546588
1.354108439147401,,2.941610802153634
0.5440680443502757,,2.146128035678238
0.5314789170422551,,1.413299764081252
0.9138138523837168,,1.5843312243675307
0.7708520116421442,,1.8796692056320536
2.4252080511386565,,2.9260335966788444
0.380211241711606,,2.544316141747428
2.6127838567197355,,3.7051278663044696
1.3283796034387378,,2.461798557525109
1.3979400086720375,,2.338854746252323
0.7708520116421442,,1.8796692056320536
1.2227164711475833,,1.7752462597402363
1.110589710299249,,2.188084373714938
2.280805928393667,,3.114110356531892
1.6127838567197357,,2.908270499495724
1.110589710299249,,2.1344958558346736
0.7323937598229685,,2.2773799746672547
0.5314789170422551,,2.708250888591378
0.8808135922807914,,2.7272158209084925
1.1958996524092338,,3.268016020781919
2.182984967003582,,2.8988348380682742
0.6020599913279624,,2.7085908451503435
1.2278867046136734,,1.8007170782823851
1.0718820073061257,,2.35314654621398
1.110589710299249,,1.9982593384236984
1.54282542695918,,1.8987251815894937
1.4548448600085102,,2.683767261425312
1.413299764081252,,2.3847117429382823
1.6730209071288962,,2.783045572114693
2.392169149489736,,3.3675236418690195
1.260071387985075,,1.9052560487484511
2.520483532740792,,3.0072782473342445
1.0334237554869496,,1.7759743311293692
1.1760912590556811,,2.2227164711475837
1.1072099696478683,,1.9041743682841632
1.6148972160331343,,2.561101383649056
1.7032913781186614,,3.0746336182969043
1.3521825181113625,,2.891760401456672
0.6020599913279624,,0.6812412373755872
0.7993405494535817,,2.931457870689005
1.3222192947339193,,2.485153349903652
0.3222192947339193,,1.3820170425748683
1.155336037465062,,2.9887372752888
0.6232492903979004,,2.219060332448861
1.7781512503836436,,2.9479236198317262
1.8149131812750736,,2.7496590320949
0.7323937598229685,,1.513217600067939
2.3827372657613304,,3.3861956561205666
0.6020599913279624,,0.5185139398778874
1.7234556720351857,,2.4983105537896004
1.2068258760318498,,3.1598678470925665
1.591064607026499,,2.528273777167044
1.130333768495006,,2.1344958558346736
0.8808135922807914,,2.004751155591001
1.0413926851582251,,3.024157154459673
0.1139433523068367,,2.076640443670342
1.4281347940287887,,2.414639146737009
0.4471580313422192,,1.08278537031645
2.0008677215312267,,3.56083881861861
-1.0,,0.9867717342662448
0.6127838567197355,,2.167317334748176
0.4471580313422192,,1.7427251313046983
1.1205739312058498,,2.418301291319745
0.6720978579357175,,3.1252209363165644
-0.0969100130080563,,2.032215703297981
-0.3010299956639812,,1.6963563887333322
0.0791812460476248,,2.6377898293622293
2.024895960107485,,2.5739154404215507
2.216957207361097,,3.158814646724226
0.9242792860618816,,1.3729120029701063
0.7558748556724915,,2.6833172619218826
0.5910646070264992,,2.625209525381881
0.5314789170422551,,0.9344984512435676
0.4913616938342727,,1.0681858617461617
0.7558748556724915,,2.6833172619218826
0.0,,2.8788089323592057
1.714329759745233,,3.041905639223649
1.5987905067631152,,2.7781512503836434
1.8887409606828929,,2.515741416669365
2.407390904470732,,3.4177539344041343
0.5314789170422551,,2.35314654621398
2.464638559095033,,3.4950306506163518
1.7339992865383869,,3.1517068570225764
0.8750612633917001,,2.4265112613645754
1.1072099696478683,,0.7075701760979364
0.5797835966168101,,2.147985320683805
1.404833716619938,,3.4550124501002544
1.110589710299249,,3.4062164678532603
-0.2218487496163564,,2.0629578340845103
2.2814878879400813,,3.384675923359566
1.0969100130080565,,1.964259630196849
1.0253058652647702,,2.826981336911994
0.568201724066995,,1.4116197059632305
2.269979676645324,,3.337339439388419
1.2648178230095364,,2.5496162395190853
0.785329835010767,,2.683407299132095
0.414973347970818,,1.8375884382355112
1.639486489268586,,2.3306166672944384
1.1038037209559568,,1.167317334748176
0.6532125137753437,,2.8880671134074367
1.9995654882259823,,3.0872488677956578
2.550105999347593,,3.4837584137882485
1.6294095991027189,,2.164352855784437
0.3617278360175928,,1.0043213737826426
0.6532125137753437,,1.6580113966571124
1.290034611362518,,2.6225248624035684
2.235023159495224,,3.850247898240142
1.3579348470004535,,3.230704313612569
1.840106094456757,,3.2881373948820665
0.568201724066995,,1.990782691803138
2.0806264869218056,,2.460296326757476
0.6901960800285137,,0.7160033436347992
1.4712917110589383,,2.327971623623011
0.5563025007672873,,3.359740647863716
2.006893707947901,,3.2052043639481447
0.8388490907372553,,1.954242509439325
0.8864907251724818,,1.4548448600085102
2.740046724051494,,3.373867870327068
2.020775488193558,,3.110522372601323
1.4440447959180762,,2.6732052817790453
2.938569756221061,,3.442840224963883
0.8808135922807914,,2.7272158209084925
1.0043213737826426,,2.569373909615046
2.096910013008056,,2.3647385550553985
1.9854264740830017,,2.8035253955765325
1.7275412570285564,,2.872039667973286
1.4871383754771863,,1.380211241711606
2.5358002908248976,,3.446304113951924
1.5185139398778875,,2.5144149205803688
2.012837224705172,,3.277563376055919
0.5910646070264992,,1.5185139398778875
0.9030899869919436,,0.9344984512435676
-0.2218487496163564,,1.92272545799326
1.809559714635268,,3.2498829018636948
1.3521825181113625,,2.891760401456672
1.5314789170422551,,3.273417994771454
1.08278537031645,,2.9380190974762104
1.24551266781415,,1.9800033715837464
2.3939260065858368,,3.184719815150272
2.116939646550756,,3.2915242450080657
2.2062860444124324,,2.550228353055094
1.6201360549737576,,3.096666739975382
1.7730546933642626,,2.9029813997975027
1.8481891169913989,,3.077149794716969
0.8195439355418687,,1.6989700043360187
2.0310042813635367,,2.4212747912103465
1.5877109650189114,,2.5056925074122
1.173186268412274,,3.1536929400085505
2.2079035303860515,,3.621093155258961
1.0043213737826426,,2.3422252293607904
0.5563025007672873,,1.0374264979406236
1.6424645202421213,,2.510276844417355
1.526339277389844,,3.072543985643648
1.334453751150931,,1.9474337218870508
1.187520720836463,,2.381295623003826
1.8506462351830664,,3.014310480963307
0.6127838567197355,,1.611723308007342
0.7481880270062004,,1.9916690073799488
1.3747483460101038,,2.755951041004132
0.0,,1.847572659142112
1.0530784434834195,,2.6596310116070008
2.1670217957902564,,2.9360107957152097
2.3201462861110542,,2.688775655272845
1.944482672150169,,2.5972562829251418
0.9542425094393248,,1.988112840268352
1.3747483460101038,,2.518382315545344
0.8692317197309762,,1.944975908412048
1.530199698203082,,3.390740866952916
1.413299764081252,,2.3847117429382823
1.2648178230095364,,2.38147609027503
0.1760912590556812,,1.271841606536499
1.0,,2.0051805125037805
1.9095560292411755,,2.5901728315963144
1.649334858712142,,3.036828433377113
1.0969100130080565,,2.269045709657623
0.8388490907372553,,1.167317334748176
1.7371926427047373,,2.795114985630363
1.6711728427150832,,2.587486465410964
1.60959440922522,,2.9133899436317554
0.041392685158225,,1.575187844927661
1.2648178230095364,,1.843232778098009
1.611723308007342,,2.738225448142505
0.9822712330395684,,2.578639209968072
0.7993405494535817,,1.7641761323903309
1.5250448070368452,,2.605628222007619
0.7634279935629372,,2.243286146083446
0.7993405494535817,,1.7641761323903309
1.1931245983544616,,2.6484575942825224
0.9294189257142929,,2.587149498254344
-0.3979400086720376,,1.877946951629188
2.404491617758686,,3.5321681316937004
2.471144965160633,,3.6631919091608927
1.235528446907549,,1.2695129442179165
1.833147111912785,,2.728272597895017
1.9479236198317265,,2.326335860928751
0.8512583487190752,,0.7403626894942439
1.0,,2.659345635746177
1.3617278360175928,,2.40840957846843
0.6532125137753437,,2.02201573981772
1.307496037913213,,2.600755149639618
1.0453229787866574,,2.352953911710088
0.6812412373755872,,2.1883659260631485
1.6148972160331343,,2.301897717195208
1.209515014542631,,3.2843179154306097
1.4517864355242902,,2.820661134643596
1.0606978403536116,,2.595165414790229
1.0128372247051722,,2.384532615494249
0.7481880270062004,,2.012837224705172
0.8808135922807914,,2.808075868091307
1.1986570869544226,,2.8258802989361795
1.0,,2.8544882250444306
1.0530784434834195,,2.6596310116070008
1.1931245983544616,,1.7596678446896306
1.9355072658247128,,3.127428777851599
0.7160033436347992,,2.03342375548695
1.714329759745233,,2.8284020784915933
1.1398790864012365,,2.475816413031318
0.9822712330395684,,2.281260687055013
1.1139433523068367,,1.599883072073688
0.041392685158225,,2.2177470732627937
1.0253058652647702,,0.9684829485539352
0.6434526764861874,,1.765668554759014
1.0043213737826426,,2.3422252293607904
1.130333768495006,,2.873553093513619
0.9637878273455552,,1.3944516808262162
0.8388490907372553,,2.9824973691977124
0.9294189257142929,,2.7907776013376937
0.3979400086720376,,1.320146286111054
1.1072099696478683,,2.73870130043471
0.5563025007672873,,2.141763230275788
0.8692317197309762,,2.762978490867743
0.8388490907372553,,1.7693773260761383
1.8808135922807911,,3.1481088577296967
1.3783979009481375,,2.6400837313731205
1.5954962218255742,,3.295171106790104
0.9731278535996988,,1.307496037913213
2.023252459633712,,3.3407612917626723
0.5910646070264992,,2.143327129992046
1.6483600109809315,,3.6068863150270873
1.110589710299249,,2.642563437104388
1.611723308007342,,3.350306178879111
0.9542425094393248,,1.988112840268352
0.3222192947339193,,1.0293837776852095
1.615950051656401,,2.689131197234498
1.0569048513364727,,2.7977521286507105
0.7403626894942439,,2.0277572046905536
1.6180480967120927,,3.226316296939334
0.6434526764861874,,1.6190933306267428
1.252853030979893,,2.202215775801132
1.866287339084195,,3.352394787974109
1.546542663478131,,2.329804522164069
1.2253092817258628,,2.539828558377898
1.3053513694466237,,2.542078146335625
-0.2218487496163564,,1.8444771757456817
1.9237619608287,,2.7466341989375787
0.6434526764861874,,1.5932860670204574
2.8370831508231857,,3.4591058794872094
1.0606978403536116,,2.6916118742144164
0.6334684555795865,,2.096562438374136
1.6541765418779606,,2.530199698203082
2.1075491297446862,,2.931610406362962
2.115277591395901,,2.2830749747354715
-0.3979400086720376,,2.845965761545484
0.3222192947339193,,2.2427898094786767
2.052693941924968,,3.120146006188112
-0.6989700043360187,,1.9556877503135053
1.08278537031645,,2.0580462303952816
1.4913616938342726,,2.655042341331202
2.110252917353403,,2.429429264381788
2.550105999347593,,3.4837584137882485
1.1583624920952498,,1.890979596989689
2.411451342137937,,3.5017300508462204
1.6866362692622934,,3.278822168352688
1.6127838567197357,,2.57611089412084
1.7512791039833422,,2.260786668654976
2.087781417809542,,3.2303211689190783
1.530199698203082,,2.26528962586083
0.8260748027008264,,1.8573324964312683
1.1760912590556811,,2.404491617758686
0.7160033436347992,,2.52750101098112
2.020775488193558,,2.983400738180538
1.469822015978163,,3.458018065291854
1.0128372247051722,,2.384532615494249
0.785329835010767,,2.104145550554008
2.1792644643390253,,2.7826875682349663
1.380211241711606,,2.3592661646067485
1.5314789170422551,,3.273417994771454
1.1238516409670858,,3.093561757565289
0.8864907251724818,,2.563599728881531
1.5634810853944108,,2.669037800885156
1.1522883443830565,,1.91803033678488
0.414973347970818,,2.507586039763011
1.6334684555795864,,3.0709240314761503
1.252853030979893,,2.6851144690465394
1.1205739312058498,,1.847572659142112
1.9237619608287,,2.7466341989375787
2.1264561134318045,,2.738066714777469
2.308564413561238,,3.619677564667636
1.809559714635268,,2.0038911662369103
1.741939077729199,,3.028855809390444
2.094471128641645,,3.4573973957975026
2.753659647285999,,3.433977733631108
1.0606978403536116,,2.718418641829655
1.60959440922522,,2.020361282647708
1.9052560487484511,,2.7290027092721902
1.795184589682424,,2.387567779417189
1.5390760987927767,,3.3334472744967503
0.8129133566428556,,1.75815462196739
0.785329835010767,,2.9395192526186187
0.6627578316815741,,2.2902572693945182
1.2405492482825995,,2.545801757159276
1.1643528557844371,,1.9532763366673045
1.2695129442179165,,2.170261715394957
1.1430148002540952,,1.5390760987927767
1.5211380837040362,,2.2612628687924934
1.2329961103921538,,1.5740312677277188
0.7634279935629372,,1.6599162000698502
0.6720978579357175,,3.079434510633744
1.1139433523068367,,1.3579348470004535
0.568201724066995,,1.7895807121644254
1.8733206018153987,,3.0757293997408985
1.271841606536499,,1.8785217955012063
1.8561244442423004,,2.8988896559265864
0.8061799739838872,,1.287801729930226
1.5943925503754266,,2.3376588910261424
0.6127838567197355,,1.586587304671755
2.239049093140192,,1.9854264740830017
1.857935264719429,,2.668292710448221
1.8836614351536176,,2.320354032817672
1.0453229787866574,,2.2826221128780624
0.9590413923210936,,2.071513805095089
0.3617278360175928,,1.0043213737826426
1.2329961103921538,,2.6546577546495245
1.0413926851582251,,2.5018804937550585
0.7481880270062004,,2.012837224705172
2.059941888061955,,2.793511005792858
1.276461804173244,,2.154119525515847
1.354108439147401,,2.941610802153634
0.9542425094393248,,1.916453948549925
2.216429830876251,,2.602927712859189
1.209515014542631,,2.4800069429571505
2.059184617631371,,3.442746221828905
1.3263358609287514,,2.160468531119037
0.7481880270062004,,3.065206128054312
1.3617278360175928,,2.946845113960623
-0.3010299956639812,,3.3696239766406326
1.577491799837225,,2.5631249603380444
2.0484418035504044,,3.206825876031849
1.2966651902615312,,2.09377178149873
1.795184589682424,,2.874771637184298
2.4423229557455746,,2.8898617212581885
0.8260748027008264,,1.8573324964312683
0.9138138523837168,,2.325515663363148
1.1846914308175989,,1.481442628502305
1.3729120029701063,,1.4653828514484182
1.850033257689769,,3.602211967802297
1.2648178230095364,,3.084612020865251
1.9003671286564705,,2.9207492612757084
0.9030899869919436,,2.7541953881898382
1.8709888137605752,,3.0446573332348663
0.7781512503836436,,2.1360860973840974
1.615950051656401,,3.6555801911718633
1.1643528557844371,,1.7489628612561614
2.581722159949099,,3.321411997974005
0.9542425094393248,,2.0666985504229958
0.9777236052888476,,2.214578953570499
1.424881636631067,,2.7364761820276966
0.1139433523068367,,1.9003671286564705
2.1212314551496214,,3.228477354445056
1.0492180226701815,,2.9740970037941312
1.3673559210260189,,2.298853076409707
1.1172712956557642,,2.3694014136966244
1.730782275666389,,3.101368963249252
1.60959440922522,,2.615529223637133
0.8692317197309762,,1.7193312869837267
0.7708520116421442,,1.8228216453031043
-0.3979400086720376,,1.824125833916549
1.1958996524092338,,2.857995495560924
0.9084850188786496,,1.2174839442139065
-0.0457574905606751,,1.6580113966571124
1.3384564936046048,,2.4097641042663462
1.1335389083702174,,2.15896526038341
1.3579348470004535,,3.230704313612569
1.2201080880400552,,1.8115750058705933
1.5378190950732742,,2.2657609167176105
2.038620161949703,,3.001863462692524
2.6027109449575576,,3.167671716230021
-0.0457574905606751,,1.4683473304121573
1.130333768495006,,3.3365197704104164
1.797959643737196,,2.175801632848279
1.0086001717619175,,2.72607487021537
2.059184617631371,,3.442746221828905
1.7730546933642626,,2.9029813997975027
2.180412632838324,,3.390758528738717
1.380211241711606,,3.236587640756995
1.7708520116421442,,2.9419087743655994
1.1072099696478683,,2.1436392352745437
-0.0457574905606751,,1.4683473304121573
1.4409090820652175,,2.2730012720637376
0.6532125137753437,,1.911690158753861
1.9030899869919435,,2.882979654037299
0.7558748556724915,,1.6242820958356683
1.3617278360175928,,2.40840957846843
0.0791812460476248,,2.6377898293622293
0.9395192526186184,,1.7363965022766426
1.4183012913197457,,2.0515383905153275
1.54282542695918,,1.8987251815894937
1.3053513694466237,,2.542078146335625
1.6503075231319364,,3.038023740045158
1.4329692908744058,,2.4781334281005174
0.2787536009528289,,1.6875289612146342
0.6127838567197355,,1.1903316981702914
0.7403626894942439,,0.9590413923210936
0.414973347970818,,0.7993405494535817
0.6812412373755872,,2.0472748673841794
-0.5228787452803376,,1.757396028793024
1.4409090820652175,,2.534787358629492
1.1846914308175989,,2.787956123283932
1.0253058652647702,,1.91803033678488
1.1643528557844371,,2.04883008652835
0.7634279935629372,,1.8068580295188177
0.2787536009528289,,1.530199698203082
1.3944516808262162,,2.210853365314893
1.5211380837040362,,2.2612628687924934
1.7528164311882717,,2.66228551572213
1.9095560292411755,,2.5901728315963144
1.212187604403958,,2.3727279408855955
1.546542663478131,,1.6374897295125106
0.6127838567197355,,1.9319661147281728
1.3159703454569178,,2.716420733846555
-0.5228787452803376,,1.9623693356700207
0.785329835010767,,2.0346284566253203
1.403120521175818,,2.8194781283621224
2.013679697291193,,2.882011961626658
0.7558748556724915,,2.071882007306125
0.380211241711606,,1.756636108245848
1.4913616938342726,,2.655042341331202
0.9637878273455552,,1.69810054562339
1.100370545117563,,2.64018319192134
1.260071387985075,,2.039414119176137
1.5092025223311027,,2.2487087356009177
1.3384564936046048,,2.4097641042663462
1.8567288903828827,,2.686636269262294
1.4471580313422192,,1.9633155113861112
1.6263403673750425,,2.971878617026266
0.9138138523837168,,2.325515663363148
0.5314789170422551,,1.6503075231319364
1.3263358609287514,,2.3778524190067545
0.8692317197309762,,2.5491259267581112
2.31260043926126,,3.847085037995664
1.4517864355242902,,2.128722284338427
1.0969100130080565,,1.964259630196849
1.294466226161593,,2.938919812244772
0.0,,0.8864907251724818
0.9493900066449128,,2.712312908681365
2.235023159495224,,3.850247898240142
2.26528962586083,,2.9379189026477803
1.6334684555795864,,3.0709240314761503
1.7795964912578246,,2.778368343355874
1.6384892569546374,,2.2964457942063965
0.8920946026904804,,2.277609214304092
1.9763499790032737,,3.2850845033352187
1.7824726241662865,,2.4577305482459986
2.4111144185509046,,3.400917723075448
1.2787536009528289,,1.561101383649056
0.9822712330395684,,2.578639209968072
2.407390904470732,,3.4177539344041343
1.230448921378274,,2.6061663146076204
0.7481880270062004,,1.9508514588885464
0.8808135922807914,,1.5327543789924978
0.2787536009528289,,2.0350292822023683
0.8750612633917001,,2.450249108319361
1.292256071356476,,2.3157604906657347
2.42422807069598,,3.8250494360742713
0.9590413923210936,,1.534026106056135
0.1139433523068367,,0.9084850188786496
1.2068258760318498,,3.168762575622357
2.1749315935284423,,3.2785935682411336
1.5854607295085006,,2.1696744340588068
1.0374264979406236,,3.1268130100415528
0.7708520116421442,,1.8228216453031043
1.3053513694466237,,3.067033639842262
1.3324384599156054,,2.284205067701794
0.8260748027008264,,1.6190933306267428
1.5538830266438743,,3.2815560250343667
1.4941545940184429,,2.748575616930992
0.785329835010767,,3.018492453401473
1.0043213737826426,,2.569373909615046
0.2304489213782739,,1.6384892569546374
1.4899584794248346,,2.5841049703994527
2.4423229557455746,,2.8898617212581885
1.1789769472931697,,2.533136288278639
1.3783979009481375,,2.785543369956593
1.813580988568192,,3.128205343962674
2.2380461031287955,,3.357553719743082
2.309204179670408,,3.3578014905028684
2.8961954104542107,,3.731943146668584
0.3222192947339193,,2.4875625602563782
-0.6989700043360187,,1.1430148002540952
0.8512583487190752,,1.4727564493172125
1.4871383754771863,,2.0870712059065357
0.9637878273455552,,1.599883072073688
0.8864907251724818,,2.4650852875574327
0.1139433523068367,,2.076640443670342
1.9786369483844743,,2.773859552376687
1.1583624920952498,,2.2079035303860515
0.7993405494535817,,1.252853030979893
1.8709888137605752,,3.0446573332348663
1.3710678622717365,,3.234289446933935
1.0606978403536116,,2.2137832993353044
0.3979400086720376,,1.3729120029701063
1.8055008581584,,3.00264114900004
1.3138672203691537,,2.244277120801843
0.2041199826559248,,1.7535830588929069
0.2787536009528289,,2.811038508604216
1.904715545278681,,3.171170434901621
1.0863598306747482,,2.66228551572213
1.8555191556678,,2.340245761567932
1.9493900066449128,,3.3386556655787003
1.0863598306747482,,1.9122220565324155
1.2671717284030135,,2.1225435240687545
1.3117538610557542,,3.3350966742615418
1.0492180226701815,,2.6697816152085365
1.0293837776852095,,2.7134905430939424
1.3463529744506386,,2.287129620719111
1.4563660331290431,,2.769303460189082
1.469822015978163,,2.2739267801005254
2.1386184338994925,,2.4446692309385245
0.7403626894942439,,2.770925614639
0.1760912590556812,,1.2201080880400552
1.534026106056135,,3.13155450976124
1.4082399653118496,,2.2174839442139063
1.4885507165004443,,2.8150461760646306
1.513217600067939,,3.0337855168422307
1.2810333672477277,,2.158060793936605
1.60422605308447,,3.090892625710363
2.309204179670408,,3.3578014905028684
1.867467487859052,,2.7224693858840308
0.9444826721501688,,2.317018101048112
0.4313637641589873,,2.8178957571617955
0.3222192947339193,,1.6522463410033232
0.7634279935629372,,1.9503648543761232
0.8692317197309762,,0.5563025007672873
1.7860412102425542,,2.7697464671794534
1.0644579892269184,,2.7289216463728594
1.765668554759014,,2.831677849191467
0.5563025007672873,,1.4471580313422192
1.9283958522567133,,3.6117870140165858
1.2253092817258628,,2.318689269947746
0.8450980400142568,,1.7226339225338123
1.230448921378274,,2.506505032404872
2.193958978019187,,3.035709837827862
1.390935107103379,,2.346744054604849
1.1903316981702914,,1.187520720836463
1.8887409606828929,,2.53832233323144
1.271841606536499,,2.9843922785242656
1.6866362692622934,,3.278822168352688
0.3222192947339193,,2.2427898094786767
1.2430380486862944,,2.4583356259919475
0.1760912590556812,,1.130333768495006
1.1613680022349748,,2.6036855496147
1.24551266781415,,2.426185825244511
0.8864907251724818,,2.1055101847699738
1.6374897295125106,,1.615950051656401
1.8115750058705933,,3.2553690042664414
1.3304137733491908,,2.092369699629121
2.521530341278711,,3.3648697986669625
1.1958996524092338,,2.8867726430544383
1.7860412102425542,,1.7528164311882717
1.1072099696478683,,2.66661156841903
0.2041199826559248,,1.824125833916549
0.505149978319906,,0.9912260756924948
0.6989700043360189,,1.3979400086720375
1.1172712956557642,,2.3694014136966244
1.4742162640762553,,3.0028569260611206
2.5358002908248976,,3.446304113951924
0.5440680443502757,,2.146128035678238
0.8864907251724818,,0.9030899869919436
1.526339277389844,,1.8785217955012063
-0.2218487496163564,,1.8444771757456817
0.8129133566428556,,1.75815462196739
0.8808135922807914,,3.101918833680424
1.5854607295085006,,2.690196080028514
1.4313637641589874,,3.3871405694653007
1.615950051656401,,2.637489729512511
2.2187979981117376,,3.445168133327569
1.413299764081252,,2.13640344813399
0.8976270912904415,,2.822494985278751
0.7160033436347992,,2.941213187585322
1.434568904034199,,2.600537294364469
1.0791812460476249,,3.339888497223747
1.0413926851582251,,3.024157154459673
1.639486489268586,,2.939069749923424
2.504878459410216,,3.488705793981793
0.8325089127062363,,2.55509444857832
1.212187604403958,,2.4776999283321306
0.4313637641589873,,2.182129214052998
2.3068537486930087,,3.378652224908501
1.9268567089496924,,2.640978057358332
1.6334684555795864,,2.504742636271688
1.1931245983544616,,1.7596678446896306
1.285557309007774,,2.386498965550653
0.3424226808222063,,1.0128372247051722
1.260071387985075,,2.039414119176137
0.8260748027008264,,2.636788689034375
1.4265112613645752,,3.0226757619537272
0.6232492903979004,,1.4668676203541096
1.7596678446896306,,2.625723909525756
0.0791812460476248,,1.1139433523068367
1.6294095991027189,,2.164352855784437
0.1139433523068367,,3.477858928493696
1.385606273598312,,2.591287265058499
0.7923916894982539,,1.877371345869774
1.7371926427047373,,3.365207100231823
2.269979676645324,,3.337339439388419
1.3783979009481375,,2.785543369956593
1.2430380486862944,,2.252610340567373
2.020775488193558,,2.983400738180538
0.2041199826559248,,1.7535830588929069
1.3096301674258988,,3.0656170557268725
1.0170333392987805,,2.9297253783780044
0.4623979978989561,,1.7084209001347128
1.3242824552976926,,2.898396045930009
1.0791812460476249,,2.5718252490408293
2.679518743695789,,1.8228216453031043
1.4393326938302626,,2.7946971268919985
1.4913616938342726,,2.3727279408855955
0.8808135922807914,,1.5327543789924978
1.1430148002540952,,2.4055171069763763
1.790988475088816,,2.9819544444699737
1.3159703454569178,,2.716420733846555
1.0569048513364727,,2.887279634530023
1.3961993470957363,,2.4951278812429334
2.1020905255118367,,2.145817714491828
1.8115750058705933,,3.2553690042664414
1.4727564493172125,,2.4032921451582543
1.670245853074124,,3.008472419302722
1.3159703454569178,,2.7520484478194387
1.847572659142112,,2.1861083798132053
0.9242792860618816,,1.8920946026904804
1.3783979009481375,,2.6400837313731205
0.6812412373755872,,2.815577748324267
1.0086001717619175,,2.092018470752797
2.2425414282983844,,3.865879442568767
1.8656960599160703,,3.1478308499434595
0.505149978319906,,1.4638929889859074
2.092369699629121,,3.100405011565889
0.3222192947339193,,1.252853030979893
1.808885867359812,,2.3140779917792127
0.7708520116421442,,2.061452479087193
1.0293837776852095,,2.835690571492425
0.6334684555795865,,2.612041744645269
0.9395192526186184,,1.7626785637274365
1.4456042032735976,,2.8226910107760546
1.8656960599160703,,1.863322860120456
1.4871383754771863,,2.0870712059065357
0.785329835010767,,3.018492453401473
2.93028664724552,,3.4840292109404567
1.974971994298069,,2.7113009599161657
1.569373909615046,,2.959804316508338
2.141763230275788,,3.1398476146463112
1.546542663478131,,1.6374897295125106
1.7474118078864234,,2.76618969331016
1.4313637641589874,,2.133538908370217
1.615950051656401,,2.747334109615905
1.0086001717619175,,2.1072099696478683
2.0310042813635367,,2.4212747912103465
1.4593924877592308,,2.113943352306837
-0.0969100130080563,,1.7435097647284297
2.417969642214737,,3.0879587894607328
1.2787536009528289,,2.53198955141255
1.2253092817258628,,2.0425755124401905
0.6627578316815741,,3.1406965525464146
2.141763230275788,,3.1398476146463112
1.7275412570285564,,2.6942541120252783
0.3424226808222063,,1.0128372247051722
1.4712917110589383,,2.473194909204938
1.0043213737826426,,2.569373909615046
1.5831987739686226,,1.505149978319906
0.6627578316815741,,1.9845273133437928
2.7849737099544005,,3.446537167073644
2.0199466816788423,,2.6768764319731373
1.0170333392987805,,2.0637085593914173
1.4593924877592308,,2.113943352306837
1.4913616938342726,,2.3727279408855955
1.82020145948564,,2.788945727023748
0.8325089127062363,,2.4353665066126613
0.8573324964312685,,1.9647309210536297
2.358886204405869,,2.332842266994352
1.6374897295125106,,3.040681439373358
1.5289167002776547,,2.250420002308894
0.7323937598229685,,2.3763944420372662
1.4885507165004443,,2.420945405921972
1.9268567089496924,,2.640978057358332
0.9444826721501688,,2.6901074394563307
1.899273187317604,,2.672836454171397
1.6384892569546374,,3.0250189722827594
0.8325089127062363,,2.2873537727147464
1.503790683057181,,2.14674801363064
1.0,,2.8544882250444306
1.4712917110589383,,2.5073160400764136
1.6304278750250238,,2.208710019906401
1.2041199826559248,,2.681693392004564
0.7708520116421442,,1.4014005407815442
1.4281347940287887,,2.553761698390004
1.4899584794248346,,2.753046561626529
1.2253092817258628,,1.9350031514536548
0.8808135922807914,,2.3296012483565187
2.193958978019187,,3.035709837827862
2.018700498666244,,2.6742179455767
1.3159703454569178,,2.3165993020938607
0.9242792860618816,,2.2773799746672547
2.137354111370733,,3.329418220546588
0.5563025007672873,,1.7634279935629371
2.190051417759206,,4.013974177020916
0.8061799739838872,,1.7101173651118162
1.3926969532596658,,2.4375920322539613
1.413299764081252,,2.13640344813399
1.4471580313422192,,1.9633155113861112
1.212187604403958,,3.109139643904016
2.0038911662369103,,3.2746657690813885
2.0170333392987803,,3.8466957827841233
1.0293837776852095,,2.7134905430939424
0.7323937598229685,,1.790988475088816
0.9444826721501688,,2.001300933020418
1.7234556720351857,,2.4983105537896004
0.7403626894942439,,1.9493900066449128
2.374381698050882,,2.8903092168999485
1.0969100130080565,,1.964259630196849
1.9052560487484511,,2.7290027092721902
1.3783979009481375,,2.080987046910887
1.506505032404872,,2.29269900304393
0.8325089127062363,,2.4353665066126613
0.6232492903979004,,1.790988475088816
1.6803355134145632,,2.384532615494249
1.2576785748691846,,2.3165993020938607
0.3979400086720376,,1.8926510338773004
1.3159703454569178,,2.3165993020938607
2.243781916093795,,3.149465450995452
0.0791812460476248,,1.4014005407815442
1.711807229041191,,2.8057047044338645
1.7371926427047373,,3.365207100231823
1.7275412570285564,,2.6942541120252783
0.6627578316815741,,2.3988077302032647
-1.0,,0.9867717342662448
1.7331972651065697,,2.698448538015329
1.100370545117563,,1.1986570869544226
2.5634810853944106,,2.708420900134713
2.2060158767633444,,3.3681752745493765
0.9294189257142929,,1.9867717342662448
0.7403626894942439,,1.506505032404872
2.166726055580052,,3.150510832907968
0.6127838567197355,,2.167317334748176
1.390935107103379,,2.7532765701844184
1.359835482339888,,2.755951041004132
2.399327532158679,,3.3848728944929207
2.413132050434872,,3.9128382429404978
0.9294189257142929,,1.846337112129805
2.0017337128090005,,3.054919327123814
-0.3979400086720376,,2.57611089412084
0.5910646070264992,,1.9084850188786493
1.8536982117761744,,3.060320028688285
1.390935107103379,,3.236612828199769
0.8864907251724818,,2.563599728881531
1.9576072870600951,,3.163399932786864
0.7403626894942439,,1.3560258571931227
-0.5228787452803376,,1.4955443375464486
-0.5228787452803376,,1.4955443375464486
0.6720978579357175,,1.4471580313422192
1.7024305364455252,,3.4679039465228003
1.9854264740830017,,2.754730469023753
0.7634279935629372,,2.153509989300838
1.7715874808812553,,1.833784374656479
1.0413926851582251,,3.024157154459673
0.146128035678238,,1.3996737214810382
0.5563025007672873,,1.899273187317604
1.9813655090785445,,2.435525851498655
1.577491799837225,,2.499412125672276
1.9722028383790644,,2.3326404103874627
1.2174839442139065,,2.006466042249232
1.1271047983648077,,2.55942779975949
1.2430380486862944,,2.9566005882131767
1.0606978403536116,,2.6916118742144164
0.4471580313422192,,2.720737977018425
1.2988530764097066,,2.0633333589517497
1.1613680022349748,,2.385606273598312
1.1072099696478683,,3.4950723235504046
2.398634324538392,,3.3971053617490874
1.3283796034387378,,2.7518177877368792
1.3159703454569178,,2.6269559514354475
0.724275869600789,,2.80962704189405
1.24551266781415,,2.100370545117563
1.6551384348113822,,1.3783979009481375
0.7160033436347992,,2.6423655808449733
1.1522883443830565,,0.041392685158225
0.7634279935629372,,1.675778341674085
1.6812412373755872,,2.550839605065785
2.843544211945636,,3.4492623553088864
0.9084850188786496,,2.819609732751585
0.9590413923210936,,0.8573324964312685
1.4885507165004443,,1.830588668685144
1.0681858617461617,,2.208978517276253
2.002597980719909,,3.1416378746732714
-0.3010299956639812,,3.3696239766406326
1.3304137733491908,,2.378216149749878
1.4533183400470375,,2.386855529184724
1.481442628502305,,2.6050894618815805
1.2966651902615312,,1.9599948383284165
1.3159703454569178,,3.783417583356413
2.031408464251624,,2.8191489428071344
1.3654879848908996,,3.05403821068487
1.7185016888672742,,2.769303460189082
0.7403626894942439,,2.3416323357780544
0.9030899869919436,,2.295567099962479
1.9263424466256551,,2.989805650936826
0.6020599913279624,,1.1398790864012365
2.059184617631371,,3.442746221828905
1.390935107103379,,2.346744054604849
1.089905111439398,,2.3047058982127653
0.4771212547196624,,2.144574207609616
1.6138418218760693,,2.8141809810401868
1.810232517995084,,3.4192616439910086
1.3979400086720375,,2.475816413031318
1.100370545117563,,2.5358002908248976
1.290034611362518,,2.42829681398288
-0.0969100130080563,,1.7435097647284297
2.137670537236755,,2.9540011676815703
0.9444826721501688,,2.061829307294699
1.2253092817258628,,2.318689269947746
0.5797835966168101,,2.342422680822206
0.9912260756924948,,1.861534410859038
1.670245853074124,,2.3550682063488506
1.4712917110589383,,2.327971623623011
0.8260748027008264,,1.8356905714924256
1.4082399653118496,,2.3136563466180315
1.0128372247051722,,1.6972293427597176
0.7323937598229685,,2.2773799746672547
0.8129133566428556,,2.601408060534684
1.3010299956639813,,2.399327532158679
1.0253058652647702,,1.91803033678488
2.006893707947901,,2.902546779313991
1.967079734144497,,3.222534393381713
1.1931245983544616,,2.014520538757924
0.9294189257142929,,2.0354297381845483
0.4771212547196624,,1.2405492482825995
1.4563660331290431,,2.8138477542288545
0.1760912590556812,,1.1818435879447726
2.073351702386901,,2.0038911662369103
0.9242792860618816,,2.407900540142635
0.8260748027008264,,1.8356905714924256
0.8808135922807914,,2.808075868091307
1.2810333672477277,,2.521007252408604
2.629001619286992,,3.824203960828624
1.9084850188786493,,2.406369835469268
1.290034611362518,,2.2281436075977417
-0.0457574905606751,,2.173186268412274
0.9637878273455552,,2.310268366632448
1.4638929889859074,,2.5742628297070267
1.1072099696478683,,1.740362689494244
0.5185139398778874,,1.8208579894397
1.6830470382388496,,2.87989832433001
1.8785217955012063,,2.473048805088537
1.4471580313422192,,2.52865964523499
1.4409090820652175,,2.794627444664508
0.0791812460476248,,2.6377898293622293
1.9095560292411755,,2.5901728315963144
0.9542425094393248,,2.66228551572213
1.8506462351830664,,2.601190532615333
2.1992064791616577,,2.586699801624049
0.724275869600789,,1.2787536009528289
0.146128035678238,,2.14050804303818
1.255272505103306,,2.3356584522893016
1.436162647040756,,2.236033147117636
1.2624510897304295,,2.297760511099134
2.186956335465412,,2.586137025230794
1.4638929889859074,,2.553761698390004
1.7512791039833422,,3.097639015546839
1.9479236198317265,,2.326335860928751
0.1760912590556812,,1.2201080880400552
1.730782275666389,,1.6532125137753435
1.8438554226231607,,2.7493497605974766
1.1702617153949575,,1.8802417758954804
1.3636119798921444,,2.1583624920952498
1.534026106056135,,2.921842481405858
1.2068258760318498,,2.059941888061955
1.376576957056512,,1.462397997898956
1.952792443044092,,2.665393350279712
1.5899496013257075,,1.4578818967339924
1.130333768495006,,2.100370545117563
1.089905111439398,,2.3047058982127653
1.230448921378274,,2.6061663146076204
2.082426300860772,,3.333104540398589
2.411451342137937,,3.5017300508462204
1.6812412373755872,,2.550839605065785
2.6625689669332604,,3.820345981254938
0.8808135922807914,,2.5464192668351915
1.934498451243568,,3.365506704077209
3.1213628405633917,,4.015066214011149
0.414973347970818,,2.507586039763011
-0.5228787452803376,,1.4955443375464486
1.0334237554869496,,1.6972293427597176
2.228913405994688,,3.0
1.5831987739686226,,1.505149978319906
1.3979400086720375,,2.4923412532549745
1.499687082618404,,2.9068197154665456
1.4329692908744058,,2.869818207979328
2.5358002908248976,,3.446304113951924
2.4649364291217326,,2.02816441942447
0.8750612633917001,,3.051808294317091
1.9768083373380665,,2.4668676203541096
1.1986570869544226,,2.7233735670189843
0.6901960800285137,,0.7160033436347992
1.64738297011462,,2.405346360175709
0.5910646070264992,,1.437750562820388
1.0453229787866574,,2.2826221128780624
0.6627578316815741,,1.869231719730976
1.250420002308894,,2.6462076122066853
1.6334684555795864,,2.2935835134961167
1.60959440922522,,2.6884198220027105
1.0969100130080565,,1.840106094456757
2.29754166781816,,3.6110431951434334
1.701567985055927,,2.115943176939055
0.7708520116421442,,1.861534410859038
0.9344984512435676,,3.0686681432859
1.5670263661590604,,3.0338658673479
2.5608626947274646,,1.867467487859052
0.6334684555795865,,1.5010592622177514
1.3579348470004535,,2.286231854028553
0.9590413923210936,,1.2966651902615312
1.5634810853944108,,2.5599066250361124
0.7993405494535817,,2.3244882333076564
0.3617278360175928,,2.851380667965597
2.49996186559619,,3.883911153636279
1.734799829588847,,2.386855529184724
1.7201593034059568,,2.248218561190075
1.2253092817258628,,2.5179872030250783
1.5943925503754266,,3.468790262099611
1.7860412102425542,,2.7697464671794534
0.7634279935629372,,2.9394693308435302
-0.6989700043360187,,1.0681858617461617
2.344588742578714,,2.551815822351016
0.9912260756924948,,1.7986506454452689
2.139249217571607,,2.971275848738105
1.3096301674258988,,2.7596678446896306
1.0128372247051722,,2.0681858617461617
1.1931245983544616,,2.0755469613925306
1.3010299956639813,,3.0764583877121514
1.260071387985075,,2.801197834459149
1.3560258571931227,,2.228400358703005
0.7558748556724915,,1.8260748027008264
1.515873843711679,,2.38147609027503
0.8920946026904804,,2.4032921451582543
1.2430380486862944,,3.2494918657252647
0.9242792860618816,,1.4487063199050798
1.867467487859052,,2.7224693858840308
1.146128035678238,,2.2875778090787056
0.5185139398778874,,2.113609151073028
0.7160033436347992,,2.101059354908116
1.0569048513364727,,2.528016341189202
0.9912260756924948,,1.3673559210260189
1.3384564936046048,,1.9772662124272928
0.8750612633917001,,3.051808294317091
1.69810054562339,,2.77232170672292
1.9703468762300933,,3.8101249394753607
0.6627578316815741,,2.3988077302032647
1.526339277389844,,3.072543985643648
1.1522883443830565,,0.041392685158225
1.8981764834976764,,3.415590943087308
0.6434526764861874,,2.215637563435062
1.7596678446896306,,2.625723909525756
1.81424759573192,,2.693990610460777
1.6901960800285136,,3.0341871207934528
0.6720978579357175,,2.246005904076029
1.469822015978163,,2.693023067923694
2.0629578340845103,,2.889749775264037
1.9786369483844743,,3.0609621130938325
0.1760912590556812,,1.271841606536499
2.178113252314632,,3.0735717283049246
0.9395192526186184,,1.884795363948981
1.9375178920173464,,2.7350397050337207
2.3643633546157306,,3.2581581933407944
1.8318697742805017,,2.719248398447946
0.6020599913279624,,2.455606112581867
0.9637878273455552,,2.956408571195833
2.020775488193558,,3.239274447023257
-0.3010299956639812,,1.6963563887333322
0.9444826721501688,,2.3725438007590705
0.8129133566428556,,3.100439475279108
1.1789769472931697,,2.098643725817057
1.3729120029701063,,2.4967913157000425
0.9590413923210936,,2.202215775801132
1.3263358609287514,,2.3500540935790304
0.5185139398778874,,2.113609151073028
0.4623979978989561,,2.795741020869244
-0.6989700043360187,,2.9085922388475693
1.688419822002711,,1.252853030979893
1.24551266781415,,1.9800033715837464
1.0969100130080565,,2.588159616383092
1.100370545117563,,3.0529246837077286
1.9479236198317265,,1.887617300335736
0.7403626894942439,,0.8512583487190752
1.846955325019824,,2.729812507160936
2.019531684531255,,2.144262773761991
0.6334684555795865,,2.4396484295634737
-0.6989700043360187,,1.1430148002540952
2.5676144427308447,,4.015141715036791
1.0530784434834195,,3.419344333673843
1.557507201905658,,1.9623693356700207
1.307496037913213,,2.9524533964230333
1.0492180226701815,,2.847819347295239
0.2304489213782739,,1.8915374576725643
1.3710678622717365,,3.234289446933935
1.1760912590556811,,2.201123897207379
1.8344207036815323,,1.8656960599160703
1.5327543789924978,,2.5444401373176926
0.4313637641589873,,2.686546899063006
1.6830470382388496,,2.7695250201710504
1.8350561017201164,,2.642068627341504
0.6127838567197355,,1.611723308007342
0.9912260756924948,,1.8704039052790271
1.934498451243568,,3.365506704077209
0.9822712330395684,,2.281260687055013
1.3384564936046048,,2.5174598265402324
0.4771212547196624,,1.3944516808262162
1.4281347940287887,,2.553761698390004
1.615950051656401,,2.747334109615905
1.0,,2.0051805125037805
0.6020599913279624,,1.765668554759014
0.8692317197309762,,1.0969100130080565
1.5831987739686226,,1.505149978319906
1.271841606536499,,3.248046869358661
0.8864907251724818,,1.823474229170301
1.0086001717619175,,1.6910814921229684
1.294466226161593,,3.221022805204841
1.974971994298069,,2.7113009599161657
2.26528962586083,,2.9379189026477803
2.553761698390004,,3.451510117934316
0.7558748556724915,,2.446226401778163
0.2787536009528289,,1.6875289612146342
2.404491617758686,,3.5321681316937004
0.7993405494535817,,2.931457870689005
0.4623979978989561,,1.7084209001347128
2.596377143997599,,2.907787443110616
1.5843312243675307,,3.456198964659237
1.8325089127062364,,2.6161603128475828
2.085290578230065,,3.567684958437205
1.1238516409670858,,3.093561757565289
0.7993405494535817,,1.8407332346118068
1.1072099696478683,,1.9041743682841632
0.9344984512435676,,1.9350031514536548
1.5390760987927767,,2.2895889525425965
0.2304489213782739,,2.5171958979499744
0.380211241711606,,2.385069776331935
1.260071387985075,,2.638888424705076
1.1583624920952498,,2.625003601014864
0.6532125137753437,,1.847572659142112
1.0128372247051722,,2.5371892262436444
0.0791812460476248,,1.999130541287371
1.2148438480476975,,2.281941933440825
0.8061799739838872,,1.8573324964312683
1.100370545117563,,2.6450290647211423
2.521530341278711,,3.3648697986669625
1.403120521175818,,2.8194781283621224
1.9052560487484511,,2.7290027092721902
1.9758911364017928,,3.320935195468595
-0.6989700043360187,,2.015778756389041
2.243781916093795,,3.149465450995452
1.9469432706978256,,3.0582741466859518
2.6485551556626707,,3.503450193442012
1.6374897295125106,,2.06595298031387
1.3364597338485296,,2.569724949226159
0.5563025007672873,,1.899273187317604
1.2201080880400552,,1.980911937776844
0.6901960800285137,,2.0318122713303706
1.1702617153949575,,2.803798407989674
1.7589118923979734,,2.280350693046006
1.9813655090785445,,3.070665753453728
1.110589710299249,,2.188084373714938
2.139249217571607,,3.100577302789596
2.2895889525425965,,3.5091083925837547
0.4771212547196624,,0.9867717342662448
2.8370831508231857,,3.4591058794872094
1.021189299069938,,2.8055008581584
2.1166077439882485,,3.393206554563365
1.3159703454569178,,2.3165993020938607
1.9289076902439528,,3.212533836186607
1.1583624920952498,,2.2079035303860515
1.3979400086720375,,2.475816413031318
1.2068258760318498,,1.9304395947667
0.380211241711606,,0.6434526764861874
-0.5228787452803376,,1.4955443375464486
1.0,,2.0310042813635367
1.4014005407815442,,2.703978825008386
1.3483048630481609,,3.0258381642297003
1.4065401804339552,,3.047430640155542
1.252853030979893,,2.6851144690465394
1.8603380065709936,,2.3104808914626758
1.4014005407815442,,2.703978825008386
1.801403710017355,,1.9493900066449128
0.5440680443502757,,1.8122446968003696
1.3443922736851108,,2.379668034033654
1.4941545940184429,,2.748575616930992
1.2405492482825995,,1.0755469613925308
2.499687082618404,,3.463445031770428
0.6901960800285137,,2.093421685162235
0.8920946026904804,,2.3925210899319325
1.2787536009528289,,2.194514341882467
0.3424226808222063,,0.8692317197309762
0.5563025007672873,,2.1983821300082944
1.2227164711475833,,2.8558824300360355
1.2013971243204515,,3.216297886630392
1.970811610872517,,3.152135396861876
0.5563025007672873,,2.1983821300082944
0.9030899869919436,,2.295567099962479
2.7811088357294667,,3.594933699846281
0.6720978579357175,,3.1252209363165644
1.4638929889859074,,2.553761698390004
1.7860412102425542,,1.7528164311882717
2.482730700079943,,3.377360898781113
1.670245853074124,,3.008472419302722
2.5593080109070123,,3.692132785740336
1.5327543789924978,,2.5444401373176926
2.398634324538392,,3.3971053617490874
1.9561684304753637,,2.7168377232995247
1.294466226161593,,1.967547976218862
1.434568904034199,,2.91634865227546
0.6334684555795865,,1.9268567089496924
1.5327543789924978,,2.5444401373176926
1.4885507165004443,,1.830588668685144
2.924020700474068,,3.5381840008582675
2.0342272607705505,,2.979457318097848
1.5024271199844328,,2.6996643202023733
0.6232492903979004,,2.219060332448861
2.4252080511386565,,2.9260335966788444
0.041392685158225,,1.3222192947339193
1.1335389083702174,,1.6020599913279625
2.7467898321526123,,2.7704101315139065
1.2479732663618066,,1.4502491083193612
0.7558748556724915,,1.4899584794248346
1.8325089127062364,,2.6161603128475828
1.5563025007672873,,1.9143431571194407
0.4771212547196624,,1.8375884382355112
0.4313637641589873,,0.6989700043360189
-0.5228787452803376,,1.146128035678238
1.1430148002540952,,2.7294887691795613
0.041392685158225,,2.3218054838575397
