{
  "shape": [
    5,
    5
  ],
  "tag": "openadmet-chembl",
  "OPENADMET_LOGAC50": {
    "fit_time": {
      "value": [
        3.171340227127075,
        3.2351901531219482,
        3.0915119647979736,
        3.2222912311553955,
        3.0882158279418945,
        3.1624867916107178,
        3.0253477096557617,
        3.3763158321380615,
        3.0645580291748047,
        3.354788064956665,
        3.2004239559173584,
        3.4053239822387695,
        3.033684015274048,
        3.1857988834381104,
        3.0597901344299316,
        3.07856822013855,
        3.279690980911255,
        3.4451229572296143,
        3.4767370223999023,
        3.105441093444824,
        3.1063778400421143,
        3.2386302947998047,
        3.476093053817749,
        3.157405376434326,
        3.249084949493408
      ],
      "mean": 3.2116087436676026,
      "lower_ci": 2.9356290708464527,
      "upper_ci": 3.4875884164887525,
      "confidence_level": 0.95
    },
    "score_time": {
      "value": [
        0.010380983352661133,
        0.012814998626708984,
        0.010925769805908203,
        0.01194310188293457,
        0.011419057846069336,
        0.013399124145507812,
        0.010164022445678711,
        0.010998010635375977,
        0.010165214538574219,
        0.012127161026000977,
        0.012631893157958984,
        0.011091947555541992,
        0.010389089584350586,
        0.010119199752807617,
        0.013170003890991211,
        0.011567831039428711,
        0.013257980346679688,
        0.012885093688964844,
        0.009768962860107422,
        0.009969949722290039,
        0.01377415657043457,
        0.010562658309936523,
        0.010406970977783203,
        0.012485742568969727,
        0.010914087295532227
      ],
      "mean": 0.011493320465087891,
      "lower_ci": 0.00903944967503887,
      "upper_ci": 0.013947191255136913,
      "confidence_level": 0.95
    },
    "mse": {
      "value": [
        0.3364102168461122,
        0.29176455567359827,
        0.29801647480902116,
        0.35189409590883414,
        0.27589246019700986,
        0.28384546636555535,
        0.2926247854478635,
        0.32654564189281887,
        0.3137802014085736,
        0.32724105520409263,
        0.30557249538824716,
        0.32638441004815777,
        0.27522445299901166,
        0.33759966643409206,
        0.3140142323249548,
        0.3458124042191351,
        0.3031418731179227,
        0.31522760652796494,
        0.31666909056722925,
        0.31343348791351755,
        0.30452693790885366,
        0.31969757272911253,
        0.31796279044807196,
        0.30847604625863256,
        0.329407236616927
      ],
      "mean": 0.3132466102902124,
      "lower_ci": 0.2739360327227293,
      "upper_ci": 0.35255718785769546,
      "confidence_level": 0.95
    },
    "mae": {
      "value": [
        0.43268986993780795,
        0.38918739205062963,
        0.3930750144403027,
        0.41884153234575205,
        0.37552599877903897,
        0.3903365595566217,
        0.38971963151827604,
        0.41452943315783963,
        0.41023261538262085,
        0.39807928487348826,
        0.39906705075980076,
        0.4093183858083978,
        0.3868967289688626,
        0.4139253707783857,
        0.40123372506860105,
        0.41512596998324525,
        0.4065757268323492,
        0.4035797343829978,
        0.40098812094835284,
        0.4088818331281832,
        0.40352330482329346,
        0.40693583818575346,
        0.40688989507560724,
        0.3948295508977679,
        0.4066431527146798
      ],
      "mean": 0.40306526881594623,
      "lower_ci": 0.3794996343522215,
      "upper_ci": 0.42663090327967096,
      "confidence_level": 0.95
    },
    "r2": {
      "value": [
        0.582263779347348,
        0.5888280532197943,
        0.5512715360529222,
        0.5869042412094396,
        0.5955625402472868,
        0.6561705551835352,
        0.5958581443943685,
        0.5917055526853809,
        0.5412313293871356,
        0.5199469037158109,
        0.5964041523544772,
        0.6023952373097561,
        0.6012974164983403,
        0.5318176090730262,
        0.5652872998308646,
        0.5410165075245297,
        0.6121414227266972,
        0.5521718709192742,
        0.581531099302254,
        0.5662708727284118,
        0.6063738605967934,
        0.5618136676109979,
        0.5693012053985683,
        0.5887692618983884,
        0.5429961004668282
      ],
      "mean": 0.5771732087872892,
      "lower_ci": 0.517609512103475,
      "upper_ci": 0.6367369054711034,
      "confidence_level": 0.95
    },
    "ktau": {
      "value": [
        0.5128260586530358,
        0.5291791740780318,
        0.5351082012175584,
        0.5438135175078153,
        0.5294773341989572,
        0.5419093753043209,
        0.5404316274154691,
        0.5393891586283335,
        0.5113215811415901,
        0.5240919292160934,
        0.5266003413162293,
        0.5227542393742491,
        0.532300644278719,
        0.5206277309088445,
        0.5267204159343254,
        0.5215655329381984,
        0.5514062324172336,
        0.5042719833424618,
        0.5536975309654406,
        0.5005973683268558,
        0.5407080594598991,
        0.5134895777237263,
        0.5155075844873063,
        0.5402837997667751,
        0.509725839364376
      ],
      "mean": 0.5275121935186339,
      "lower_ci": 0.49927895130544525,
      "upper_ci": 0.5557454357318224,
      "confidence_level": 0.95
    },
    "spearmanr": {
      "value": [
        0.6854762081708619,
        0.7060577408519064,
        0.7121991545122355,
        0.7239042745497465,
        0.7042709728413465,
        0.7183384273151404,
        0.7225523198289896,
        0.714606091472916,
        0.6872849395065206,
        0.6920464818774974,
        0.702012803590743,
        0.6938283397573223,
        0.7114644863175515,
        0.6916012721370738,
        0.6967039659052464,
        0.697545443839486,
        0.7339710509477807,
        0.6723559335873949,
        0.7346661954105532,
        0.6747781050880172,
        0.7218666747699384,
        0.6858368612682392,
        0.6875559694751584,
        0.7183840209476491,
        0.6799939609701524
      ],
      "mean": 0.7027720677975787,
      "lower_ci": 0.6677428885941264,
      "upper_ci": 0.737801247001031,
      "confidence_level": 0.95
    }
  }
}