{
  "tag": "openadmet-chembl",
  "OPENADMET_LOGAC50": {
    "mse": {
      "value": 0.3364102168461123,
      "lower_ci": 0.2962359768861333,
      "upper_ci": 0.3745759603277104,
      "confidence_level": 0.95
    },
    "mae": {
      "value": 0.43268986993780795,
      "lower_ci": 0.4077969788605573,
      "upper_ci": 0.4569438887229696,
      "confidence_level": 0.95
    },
    "r2": {
      "value": 0.582263779347348,
      "lower_ci": 0.5326493306733371,
      "upper_ci": 0.6397100124543503,
      "confidence_level": 0.95
    },
    "ktau": {
      "value": 0.5128260586530358,
      "lower_ci": 0.4783269638982759,
      "upper_ci": 0.5471577472674436,
      "confidence_level": 0.95
    },
    "spearmanr": {
      "value": 0.6854762081708619,
      "lower_ci": 0.6459395138742328,
      "upper_ci": 0.7276986530750242,
      "confidence_level": 0.95
    }
  }
}