{
  "shape": [
    5,
    5
  ],
  "tag": "chemprop-PXR-chembl",
  "OPENADMET_LOGAC50": {
    "mse": {
      "value": [
        0.3737271566272188,
        0.3221051394166875,
        0.39724408138777856,
        0.4142498025992243,
        0.3244909386327045,
        0.31192723834170255,
        0.41722476283688614,
        0.32827976868637565,
        0.4307895869562738,
        0.3691151317126239,
        0.3774148495291657,
        0.42775399285441956,
        0.35744121719920147,
        0.30375748782832324,
        0.3634777384827341,
        0.4431311754908383,
        0.4584414081317939,
        0.33056026988577586,
        0.34708948413786256,
        0.2878879690221663,
        0.4402285326582716,
        0.36480321616097455,
        0.3058889440673812,
        0.37845134610974623,
        0.4209010342884542
      ],
      "mean": 0.3718552909217834,
      "lower_ci": 0.2740731263652643,
      "upper_ci": 0.46963745547830243,
      "confidence_level": 0.95
    },
    "mae": {
      "value": [
        0.44097526724088437,
        0.41661999020798135,
        0.4329036202260427,
        0.44458829515424125,
        0.42656587268624985,
        0.43445096803476974,
        0.466425143231434,
        0.43139657414148724,
        0.4401459218093327,
        0.42281150238962667,
        0.4430240733992486,
        0.452852886816001,
        0.4453244874998156,
        0.40297192437686613,
        0.43229876285120516,
        0.46322670009499833,
        0.4799713297279513,
        0.42069491219331345,
        0.4337245735706705,
        0.4074915576217666,
        0.4759523748735673,
        0.44391748029186945,
        0.4088256843317123,
        0.4586835010535593,
        0.45476577177407257
      ],
      "mean": 0.4392243670239467,
      "lower_ci": 0.399278872219628,
      "upper_ci": 0.4791698618282654,
      "confidence_level": 0.95
    },
    "r2": {
      "value": [
        0.5428326154288791,
        0.5090224476925208,
        0.42613339027897845,
        0.4756807774807462,
        0.5364461272233214,
        0.4875488681351964,
        0.46848714908094313,
        0.4903326533691019,
        0.4930587792944222,
        0.5188650277397437,
        0.4347557097385941,
        0.46122951071006923,
        0.5084195073465515,
        0.5839032188985027,
        0.5063708559484374,
        0.4170314313552135,
        0.4491823222518393,
        0.558179873778689,
        0.464068478589183,
        0.5674985274888078,
        0.41776034389276473,
        0.4793372779312618,
        0.5253568801523565,
        0.5236548737427493,
        0.44260017199030777
      ],
      "mean": 0.49151027278156717,
      "lower_ci": 0.39990003774765437,
      "upper_ci": 0.58312050781548,
      "confidence_level": 0.95
    },
    "ktau": {
      "value": [
        0.5104024647954004,
        0.4896555595609884,
        0.4971620230392961,
        0.5103367769877906,
        0.5072838845955873,
        0.4720436775898024,
        0.4953533588759103,
        0.4911077505306529,
        0.5041369873773531,
        0.518004530130565,
        0.4741697092528964,
        0.5009312067484638,
        0.49409226748473595,
        0.539432610768854,
        0.4957108693206648,
        0.48953699264552636,
        0.45301670121295895,
        0.5057889398479917,
        0.47935574121313707,
        0.5188944064312185,
        0.46410686612877367,
        0.4754190312650646,
        0.5122957991413509,
        0.49412113683322334,
        0.48445202967718276
      ],
      "mean": 0.4950724528582156,
      "lower_ci": 0.45769245620064475,
      "upper_ci": 0.5324524495157865,
      "confidence_level": 0.95
    },
    "spearmanr": {
      "value": [
        0.6857359057788489,
        0.6640196507327444,
        0.6657373980917703,
        0.6868418891013685,
        0.683475391327579,
        0.6452014852978614,
        0.6679463275747466,
        0.6614060514120059,
        0.6684998697667434,
        0.6912501393900745,
        0.643799979118666,
        0.6737002339132712,
        0.6679877108449915,
        0.7181554405220049,
        0.6673134156241964,
        0.6617235888771362,
        0.6137466543508051,
        0.6799790432675843,
        0.652869502217126,
        0.6945859925575958,
        0.6298031503985841,
        0.6484441328978642,
        0.6929686948442189,
        0.6677770373882923,
        0.6476577803538343
      ],
      "mean": 0.6672250586259965,
      "lower_ci": 0.6232275239655732,
      "upper_ci": 0.7112225932864197,
      "confidence_level": 0.95
    }
  }
}