{
  "shape": [
    5,
    5
  ],
  "tag": "openadmet-chembl",
  "OPENADMET_LOGAC50": {
    "fit_time": {
      "value": [
        0.3458549976348877,
        0.4077787399291992,
        0.9988529682159424,
        0.4105868339538574,
        0.4034891128540039,
        0.4604489803314209,
        0.35425496101379395,
        0.30921077728271484,
        0.33507299423217773,
        0.3717041015625,
        0.3639822006225586,
        0.3391258716583252,
        0.3954291343688965,
        0.39544200897216797,
        0.34746789932250977,
        0.30497288703918457,
        0.5399219989776611,
        0.4040350914001465,
        0.3581278324127197,
        0.40725111961364746,
        0.39220190048217773,
        0.3824009895324707,
        0.37340521812438965,
        0.4013218879699707,
        0.43672895431518555
      ],
      "mean": 0.4095627784729004,
      "lower_ci": 0.1505544560397818,
      "upper_ci": 0.668571100906019,
      "confidence_level": 0.95
    },
    "score_time": {
      "value": [
        0.0065648555755615234,
        0.004585981369018555,
        0.01311182975769043,
        0.015148162841796875,
        0.0052490234375,
        0.014895200729370117,
        0.004950046539306641,
        0.0046231746673583984,
        0.004481077194213867,
        0.015471935272216797,
        0.005884885787963867,
        0.004834175109863281,
        0.004921674728393555,
        0.0059299468994140625,
        0.005690097808837891,
        0.004431009292602539,
        0.0061419010162353516,
        0.0054509639739990234,
        0.00490117073059082,
        0.00467991828918457,
        0.0048029422760009766,
        0.006227016448974609,
        0.004703998565673828,
        0.004904985427856445,
        0.005383014678955078
      ],
      "mean": 0.006718759536743164,
      "lower_ci": -0.0003422667945539772,
      "upper_ci": 0.013779785868040306,
      "confidence_level": 0.95
    },
    "mse": {
      "value": [
        0.29912090847736933,
        0.32203059393816846,
        0.31361988317428313,
        0.4070915202817392,
        0.3488716290523092,
        0.3926323775116638,
        0.23562658418449572,
        0.3074563975393129,
        0.3362103412693979,
        0.32112275859972295,
        0.2880597802001839,
        0.29801678523304875,
        0.2957427470883459,
        0.43592349352835935,
        0.2768376019184388,
        0.292355398813872,
        0.39649758810946767,
        0.3726697698504866,
        0.3612988132712434,
        0.29676951974455906,
        0.24364708829904458,
        0.3335283774518949,
        0.35332668295524466,
        0.3744111913689828,
        0.3610279990434961
      ],
      "mean": 0.33055583323620524,
      "lower_ci": 0.2327822843051296,
      "upper_ci": 0.4283293821672809,
      "confidence_level": 0.95
    },
    "mae": {
      "value": [
        0.4129740755905178,
        0.4374281246423605,
        0.4376682744096693,
        0.4821701976271416,
        0.4561748219033952,
        0.47684505881878425,
        0.3956791091260206,
        0.4367225158878267,
        0.45119636501396826,
        0.43277931601973174,
        0.4260028418137075,
        0.4306923777151431,
        0.3959697589832918,
        0.5005100389584412,
        0.4126109340924583,
        0.4269601453473246,
        0.4450583883186607,
        0.4726961021768263,
        0.4679393602546689,
        0.4234038719509514,
        0.37951157084834763,
        0.4488368204202104,
        0.45159481815607877,
        0.4861487946104868,
        0.4555625295927475
      ],
      "mean": 0.4417254484911504,
      "lower_ci": 0.38317896132790424,
      "upper_ci": 0.5002719356543966,
      "confidence_level": 0.95
    },
    "r2": {
      "value": [
        0.4316114083652042,
        0.5646232377680716,
        0.531127810943232,
        0.43483082121914274,
        0.4670088135428806,
        0.530301212495834,
        0.562948976724229,
        0.5346384497386926,
        0.4498273157584881,
        0.5092933230556232,
        0.5000317093547186,
        0.5696535765707944,
        0.5342878962116777,
        0.4185980635337627,
        0.5805210930033083,
        0.5526983324866228,
        0.34258426657050134,
        0.4151974127678626,
        0.5388752566409973,
        0.5174326422431048,
        0.5384723200866832,
        0.5383976919252527,
        0.5374301218465735,
        0.48399854697007894,
        0.3559481265902783
      ],
      "mean": 0.4976135370565446,
      "lower_ci": 0.3681207524806054,
      "upper_ci": 0.6271063216324838,
      "confidence_level": 0.95
    },
    "ktau": {
      "value": [
        0.49553436806646045,
        0.4769962097968553,
        0.4912484239179763,
        0.4179942210237458,
        0.4738902619574906,
        0.4680347773822927,
        0.5320546486886936,
        0.5293656864775848,
        0.46511069813698297,
        0.47130539386134784,
        0.5082380895574037,
        0.5296363562265609,
        0.5001776035139084,
        0.4449067638196587,
        0.5192728164699547,
        0.4487003740744671,
        0.42100689550045456,
        0.4521416153263439,
        0.5295712750388432,
        0.47695438639620585,
        0.5093726272028039,
        0.4990940709775395,
        0.5026096401430832,
        0.48436673704116495,
        0.4512407454866253
      ],
      "mean": 0.48395298744337795,
      "lower_ci": 0.4192138503264035,
      "upper_ci": 0.5486921245603524,
      "confidence_level": 0.95
    },
    "spearmanr": {
      "value": [
        0.6676252251852023,
        0.6497928618384154,
        0.6761098007494389,
        0.5837925738932555,
        0.6485837784751869,
        0.6422554950443474,
        0.7267970944304099,
        0.7092115771241163,
        0.6387632841681553,
        0.644496122637903,
        0.6950938335216569,
        0.7107183510180372,
        0.6735003325516193,
        0.6111175018526518,
        0.7046154207377957,
        0.6183361239013478,
        0.5639173298240303,
        0.6312932124743422,
        0.7152937126078769,
        0.65328796150102,
        0.6839048911392741,
        0.6938445266228921,
        0.6851860086705955,
        0.6676409159143658,
        0.6042752709891771
      ],
      "mean": 0.6599781282749245,
      "lower_ci": 0.5769925171200642,
      "upper_ci": 0.7429637394297849,
      "confidence_level": 0.95
    }
  }
}