{
  "tag": "openadmet-chembl",
  "OPENADMET_LOGAC50": {
    "mse": {
      "value": 0.25676457859174306,
      "lower_ci": 0.19607384807824885,
      "upper_ci": 0.3102602814688399,
      "confidence_level": 0.95
    },
    "mae": {
      "value": 0.40255358463192253,
      "lower_ci": 0.3583025477764807,
      "upper_ci": 0.44556801265423285,
      "confidence_level": 0.95
    },
    "r2": {
      "value": 0.6382030087839119,
      "lower_ci": 0.5579762701616645,
      "upper_ci": 0.7489374726576652,
      "confidence_level": 0.95
    },
    "ktau": {
      "value": 0.5581858592004743,
      "lower_ci": 0.4894599000523234,
      "upper_ci": 0.6348046619029504,
      "confidence_level": 0.95
    },
    "spearmanr": {
      "value": 0.7425708516663359,
      "lower_ci": 0.6737816867744311,
      "upper_ci": 0.8311492057455789,
      "confidence_level": 0.95
    }
  }
}