{
  "tag": "lgbm-PXR-chembl",
  "OPENADMET_LOGAC50": {
    "mse": {
      "value": 0.2852050966673439,
      "lower_ci": 0.2235409983916934,
      "upper_ci": 0.3390483454354907,
      "confidence_level": 0.95
    },
    "mae": {
      "value": 0.41328850068440487,
      "lower_ci": 0.37358702873704497,
      "upper_ci": 0.45133427071458193,
      "confidence_level": 0.95
    },
    "r2": {
      "value": 0.5747608082686504,
      "lower_ci": 0.4924607549733818,
      "upper_ci": 0.6752000976346842,
      "confidence_level": 0.95
    },
    "ktau": {
      "value": 0.5340977796294634,
      "lower_ci": 0.47551766530470996,
      "upper_ci": 0.5981638817569017,
      "confidence_level": 0.95
    },
    "spearmanr": {
      "value": 0.7184675783485436,
      "lower_ci": 0.6568239834301551,
      "upper_ci": 0.7931671080928725,
      "confidence_level": 0.95
    }
  }
}
