{
  "shape": [
    5,
    2
  ],
  "tag": "chemprop-PXR-chembl",
  "OPENADMET_LOGAC50": {
    "mse": {
      "value": [
        0.666052608009604,
        0.6651391171009795,
        0.36629968815018277,
        0.5649365193386046,
        0.5320242612467726,
        0.4369806687106173,
        0.6455717664329093,
        0.5310669936212007,
        0.4771211286334066,
        0.5936429377874325
      ],
      "mean": 0.547883568903171,
      "lower_ci": 0.351393131835887,
      "upper_ci": 0.7443740059704551,
      "confidence_level": 0.95
    },
    "mae": {
      "value": [
        0.6037794366990678,
        0.6038377633239284,
        0.4718859032428626,
        0.5785717001828281,
        0.5739798015151361,
        0.5174600787210946,
        0.6069187484124694,
        0.5422947374016348,
        0.5391306919521756,
        0.5764127936026062
      ],
      "mean": 0.5614271655053804,
      "lower_ci": 0.4758648772284585,
      "upper_ci": 0.6469894537823023,
      "confidence_level": 0.95
    },
    "r2": {
      "value": [
        -0.05487161372328386,
        0.20559128746236843,
        0.3275235708368366,
        0.24960956365069453,
        0.08511259148864447,
        0.29997340266666095,
        0.18563753474269729,
        0.24516335333831019,
        0.1348320068002843,
        0.12993318369993545
      ],
      "mean": 0.18085048809631482,
      "lower_ci": -0.040357559759214956,
      "upper_ci": 0.4020585359518446,
      "confidence_level": 0.95
    },
    "ktau": {
      "value": [
        0.24507783689316126,
        0.3274457593184246,
        0.377339349557427,
        0.3548764141023847,
        0.31213116306904054,
        0.38044535672368135,
        0.35260088628141284,
        0.34267885663478975,
        0.31280124599971504,
        0.30609790308294016
      ],
      "mean": 0.3311494771662978,
      "lower_ci": 0.2525670461284571,
      "upper_ci": 0.40973190820413846,
      "confidence_level": 0.95
    },
    "spearmanr": {
      "value": [
        0.3521340809712176,
        0.4710995971662349,
        0.538410262194023,
        0.5164848643761367,
        0.44791123173517966,
        0.5323346096566565,
        0.504351773918977,
        0.4960271548690055,
        0.45682396086061255,
        0.44055591961534407
      ],
      "mean": 0.4756133455363387,
      "lower_ci": 0.36689700484792426,
      "upper_ci": 0.5843296862247531,
      "confidence_level": 0.95
    }
  }
}
