{
  "shape": [
    5,
    5
  ],
  "tag": "openadmet-chembl",
  "OPENADMET_LOGAC50": {
    "fit_time": {
      "value": [
        0.43243861198425293,
        0.48519301414489746,
        0.5120303630828857,
        0.3949751853942871,
        0.43439316749572754,
        0.4371461868286133,
        0.411837100982666,
        0.43743205070495605,
        0.48303914070129395,
        0.4043715000152588,
        0.4276890754699707,
        0.45998454093933105,
        0.4032454490661621,
        0.4052863121032715,
        0.41145825386047363,
        0.40987682342529297,
        0.4027245044708252,
        0.4040350914001465,
        0.43097925186157227,
        0.4250795841217041,
        0.414994478225708,
        0.41402196884155273,
        0.4219205379486084,
        0.42043042182922363,
        0.42205023765563965
      ],
      "mean": 0.42826531410217283,
      "lower_ci": 0.3717119056010502,
      "upper_ci": 0.48481872260329545,
      "confidence_level": 0.95
    },
    "score_time": {
      "value": [
        0.004621028900146484,
        0.004577159881591797,
        0.004534006118774414,
        0.004480600357055664,
        0.004434108734130859,
        0.004541158676147461,
        0.0043485164642333984,
        0.00451970100402832,
        0.004743337631225586,
        0.0044672489166259766,
        0.00444483757019043,
        0.004420280456542969,
        0.00482487678527832,
        0.004202604293823242,
        0.004217624664306641,
        0.004385232925415039,
        0.0046689510345458984,
        0.004461050033569336,
        0.004088640213012695,
        0.004174232482910156,
        0.004078865051269531,
        0.004307270050048828,
        0.004755735397338867,
        0.004825592041015625,
        0.004378318786621094
      ],
      "mean": 0.004460039138793945,
      "lower_ci": 0.00404536978634004,
      "upper_ci": 0.00487470849124785,
      "confidence_level": 0.95
    },
    "mse": {
      "value": [
        0.3479656509603264,
        0.3299416156526907,
        0.3603077759139521,
        0.3041070650556461,
        0.3630265489021384,
        0.3300111017009924,
        0.32665756469929574,
        0.388789379804619,
        0.33727357460413065,
        0.3534176369745164,
        0.33732964342541555,
        0.39191521048381145,
        0.34382275371709087,
        0.34747184609482556,
        0.32449746796255047,
        0.3181111508311542,
        0.41448694577798845,
        0.33162833828780014,
        0.3665187664735144,
        0.3010406286874374,
        0.36620663695978656,
        0.3437143402628169,
        0.35534601320243436,
        0.29408226753022043,
        0.3457219732629131
      ],
      "mean": 0.3449356758891227,
      "lower_ci": 0.2897293342452841,
      "upper_ci": 0.40014201753296136,
      "confidence_level": 0.95
    },
    "mae": {
      "value": [
        0.42833662017612467,
        0.42404857661176737,
        0.44482415574836437,
        0.4022873293111305,
        0.4328525969465457,
        0.42370048627976287,
        0.43257852510778577,
        0.43016824256297176,
        0.4329887222571984,
        0.42778521137285175,
        0.4176017935709219,
        0.44890100632185836,
        0.4296100750700052,
        0.42677011385424696,
        0.4309784545558397,
        0.4176279372703727,
        0.4496987838684234,
        0.429732851971353,
        0.43491701774315955,
        0.4201156036221913,
        0.4337532018925381,
        0.42878223264921633,
        0.4248551458082172,
        0.4167510711527925,
        0.428845387808966
      ],
      "mean": 0.42874044574138426,
      "lower_ci": 0.40890103673861944,
      "upper_ci": 0.4485798547441491,
      "confidence_level": 0.95
    },
    "r2": {
      "value": [
        0.5320746824908906,
        0.5689687423554044,
        0.5073440922771997,
        0.5086752043690973,
        0.5308939821107359,
        0.48620214616197477,
        0.4874306628253947,
        0.5447286412034292,
        0.5497525114728892,
        0.529091914674694,
        0.5065588901434368,
        0.5056227863391607,
        0.5422524325993371,
        0.4571598371197655,
        0.5759605380796693,
        0.5089341479229366,
        0.48178818427236525,
        0.5505099771057833,
        0.5176749800100382,
        0.5643594519047193,
        0.5616419996835125,
        0.532387940315685,
        0.5120982618979895,
        0.5593969523521092,
        0.4807616725558007
      ],
      "mean": 0.5240908252897607,
      "lower_ci": 0.46236200412414397,
      "upper_ci": 0.5858196464553774,
      "confidence_level": 0.95
    },
    "ktau": {
      "value": [
        0.4840859893150339,
        0.48358150960538726,
        0.494519299504423,
        0.5008658777775495,
        0.5056581925088554,
        0.45138985615129784,
        0.4742194947987856,
        0.5328726830719313,
        0.4793589111845179,
        0.5120348114465246,
        0.47691333128763136,
        0.491506006248741,
        0.4909946206233179,
        0.4592244852777877,
        0.519647651553007,
        0.48386123724649066,
        0.48723974615696464,
        0.4910628731097022,
        0.4814685699869738,
        0.49358340353262514,
        0.49633123855619204,
        0.48255261777043046,
        0.4700397326013319,
        0.4993822294121589,
        0.49428620536030415
      ],
      "mean": 0.4894672229635185,
      "lower_ci": 0.45513893748916506,
      "upper_ci": 0.523795508437872,
      "confidence_level": 0.95
    },
    "spearmanr": {
      "value": [
        0.6574247265995767,
        0.646985465809423,
        0.6704975205849621,
        0.6772585046146892,
        0.679172854464775,
        0.6152936188306913,
        0.645350000382544,
        0.7135167278271135,
        0.6452963667514708,
        0.6935973671869348,
        0.6434460678284397,
        0.6708104656124979,
        0.6634693522221353,
        0.6260517981100158,
        0.702192816338229,
        0.65977963120293,
        0.6537984577364232,
        0.6648355705123266,
        0.6504079384491123,
        0.6712749712680042,
        0.6674567458038428,
        0.6571221559982464,
        0.6420802837045289,
        0.6749354055287328,
        0.6670265673026351
      ],
      "mean": 0.6623632552268113,
      "lower_ci": 0.6194441203034102,
      "upper_ci": 0.7052823901502123,
      "confidence_level": 0.95
    }
  }
}