{
  "tag": "openadmet-chembl",
  "OPENADMET_LOGAC50": {
    "mse": {
      "value": 0.3364102168461123,
      "lower_ci": 0.2957971066743533,
      "upper_ci": 0.3746374417391502,
      "confidence_level": 0.95
    },
    "mae": {
      "value": 0.43268986993780795,
      "lower_ci": 0.40791386172335187,
      "upper_ci": 0.45717016667673477,
      "confidence_level": 0.95
    },
    "r2": {
      "value": 0.582263779347348,
      "lower_ci": 0.531483055448805,
      "upper_ci": 0.6384480799071631,
      "confidence_level": 0.95
    },
    "ktau": {
      "value": 0.5128260586530358,
      "lower_ci": 0.4785465267511716,
      "upper_ci": 0.550040741449128,
      "confidence_level": 0.95
    },
    "spearmanr": {
      "value": 0.6854762081708619,
      "lower_ci": 0.6462631541430399,
      "upper_ci": 0.7279867060506388,
      "confidence_level": 0.95
    }
  }
}