{
  "tag": "openadmet-chembl",
  "OPENADMET_LOGAC50": {
    "mse": {
      "value": 0.3320658565264385,
      "lower_ci": 0.2810501823317934,
      "upper_ci": 0.37841051872719045,
      "confidence_level": 0.95
    },
    "mae": {
      "value": 0.4181611158594991,
      "lower_ci": 0.3927547944614986,
      "upper_ci": 0.44286694170762225,
      "confidence_level": 0.95
    },
    "r2": {
      "value": 0.5876583737152236,
      "lower_ci": 0.5348502877895754,
      "upper_ci": 0.6477663358469486,
      "confidence_level": 0.95
    },
    "ktau": {
      "value": 0.5362371477744434,
      "lower_ci": 0.5038842453220111,
      "upper_ci": 0.5695730844714796,
      "confidence_level": 0.95
    },
    "spearmanr": {
      "value": 0.7149654943749528,
      "lower_ci": 0.6792761873602541,
      "upper_ci": 0.7544052582910972,
      "confidence_level": 0.95
    }
  }
}