{
  "shape": [
    5,
    5
  ],
  "tag": "chemprop",
  "OPENADMET_LOGAC50_cyp3a4": {
    "mse": {
      "value": [
        0.28267242660056435,
        0.28235633672406935,
        0.2801709967742739,
        0.2532903815207343,
        0.23800722595629745,
        0.25630477190084905,
        0.258081150709079,
        0.25890642665875835,
        0.24542068713293885,
        0.2797387745672861,
        0.25208822850272034,
        0.26292414451072055,
        0.2612091613053717,
        0.29521804198015483,
        0.22318235941047876,
        0.26575185926554157,
        0.27495732128852324,
        0.2606975619721583,
        0.2538898650319494,
        0.26999193870960425,
        0.254780386065901,
        0.27022344661938785,
        0.2886732384434444,
        0.2494467955283682,
        0.2655841777652854
      ],
      "mean": 0.26334270819777844,
      "lower_ci": 0.23121141612554708,
      "upper_ci": 0.2954740002700098,
      "confidence_level": 0.95
    },
    "mae": {
      "value": [
        0.3564714896713956,
        0.38044435437027785,
        0.36858487299625237,
        0.3481766218416281,
        0.34672683852679237,
        0.35877380386194213,
        0.3584567859449544,
        0.3531872922457811,
        0.35362970035522573,
        0.35852758932226964,
        0.35210668357162433,
        0.3555248558865084,
        0.3544905660733941,
        0.373994124826004,
        0.34348929268228057,
        0.35394394826441716,
        0.36631263087361227,
        0.3605341794868129,
        0.36455521225007614,
        0.35786366214151116,
        0.35913131672999304,
        0.3633893698743342,
        0.3717952018274639,
        0.35654610967008926,
        0.3576662434443767
      ],
      "mean": 0.35897290986956065,
      "lower_ci": 0.3422903722394924,
      "upper_ci": 0.3756554474996289,
      "confidence_level": 0.95
    },
    "r2": {
      "value": [
        0.3692113436807267,
        0.32920160386881026,
        0.40546690171349986,
        0.3969279577480259,
        0.4011308019972949,
        0.4306278957133388,
        0.4075420080902372,
        0.4065475802200993,
        0.38796896925420443,
        0.3578827003708597,
        0.4294323054604283,
        0.3539441815983584,
        0.4219350657239562,
        0.3431589253900843,
        0.4542888238159444,
        0.42032340012184854,
        0.38414170163969485,
        0.3662523524409197,
        0.4258991186025731,
        0.3256493431390627,
        0.3644637349021731,
        0.38935390554388205,
        0.3318026694433207,
        0.3916221579481699,
        0.43920932040474747
      ],
      "mean": 0.38935939075329046,
      "lower_ci": 0.3184540402237423,
      "upper_ci": 0.4602647412828386,
      "confidence_level": 0.95
    },
    "ktau": {
      "value": [
        0.44775247666897816,
        0.39479521401750767,
        0.4264200402349634,
        0.447323551480783,
        0.4237218172635071,
        0.4254327463565016,
        0.4502240499609496,
        0.4330228983823213,
        0.4436272830183223,
        0.4117212284229901,
        0.4421503584294352,
        0.42545502293210063,
        0.4349376983530673,
        0.4212523158045191,
        0.44525598345668826,
        0.44509324890580526,
        0.40019168124981314,
        0.40891155359943615,
        0.43074612084991787,
        0.4305645152672174,
        0.4277359541157365,
        0.4247562465534436,
        0.41512861548744273,
        0.4211049369276751,
        0.42837212927162843
      ],
      "mean": 0.42822790748043005,
      "lower_ci": 0.399415181734236,
      "upper_ci": 0.4570406332266241,
      "confidence_level": 0.95
    },
    "spearmanr": {
      "value": [
        0.6080219292709482,
        0.5413813794433282,
        0.5792817088621702,
        0.6076658095888858,
        0.5768572534211353,
        0.5779954138707891,
        0.6118482171886784,
        0.5876015532445601,
        0.6042485394034596,
        0.5598285935622055,
        0.6036615396787026,
        0.5821978125682834,
        0.5903635091111221,
        0.5724336465094125,
        0.6044058718287503,
        0.6011918937344466,
        0.5497198652495362,
        0.5597310590184579,
        0.5886713475662945,
        0.5856100574613131,
        0.5823236215911133,
        0.5786944360415233,
        0.5653926855542757,
        0.5784723282891273,
        0.5815011804870368
      ],
      "mean": 0.5831640501018222,
      "lower_ci": 0.5467007648606454,
      "upper_ci": 0.6196273353429989,
      "confidence_level": 0.95
    }
  },
  "OPENADMET_LOGAC50_pxr": {
    "mse": {
      "value": [
        0.3681381792452015,
        0.3518232429115373,
        0.4113699842795628,
        0.3219752210434279,
        0.386496187545758,
        0.2808136116679719,
        0.464490773936978,
        0.34152138843481555,
        0.2288659480518618,
        0.3190367336166767,
        0.36914054848942546,
        0.3599497285288417,
        0.37061196446075373,
        0.37488991994565574,
        0.3547969255105243,
        0.28404878060737504,
        0.45240168028132227,
        0.38526210714324455,
        0.35134722625616854,
        0.3480605405846427,
        0.3184226076636629,
        0.35951577278695307,
        0.44003394618930103,
        0.2678659849311549,
        0.36385415444724817
      ],
      "mean": 0.3549893263424026,
      "lower_ci": 0.24693792488098204,
      "upper_ci": 0.46304072780382316,
      "confidence_level": 0.95
    },
    "mae": {
      "value": [
        0.4832473491084191,
        0.4314286453986889,
        0.4836152004989352,
        0.44381966195455413,
        0.4744461655375363,
        0.4074637239213756,
        0.4911947838465373,
        0.432735344131423,
        0.37466773389951147,
        0.4511584160752138,
        0.45466151041666664,
        0.4699751683996803,
        0.45377503057051205,
        0.44711435249259873,
        0.4537848037196672,
        0.4147556005941855,
        0.5045013265930585,
        0.477506927219245,
        0.4577813045243571,
        0.46140561189651486,
        0.4050058664739826,
        0.45073909820204516,
        0.4978409163157145,
        0.40156891569894015,
        0.47117424886778925
      ],
      "mean": 0.4518147082542861,
      "lower_ci": 0.38812893257474007,
      "upper_ci": 0.5155004839338322,
      "confidence_level": 0.95
    },
    "r2": {
      "value": [
        0.2740360552419605,
        0.48242852966290073,
        0.47537444920152017,
        0.5993533442616872,
        0.3534789665286834,
        0.5384867369818065,
        0.3973368141499881,
        0.5750623267775297,
        0.6725781584395908,
        0.4226047434553266,
        0.4163221437975546,
        0.5256791276499091,
        0.4668512918711545,
        0.4604196814366728,
        0.4279540712740165,
        0.6112298023312805,
        0.40899581445463795,
        0.3546579468872554,
        0.4078143704999371,
        0.5099464006363854,
        0.5736789642607741,
        0.39299097956077034,
        0.49015699149451786,
        0.5424373250242005,
        0.4221738732751251
      ],
      "mean": 0.47208195636620753,
      "lower_ci": 0.28962605311613476,
      "upper_ci": 0.6545378596162803,
      "confidence_level": 0.95
    },