{
  "shape": [
    5,
    5
  ],
  "tag": "openadmet-chembl",
  "OPENADMET_LOGAC50": {
    "fit_time": {
      "value": [
        3.107851028442383,
        3.315417766571045,
        3.313669204711914,
        3.424365997314453,
        3.1994030475616455,
        3.3661837577819824,
        3.5458288192749023,
        3.861016035079956,
        3.7877681255340576,
        3.7264082431793213,
        3.502885103225708,
        3.5325710773468018,
        3.5966689586639404,
        3.754024028778076,
        3.951925039291382,
        3.8865370750427246,
        3.69230580329895,
        3.8437280654907227,
        4.1904237270355225,
        4.57189416885376,
        5.156775236129761,
        4.896944999694824,
        5.176697015762329,
        4.992042064666748,
        5.544464111328125
      ],
      "mean": 3.9575119400024414,
      "lower_ci": 2.601190164348745,
      "upper_ci": 5.313833715656138,
      "confidence_level": 0.95
    },
    "score_time": {
      "value": [
        0.011316061019897461,
        0.012418985366821289,
        0.011536836624145508,
        0.012324094772338867,
        0.012266874313354492,
        0.012107133865356445,
        0.011481046676635742,
        0.012707948684692383,
        0.013474702835083008,
        0.013226985931396484,
        0.011510610580444336,
        0.014088869094848633,
        0.01093602180480957,
        0.013334035873413086,
        0.01603388786315918,
        0.012413978576660156,
        0.013314008712768555,
        0.014445066452026367,
        0.017055988311767578,
        0.015625,
        0.018167734146118164,
        0.015685081481933594,
        0.01669907569885254,
        0.01602482795715332,
        0.023242950439453125
      ],
      "mean": 0.014057512283325196,
      "lower_ci": 0.008596299671833483,
      "upper_ci": 0.01951872489481691,
      "confidence_level": 0.95
    },
    "mse": {
      "value": [
        0.31706483550072573,
        0.28823826413589587,
        0.40332797569605133,
        0.2918231461213103,
        0.36038463218564437,
        0.30208960738135043,
        0.3199117603800552,
        0.37748789883637074,
        0.3305913714967916,
        0.34121437583555864,
        0.3297128228867115,
        0.36419084232106164,
        0.3434744762702275,
        0.29677625433361116,
        0.30329143922468854,
        0.3056398663930838,
        0.3356098811390759,
        0.3150572918190237,
        0.3472149378729366,
        0.2773235505868062,
        0.3133089293509013,
        0.3384272409810567,
        0.3247712129229634,
        0.2903991774362025,
        0.35751905858282873
      ],
      "mean": 0.3269940339876374,
      "lower_ci": 0.26698962566442086,
      "upper_ci": 0.3869984423108539,
      "confidence_level": 0.95
    },
    "mae": {
      "value": [
        0.4096081012612707,
        0.3845136930839372,
        0.44227995407418197,
        0.39784152000501827,
        0.41597334539921654,
        0.4023487939647528,
        0.40755635353802305,
        0.42700521686971077,
        0.4182614397530884,
        0.4194610543610462,
        0.4130129766743476,
        0.4257427542956411,
        0.41218063641674263,
        0.4054489354945246,
        0.39520512736021796,
        0.3933471468597494,
        0.41136805055330955,
        0.41726990678247616,
        0.4180046334220036,
        0.3957541390035481,
        0.40246752941260544,
        0.41466739761927185,
        0.40949983116910244,
        0.39659889765790135,
        0.43138681510778465
      ],
      "mean": 0.4106721700055789,
      "lower_ci": 0.3847706776635217,
      "upper_ci": 0.43657366234763606,
      "confidence_level": 0.95
    },
    "r2": {
      "value": [
        0.5736284216180685,
        0.623449435906958,
        0.4485217270914761,
        0.5285214843588593,
        0.5343078895349107,
        0.5296734226840019,
        0.4980157305607943,
        0.5579626462048355,
        0.5586730003384602,
        0.5453520379296227,
        0.5177006692709134,
        0.5405953914235293,
        0.5427161109113705,
        0.5363593567305065,
        0.603671672690149,
        0.5281859783069869,
        0.5804041414265159,
        0.572970422118077,
        0.5430780981238532,
        0.5986808023085717,
        0.6249618060127011,
        0.5395808650653737,
        0.5540784661052545,
        0.5649150705773751,
        0.4630436814416773
      ],
      "mean": 0.5483619331496338,
      "lower_ci": 0.466085613632061,
      "upper_ci": 0.6306382526672065,
      "confidence_level": 0.95
    },
    "ktau": {
      "value": [
        0.5209316608823665,
        0.5396149443154461,
        0.48449124362792967,
        0.5166561053011843,
        0.5139055089708399,
        0.5133966409146822,
        0.49456546747537244,
        0.5238465542758208,
        0.5222001500867531,
        0.5012963519138025,
        0.490341901961831,
        0.5158175514297251,
        0.5132525168793866,
        0.4917725471649751,
        0.5527494208773999,
        0.5231161283001536,
        0.527615801810248,
        0.5144666822631263,
        0.4957524135019175,
        0.5250825764620848,
        0.5279973436899962,
        0.5219663440382604,
        0.5072709163150357,
        0.5178397821941512,
        0.4815331519324189
      ],
      "mean": 0.5134991882633964,
      "lower_ci": 0.480178498649225,
      "upper_ci": 0.5468198778775677,
      "confidence_level": 0.95
    },
    "spearmanr": {
      "value": [
        0.699252842783167,
        0.7142598690102835,
        0.6554978334730975,
        0.6943462886359881,
        0.6852544173100945,
        0.6919831300207037,
        0.6622878130014866,
        0.7032788147325285,
        0.7029204253172672,
        0.6749746536037439,
        0.6583806356348061,
        0.6974875195053457,
        0.687768012194993,
        0.6698508325085563,
        0.7253447709286677,
        0.6997728528628897,
        0.700961288750514,
        0.6898498659409986,
        0.6681600720884993,
        0.7031055907644568,
        0.7037839093294254,
        0.7010402513866879,
        0.6810023753457822,
        0.6893289643997245,
        0.6541632389861219
      ],
      "mean": 0.6885622507406332,
      "lower_ci": 0.651778605670747,
      "upper_ci": 0.7253458958105193,
      "confidence_level": 0.95
    }
  }
}