{
  "shape": [
    5,
    5
  ],
  "tag": "openadmet-chembl",
  "OPENADMET_LOGAC50": {
    "fit_time": {
      "value": [
        3.1411867141723633,
        3.2287323474884033,
        3.4208011627197266,
        3.764699935913086,
        3.3829588890075684,
        3.1514759063720703,
        3.1021742820739746,
        3.6288020610809326,
        3.0912551879882812,
        3.3699452877044678,
        3.196098804473877,
        4.235701084136963,
        3.4045491218566895,
        3.2777340412139893,
        3.0623910427093506,
        3.01544189453125,
        3.229576826095581,
        3.139143228530884,
        3.1483702659606934,
        3.2897369861602783,
        3.0819509029388428,
        3.1449363231658936,
        3.054800033569336,
        2.9731109142303467,
        3.1342830657958984
      ],
      "mean": 3.2667942523956297,
      "lower_ci": 2.728089189248406,
      "upper_ci": 3.8054993155428534,
      "confidence_level": 0.95
    },
    "score_time": {
      "value": [
        0.012037038803100586,
        0.013559818267822266,
        0.012576818466186523,
        0.016087055206298828,
        0.01176905632019043,
        0.010504961013793945,
        0.01025390625,
        0.011729955673217773,
        0.012612104415893555,
        0.01114964485168457,
        0.01285099983215332,
        0.04372715950012207,
        0.011885643005371094,
        0.010057926177978516,
        0.011367321014404297,
        0.010875940322875977,
        0.011149168014526367,
        0.011369943618774414,
        0.011542081832885742,
        0.011928081512451172,
        0.012241840362548828,
        0.01219797134399414,
        0.012696027755737305,
        0.011775970458984375,
        0.013116836547851562
      ],
      "mean": 0.013242530822753906,
      "lower_ci": 0.0005696366253318767,
      "upper_ci": 0.025915425020175936,
      "confidence_level": 0.95
    },
    "mse": {
      "value": [
        0.3364102168461122,
        0.29176455567359827,
        0.29801647480902116,
        0.35189409590883414,
        0.27589246019700986,
        0.28384546636555535,
        0.2926247854478635,
        0.32654564189281887,
        0.3137802014085736,
        0.32724105520409263,
        0.30557249538824716,
        0.32638441004815777,
        0.27522445299901166,
        0.33759966643409206,
        0.3140142323249548,
        0.3458124042191351,
        0.3031418731179227,
        0.31522760652796494,
        0.31666909056722925,
        0.31343348791351755,
        0.30452693790885366,
        0.31969757272911253,
        0.31796279044807196,
        0.30847604625863256,
        0.329407236616927
      ],
      "mean": 0.3132466102902124,
      "lower_ci": 0.2739360327227293,
      "upper_ci": 0.35255718785769546,
      "confidence_level": 0.95
    },
    "mae": {
      "value": [
        0.43268986993780795,
        0.38918739205062963,
        0.3930750144403027,
        0.41884153234575205,
        0.37552599877903897,
        0.3903365595566217,
        0.38971963151827604,
        0.41452943315783963,
        0.41023261538262085,
        0.39807928487348826,
        0.39906705075980076,
        0.4093183858083978,
        0.3868967289688626,
        0.4139253707783857,
        0.40123372506860105,
        0.41512596998324525,
        0.4065757268323492,
        0.4035797343829978,
        0.40098812094835284,
        0.4088818331281832,
        0.40352330482329346,
        0.40693583818575346,
        0.40688989507560724,
        0.3948295508977679,
        0.4066431527146798
      ],
      "mean": 0.40306526881594623,
      "lower_ci": 0.3794996343522215,
      "upper_ci": 0.42663090327967096,
      "confidence_level": 0.95
    },
    "r2": {
      "value": [
        0.582263779347348,
        0.5888280532197943,
        0.5512715360529222,
        0.5869042412094396,
        0.5955625402472868,
        0.6561705551835352,
        0.5958581443943685,
        0.5917055526853809,
        0.5412313293871356,
        0.5199469037158109,
        0.5964041523544772,
        0.6023952373097561,
        0.6012974164983403,
        0.5318176090730262,
        0.5652872998308646,
        0.5410165075245297,
        0.6121414227266972,
        0.5521718709192742,
        0.581531099302254,
        0.5662708727284118,
        0.6063738605967934,
        0.5618136676109979,
        0.5693012053985683,
        0.5887692618983884,
        0.5429961004668282
      ],
      "mean": 0.5771732087872892,
      "lower_ci": 0.517609512103475,
      "upper_ci": 0.6367369054711034,
      "confidence_level": 0.95
    },
    "ktau": {
      "value": [
        0.5128260586530358,
        0.5291791740780318,
        0.5351082012175584,
        0.5438135175078153,
        0.5294773341989572,
        0.5419093753043209,
        0.5404316274154691,
        0.5393891586283335,
        0.5113215811415901,
        0.5240919292160934,
        0.5266003413162293,
        0.5227542393742491,
        0.532300644278719,
        0.5206277309088445,
        0.5267204159343254,
        0.5215655329381984,
        0.5514062324172336,
        0.5042719833424618,
        0.5536975309654406,
        0.5005973683268558,
        0.5407080594598991,
        0.5134895777237263,
        0.5155075844873063,
        0.5402837997667751,
        0.509725839364376
      ],
      "mean": 0.5275121935186339,
      "lower_ci": 0.49927895130544525,
      "upper_ci": 0.5557454357318224,
      "confidence_level": 0.95
    },
    "spearmanr": {
      "value": [
        0.6854762081708619,
        0.7060577408519064,
        0.7121991545122355,
        0.7239042745497465,
        0.7042709728413465,
        0.7183384273151404,
        0.7225523198289896,
        0.714606091472916,
        0.6872849395065206,
        0.6920464818774974,
        0.702012803590743,
        0.6938283397573223,
        0.7114644863175515,
        0.6916012721370738,
        0.6967039659052464,
        0.697545443839486,
        0.7339710509477807,
        0.6723559335873949,
        0.7346661954105532,
        0.6747781050880172,
        0.7218666747699384,
        0.6858368612682392,
        0.6875559694751584,
        0.7183840209476491,
        0.6799939609701524
      ],
      "mean": 0.7027720677975787,
      "lower_ci": 0.6677428885941264,
      "upper_ci": 0.737801247001031,
      "confidence_level": 0.95
    }
  }
}