{
  "tag": "openadmet-chembl",
  "OPENADMET_LOGAC50": {
    "mse": {
      "value": 0.3364102168461123,
      "lower_ci": 0.29493717174528306,
      "upper_ci": 0.3741641380883731,
      "confidence_level": 0.95
    },
    "mae": {
      "value": 0.43268986993780795,
      "lower_ci": 0.4081335622791426,
      "upper_ci": 0.4566894114334957,
      "confidence_level": 0.95
    },
    "r2": {
      "value": 0.582263779347348,
      "lower_ci": 0.5320362430918957,
      "upper_ci": 0.6399876776531315,
      "confidence_level": 0.95
    },
    "ktau": {
      "value": 0.5128260586530358,
      "lower_ci": 0.4779262186309913,
      "upper_ci": 0.5490947610966586,
      "confidence_level": 0.95
    },
    "spearmanr": {
      "value": 0.6854762081708619,
      "lower_ci": 0.646489211071354,
      "upper_ci": 0.7276740120520312,
      "confidence_level": 0.95
    }
  }
}