{"mse":{"stat":6.8060251815,"pvalue":0.0177660997},"mae":{"stat":3.7167053297,"pvalue":0.0697995146},"r2":{"stat":1.188855947,"pvalue":0.2899421412},"ktau":{"stat":0.2101891703,"pvalue":0.6521061912},"spearmanr":{"stat":0.4004918475,"pvalue":0.5347932104}}
