{
  "shape": [
    5,
    5
  ],
  "tag": "chemprop",
  "OPENADMET_LOGAC50_cyp3a4": {
    "mse": {
      "value": [
        0.2633960341034795,
        0.25002730644864124,
        0.25800793253115184,
        0.27719279427114835,
        0.26171055279399674,
        0.2454399050430992,
        0.2647693235854229,
        0.23459581710819755,
        0.25478155342712994,
        0.2662090151482077,
        0.2721863195858802,
        0.265297499620339,
        0.25939532770758666,
        0.22888221937135428,
        0.26076186566253307,
        0.27079010362840206,
        0.2263503428962274,
        0.26888792477305873,
        0.26555707131190237,
        0.26868209566360046,
        0.26332498854613073,
        0.24671555547838592,
        0.27860842655066725,
        0.25309606995911893,
        0.23902917567229934
      ],
      "mean": 0.25774780883551845,
      "lower_ci": 0.22993282292694178,
      "upper_ci": 0.2855627947440951,
      "confidence_level": 0.95
    },
    "mae": {
      "value": [
        0.36123376420640885,
        0.3529822273833517,
        0.35661981956950034,
        0.366352266918888,
        0.356812276849623,
        0.3498116785038035,
        0.3565006592548675,
        0.34299761420176694,
        0.35900234505008216,
        0.35716924435783426,
        0.3580282928317352,
        0.3599601181096707,
        0.3514067015621757,
        0.3484603217433608,
        0.356026063039286,
        0.3654144532939577,
        0.34158922181697376,
        0.3474861046916758,
        0.3614431976725133,
        0.3630028665315433,
        0.3546360499688016,
        0.35481037482126887,
        0.3627639826462938,
        0.3528305436760745,
        0.3434336377369063
      ],
      "mean": 0.3552309530575345,
      "lower_ci": 0.34190114617720596,
      "upper_ci": 0.368560759937863,
      "confidence_level": 0.95
    },
    "r2": {
      "value": [
        0.4117725463646218,
        0.413282659025924,
        0.39337614700197576,
        0.3451646980974953,
        0.3934279327828205,
        0.42152222614745893,
        0.3507795515329317,
        0.427436497464586,
        0.4232537206275717,
        0.4347466007383697,
        0.3730869109310332,
        0.396752145231523,
        0.40669046704976675,
        0.44020564026576836,
        0.3984993584379841,
        0.4090778566628934,
        0.4134155098243407,
        0.3675763713314475,
        0.41491274718303084,
        0.3769163243165201,
        0.42720616031352976,
        0.43967588765144994,
        0.3858324242236183,
        0.3475047719579747,
        0.4210151192273358
      ],
      "mean": 0.40132521097567886,
      "lower_ci": 0.3462780069596275,
      "upper_ci": 0.4563724149917302,
      "confidence_level": 0.95
    },
    "ktau": {
      "value": [
        0.4371614467141675,
        0.44458624371407335,
        0.42854286877046804,
        0.4219245001105009,
        0.42653443163928223,
        0.42352783829481544,
        0.4407365594174097,
        0.4505912975719218,
        0.41809993366670695,
        0.4383720033650768,
        0.42430494791656065,
        0.44697116693015904,
        0.4319323878723227,
        0.44218000315925665,
        0.4257256783250458,
        0.4256953213799964,
        0.43878342979551793,
        0.4393933074724952,
        0.4323654688710682,
        0.42426883048804537,
        0.44487951734468706,
        0.43352732796982985,
        0.4260326725602643,
        0.4343372938053054,
        0.4174153162980272
      ],
      "mean": 0.43271559173812024,
      "lower_ci": 0.4144175028628061,
      "upper_ci": 0.4510136806134344,
      "confidence_level": 0.95
    },
    "spearmanr": {
      "value": [
        0.5975343708414486,
        0.6038210299135194,
        0.582361940528125,
        0.5739499348159148,
        0.583398667344639,
        0.5762357142511996,
        0.5981794006229949,
        0.6131248025620665,
        0.5714399107047472,
        0.5934819842340132,
        0.5783867549403011,
        0.6051542504205016,
        0.5859016827157665,
        0.6046761612777218,
        0.580464982947087,
        0.5760861570228832,
        0.5966918591973627,
        0.5991737570879826,
        0.5884224863728869,
        0.5814711182909442,
        0.6006229040930473,
        0.5885433469542791,
        0.5782267122143697,
        0.5948842215374602,
        0.5681191665185976
      ],
      "mean": 0.5888141326963944,
      "lower_ci": 0.5649384156366839,
      "upper_ci": 0.6126898497561049,
      "confidence_level": 0.95
    }
  },
  "OPENADMET_LOGAC50_cyp1a2": {
    "mse": {
      "value": [
        0.322183223186146,
        0.3341324414979513,
        0.30260364332184897,
        0.311317960582713,
        0.30479137704447906,
        0.32882168171953996,
        0.2878419015809669,
        0.33992758615947,
        0.31913883821735645,
        0.30806251597803613,
        0.34348565082798965,
        0.3113497701565826,
        0.3072371070325267,
        0.32804096790096904,
        0.2819081746795062,
        0.2990825508150533,
        0.3433487628923608,
        0.3148408918493496,
        0.3041474245128187,
        0.2935134583961674,
        0.3202217585095877,
        0.31392431530788495,
        0.35406475835926665,
        0.29492627913268177,
        0.28465619991016333
      ],
      "mean": 0.31414276958285664,
      "lower_ci": 0.27629213061466473,
      "upper_ci": 0.35199340855104855,
      "confidence_level": 0.95
    },
    "mae": {
      "value": [
        0.41005093944358406,
        0.41285207981090377,
        0.4146141233743087,
        0.4080715879937683,
        0.3968039542818083,
        0.4203571285398408,
        0.3984571025841839,
        0.4064956277166064,
        0.4085011759988668,
        0.4100907459806396,
        0.4345004238702147,
        0.4056250895935781,
        0.39652166294393976,
        0.4076034190512111,
        0.39342281288984754,
        0.39985223130618003,
        0.42176037765654506,
        0.3931144432286279,
        0.4129336257343389,
        0.40032040004932706,
        0.41846774773873974,
        0.4064645395225842,
        0.430155436173258,
        0.4000958216721867,
        0.39886341945871223
      ],
      "mean": 0.40823983666455205,
      "lower_ci": 0.38704048886441733,
      "upper_ci": 0.42943918446468676,
      "confidence_level": 0.95
    },
    "r2": {
      "value": [
        0.3244811553641187,
        0.33855265325315465,
        0.36701393807227745,
        0.3453137984145509,
        0.37545060459098967,
        0.3441491299022392,
        0.37503693805273086,
        0.33042647407766834,
        0.32249015199640907,
        0.3605763192766187,
        0.2683050191142289,
        0.33512204424356795,
        0.35555810326937587,
        0.34136207679974717,
        0.4458182166914392,
        0.35129226715893735,
        0.27761281889637857,
        0.3660357405917941,
        0.39110618918808127,
        0.4026974238785411,
        0.343481771332671,
        0.38494788064949415,
        0.27772287164942344,
        0.3650975135216744,
        0.394507034394056
      ],
      "mean": 0.3513663253752067,
      "lower_ci": 0.2729149499458401,
      "upper_ci": 0.42981770080457327,
      "confidence_level": 0.95
    },