{
  "tag": "chemprop",
  "OPENADMET_LOGAC50_cyp3a4": {
    "mse": {
      "value": 0.2736948526075701,
      "lower_ci": 0.24401945196930908,
      "upper_ci": 0.30061116552668976,
      "confidence_level": 0.95
    },
    "mae": {
      "value": 0.3674833253726989,
      "lower_ci": 0.3543913271634932,
      "upper_ci": 0.380637109460543,
      "confidence_level": 0.95
    },
    "r2": {
      "value": 0.381959506055214,
      "lower_ci": 0.3257124822681978,
      "upper_ci": 0.4431729409263059,
      "confidence_level": 0.95
    },
    "ktau": {
      "value": 0.43430574016605206,
      "lower_ci": 0.4131444268869014,
      "upper_ci": 0.4557385356952116,
      "confidence_level": 0.95
    },
    "spearmanr": {
      "value": 0.592513247739442,
      "lower_ci": 0.5665972891231962,
      "upper_ci": 0.6193615701249587,
      "confidence_level": 0.95
    }
  },
  "OPENADMET_LOGAC50_cyp1a2": {
    "mse": {
      "value": 0.34902975356259924,
      "lower_ci": 0.3122298654146202,
      "upper_ci": 0.3835982657718065,
      "confidence_level": 0.95
    },
    "mae": {
      "value": 0.428161085423221,
      "lower_ci": 0.4109234827160375,
      "upper_ci": 0.4450549140263416,
      "confidence_level": 0.95
    },
    "r2": {
      "value": 0.26443710960725686,
      "lower_ci": 0.2090554952784529,
      "upper_ci": 0.3215625946591876,
      "confidence_level": 0.95
    },
    "ktau": {
      "value": 0.4215434983682339,
      "lower_ci": 0.39746133768513436,
      "upper_ci": 0.4466487191305855,
      "confidence_level": 0.95
    },
    "spearmanr": {
      "value": 0.5809174017631488,
      "lower_ci": 0.5499279740560026,
      "upper_ci": 0.612725719476409,
      "confidence_level": 0.95
    }
  },
  "OPENADMET_LOGAC50_cyp2d6": {
    "mse": {
      "value": 0.4604130934596667,
      "lower_ci": 0.4089612282000866,
      "upper_ci": 0.5079934058880898,
      "confidence_level": 0.95
    },
    "mae": {
      "value": 0.48797670765508894,
      "lower_ci": 0.4653203512038442,
      "upper_ci": 0.5099762784669337,
      "confidence_level": 0.95
    },
    "r2": {
      "value": 0.1862480121159008,
      "lower_ci": 0.11933468497157868,
      "upper_ci": 0.26005195775043116,
      "confidence_level": 0.95
    },
    "ktau": {
      "value": 0.367102886363106,
      "lower_ci": 0.3379927335061206,
      "upper_ci": 0.3966022808078885,
      "confidence_level": 0.95
    },
    "spearmanr": {
      "value": 0.516183805896122,
      "lower_ci": 0.4792049204826564,
      "upper_ci": 0.5547589913010711,
      "confidence_level": 0.95
    }
  },
  "OPENADMET_LOGAC50_cyp2c9": {
    "mse": {
      "value": 0.44136193843193455,
      "lower_ci": 0.3931605239190086,
      "upper_ci": 0.48566535665010735,
      "confidence_level": 0.95
    },
    "mae": {
      "value": 0.47900125585023245,
      "lower_ci": 0.4586727162220532,
      "upper_ci": 0.49891653178256706,
      "confidence_level": 0.95
    },
    "r2": {
      "value": 0.04045877936479203,
      "lower_ci": -0.02615003196476845,
      "upper_ci": 0.11137069306654615,
      "confidence_level": 0.95
    },
    "ktau": {
      "value": 0.25578268324372594,
      "lower_ci": 0.22665240611156184,
      "upper_ci": 0.2845488620674881,
      "confidence_level": 0.95
    },
    "spearmanr": {
      "value": 0.36525665193748436,
      "lower_ci": 0.3260247553550282,
      "upper_ci": 0.4052809977598337,
      "confidence_level": 0.95
    }
  }
}