{
  "shape": [
    5,
    5
  ],
  "tag": "openadmet-chembl",
  "OPENADMET_LOGAC50": {
    "fit_time": {
      "value": [
        0.4599118232727051,
        0.3451700210571289,
        0.34662699699401855,
        0.38191890716552734,
        0.3501908779144287,
        0.3663449287414551,
        0.44094181060791016,
        0.36418890953063965,
        0.4027581214904785,
        0.3349180221557617,
        0.3615589141845703,
        0.3996260166168213,
        0.33156681060791016,
        0.3800020217895508,
        0.34540605545043945,
        0.3577840328216553,
        0.38089609146118164,
        0.35302186012268066,
        0.34254908561706543,
        0.38462114334106445,
        0.38190579414367676,
        0.33829402923583984,
        0.3698310852050781,
        0.39611196517944336,
        0.37390708923339844
      ],
      "mean": 0.37160209655761717,
      "lower_ci": 0.31014175893141,
      "upper_ci": 0.43306243418382434,
      "confidence_level": 0.95
    },
    "score_time": {
      "value": [
        0.005668163299560547,
        0.004433870315551758,
        0.005232095718383789,
        0.004299163818359375,
        0.004692792892456055,
        0.004761934280395508,
        0.0072612762451171875,
        0.004642009735107422,
        0.004541873931884766,
        0.3255929946899414,
        0.00428318977355957,
        0.004487037658691406,
        0.004264116287231445,
        0.0049397945404052734,
        0.0045969486236572266,
        0.004364967346191406,
        0.004724979400634766,
        0.004592180252075195,
        0.004663944244384766,
        0.004756927490234375,
        0.004939079284667969,
        0.004464864730834961,
        0.004658937454223633,
        0.004540920257568359,
        0.004655122756958008
      ],
      "mean": 0.017602367401123045,
      "lower_ci": -0.10816368242303677,
      "upper_ci": 0.14336841722528287,
      "confidence_level": 0.95
    },
    "mse": {
      "value": [
        0.29912090847736933,
        0.32203059393816846,
        0.31361988317428313,
        0.4070915202817392,
        0.3488716290523092,
        0.3926323775116638,
        0.23562658418449572,
        0.3074563975393129,
        0.3362103412693979,
        0.32112275859972295,
        0.2880597802001839,
        0.29801678523304875,
        0.2957427470883459,
        0.43592349352835935,
        0.2768376019184388,
        0.292355398813872,
        0.39649758810946767,
        0.3726697698504866,
        0.3612988132712434,
        0.29676951974455906,
        0.24364708829904458,
        0.3335283774518949,
        0.35332668295524466,
        0.3744111913689828,
        0.3610279990434961
      ],
      "mean": 0.33055583323620524,
      "lower_ci": 0.2327822843051296,
      "upper_ci": 0.4283293821672809,
      "confidence_level": 0.95
    },
    "mae": {
      "value": [
        0.4129740755905178,
        0.4374281246423605,
        0.4376682744096693,
        0.4821701976271416,
        0.4561748219033952,
        0.47684505881878425,
        0.3956791091260206,
        0.4367225158878267,
        0.45119636501396826,
        0.43277931601973174,
        0.4260028418137075,
        0.4306923777151431,
        0.3959697589832918,
        0.5005100389584412,
        0.4126109340924583,
        0.4269601453473246,
        0.4450583883186607,
        0.4726961021768263,
        0.4679393602546689,
        0.4234038719509514,
        0.37951157084834763,
        0.4488368204202104,
        0.45159481815607877,
        0.4861487946104868,
        0.4555625295927475
      ],
      "mean": 0.4417254484911504,
      "lower_ci": 0.38317896132790424,
      "upper_ci": 0.5002719356543966,
      "confidence_level": 0.95
    },
    "r2": {
      "value": [
        0.4316114083652042,
        0.5646232377680716,
        0.531127810943232,
        0.43483082121914274,
        0.4670088135428806,
        0.530301212495834,
        0.562948976724229,
        0.5346384497386926,
        0.4498273157584881,
        0.5092933230556232,
        0.5000317093547186,
        0.5696535765707944,
        0.5342878962116777,
        0.4185980635337627,
        0.5805210930033083,
        0.5526983324866228,
        0.34258426657050134,
        0.4151974127678626,
        0.5388752566409973,
        0.5174326422431048,
        0.5384723200866832,
        0.5383976919252527,
        0.5374301218465735,
        0.48399854697007894,
        0.3559481265902783
      ],
      "mean": 0.4976135370565446,
      "lower_ci": 0.3681207524806054,
      "upper_ci": 0.6271063216324838,
      "confidence_level": 0.95
    },
    "ktau": {
      "value": [
        0.49553436806646045,
        0.4769962097968553,
        0.4912484239179763,
        0.4179942210237458,
        0.4738902619574906,
        0.4680347773822927,
        0.5320546486886936,
        0.5293656864775848,
        0.46511069813698297,
        0.47130539386134784,
        0.5082380895574037,
        0.5296363562265609,
        0.5001776035139084,
        0.4449067638196587,
        0.5192728164699547,
        0.4487003740744671,
        0.42100689550045456,
        0.4521416153263439,
        0.5295712750388432,
        0.47695438639620585,
        0.5093726272028039,
        0.4990940709775395,
        0.5026096401430832,
        0.48436673704116495,
        0.4512407454866253
      ],
      "mean": 0.48395298744337795,
      "lower_ci": 0.4192138503264035,
      "upper_ci": 0.5486921245603524,
      "confidence_level": 0.95
    },
    "spearmanr": {
      "value": [
        0.6676252251852023,
        0.6497928618384154,
        0.6761098007494389,
        0.5837925738932555,
        0.6485837784751869,
        0.6422554950443474,
        0.7267970944304099,
        0.7092115771241163,
        0.6387632841681553,
        0.644496122637903,
        0.6950938335216569,
        0.7107183510180372,
        0.6735003325516193,
        0.6111175018526518,
        0.7046154207377957,
        0.6183361239013478,
        0.5639173298240303,
        0.6312932124743422,
        0.7152937126078769,
        0.65328796150102,
        0.6839048911392741,
        0.6938445266228921,
        0.6851860086705955,
        0.6676409159143658,
        0.6042752709891771
      ],
      "mean": 0.6599781282749245,
      "lower_ci": 0.5769925171200642,
      "upper_ci": 0.7429637394297849,
      "confidence_level": 0.95
    }
  }
}