{
  "tag": "openadmet-chembl",
  "OPENADMET_LOGAC50": {
    "mse": {
      "value": 0.25676457859174306,
      "lower_ci": 0.19641099347098112,
      "upper_ci": 0.309203893359985,
      "confidence_level": 0.95
    },
    "mae": {
      "value": 0.40255358463192253,
      "lower_ci": 0.3559441574048751,
      "upper_ci": 0.44493158755243367,
      "confidence_level": 0.95
    },
    "r2": {
      "value": 0.6382030087839119,
      "lower_ci": 0.5573276820532229,
      "upper_ci": 0.746027647423605,
      "confidence_level": 0.95
    },
    "ktau": {
      "value": 0.5581858592004743,
      "lower_ci": 0.489583000234614,
      "upper_ci": 0.6352556554537065,
      "confidence_level": 0.95
    },
    "spearmanr": {
      "value": 0.7425708516663359,
      "lower_ci": 0.6752736390793139,
      "upper_ci": 0.8306270569960658,
      "confidence_level": 0.95
    }
  }
}