{"mse":{"stat":18.4852133252,"pvalue":0.0000003318},"mae":{"stat":10.5868155129,"pvalue":0.0000932011},"r2":{"stat":3.6030218517,"pvalue":0.032260442},"ktau":{"stat":3.4038302922,"pvalue":0.0386817568},"spearmanr":{"stat":2.4510366617,"pvalue":0.0933684427}}