{
  "shape": [
    5,
    5
  ],
  "tag": "chemprop-PXR-chembl",
  "OPENADMET_LOGAC50": {
    "mse": {
      "value": [
        0.592036075182643,
        0.42423680387601376,
        0.3400855496922743,
        0.5499251561562438,
        0.4003016512162813,
        0.3469257168247174,
        0.35093267564545694,
        0.6029052873717258,
        0.4539248584855907,
        0.662965009780291,
        0.3727042939740365,
        0.4068370643574238,
        0.34761904002206057,
        0.2792394264912464,
        0.48230765711056506,
        0.3415282743948947,
        0.4515584803131964,
        0.3449962393202678,
        0.4888748861629661,
        0.385445911904349,
        0.33404583486590134,
        0.3205035186219201,
        0.42670036466695555,
        0.4366654574698838,
        0.49673534578263157
      ],
      "mean": 0.4256000231875815,
      "lower_ci": 0.2338165943351253,
      "upper_ci": 0.6173834520400376,
      "confidence_level": 0.95
    },
    "mae": {
      "value": [
        0.5370793347200445,
        0.5094874105068167,
        0.44708603248210876,
        0.6038799609078301,
        0.4912769661431361,
        0.47285537873855743,
        0.46727171113755966,
        0.599818979311471,
        0.5058640650822142,
        0.6590194613042504,
        0.4856829848227563,
        0.4825589840243561,
        0.4728843757841322,
        0.4107256994584593,
        0.49490302717806123,
        0.4373921889488143,
        0.4990931403901842,
        0.45552671478596246,
        0.5424551864826318,
        0.4866297253069252,
        0.4445030487426604,
        0.432425778854805,
        0.46139188123471814,
        0.5020238450464576,
        0.5407266063738351
      ],
      "mean": 0.49770249951074996,
      "lower_ci": 0.3845348759677578,
      "upper_ci": 0.6108701230537421,
      "confidence_level": 0.95
    },
    "r2": {
      "value": [
        0.10903290545528532,
        0.31853165889719637,
        0.5397468948346322,
        0.018385943080094114,
        0.44259854272496013,
        0.48607159132460387,
        0.4248420756964649,
        0.1102023128938483,
        0.32806065006131535,
        0.010458487546744832,
        0.4272310910609147,
        0.49248128218759646,
        0.2526919590364787,
        0.555247788895905,
        0.38000345272132263,
        0.4532088874158531,
        0.3252278674045005,
        0.5167518095010071,
        0.26038225740780374,
        0.41597234719454046,
        0.3855299131451756,
        0.6014905229529104,
        0.27961251825965217,
        0.3889459679765548,
        0.2520081126123259
      ],
      "mean": 0.35098867361150754,
      "lower_ci": 0.03551993961472766,
      "upper_ci": 0.6664574076082874,
      "confidence_level": 0.95
    },
    "ktau": {
      "value": [
        0.40185468833214466,
        0.45126985246352386,
        0.49336602601733487,
        0.46847575291455673,
        0.45019406907799137,
        0.5303149066276137,
        0.4981470870620676,
        0.4250641121918251,
        0.4505222111405359,
        0.4269093070765454,
        0.4561206690843076,
        0.5070103821789611,
        0.38137214200193637,
        0.558008212031233,
        0.4561042162973861,
        0.4733555808687461,
        0.4169184453918849,
        0.5339361191292408,
        0.3913327739772839,
        0.49246305378534094,
        0.43602320199519107,
        0.559416801603955,
        0.4929925663645509,
        0.44414886807532183,
        0.3693581218974034
      ],
      "mean": 0.4625871667034753,
      "lower_ci": 0.3608323397149803,
      "upper_ci": 0.5643419936919704,
      "confidence_level": 0.95
    },
    "spearmanr": {
      "value": [
        0.558760299858495,
        0.6373637279479096,
        0.6550460115685827,
        0.6444176305055732,
        0.6198206096868398,
        0.7272269521236312,
        0.6819701563497075,
        0.5825916242517317,
        0.612322050477968,
        0.5931342880629406,
        0.6390207892500879,
        0.6806552782442571,
        0.5412645016162188,
        0.7406402469340119,
        0.6178510959923876,
        0.6397775055857687,
        0.5738337298082663,
        0.708252836067447,
        0.5707770607582231,
        0.6670519489076678,
        0.5930951724309839,
        0.7300560281601269,
        0.6606642729650924,
        0.6275486380871763,
        0.5199819985900902
      ],
      "mean": 0.6329249781692474,
      "lower_ci": 0.5173072254406955,
      "upper_ci": 0.7485427308977993,
      "confidence_level": 0.95
    }
  }
}