{
  "tag": "chemprop-PXR-chembl",
  "OPENADMET_LOGAC50": {
    "mse": {
      "value": 0.3423386649339223,
      "lower_ci": 0.21919766274182978,
      "upper_ci": 0.43416279988537926,
      "confidence_level": 0.95
    },
    "mae": {
      "value": 0.44555124724011197,
      "lower_ci": 0.3880209290019009,
      "upper_ci": 0.4987069797637306,
      "confidence_level": 0.95
    },
    "r2": {
      "value": 0.5176238886635566,
      "lower_ci": 0.3855119853258526,
      "upper_ci": 0.6991913002624627,
      "confidence_level": 0.95
    },
    "ktau": {
      "value": 0.5126579876051396,
      "lower_ci": 0.4345264735108151,
      "upper_ci": 0.5983966477219893,
      "confidence_level": 0.95
    },
    "spearmanr": {
      "value": 0.6822520556358037,
      "lower_ci": 0.5928842238832042,
      "upper_ci": 0.7912582744523297,
      "confidence_level": 0.95
    }
  }
}