{
  "tag": "chemprop-PXR-chembl",
  "OPENADMET_LOGAC50": {
    "mse": {
      "value": 0.4713589387294774,
      "lower_ci": 0.39845887759577714,
      "upper_ci": 0.537332560901824,
      "confidence_level": 0.95
    },
    "mae": {
      "value": 0.495044349403319,
      "lower_ci": 0.46439287794965933,
      "upper_ci": 0.524565138656458,
      "confidence_level": 0.95
    },
    "r2": {
      "value": 0.41469167172836296,
      "lower_ci": 0.321178060209775,
      "upper_ci": 0.5281272431299358,
      "confidence_level": 0.95
    },
    "ktau": {
      "value": 0.4641637780942201,
      "lower_ci": 0.4261026133974821,
      "upper_ci": 0.5036816928862363,
      "confidence_level": 0.95
    },
    "spearmanr": {
      "value": 0.6272682759106187,
      "lower_ci": 0.5829364263832637,
      "upper_ci": 0.6758987408687285,
      "confidence_level": 0.95
    }
  }
}