{
  "shape": [
    5,
    2
  ],
  "tag": "lgbm-PXR-chembl",
  "OPENADMET_LOGAC50": {
    "fit_time": {
      "value": [
        1.6591198444366455,
        1.657217025756836,
        1.6898338794708252,
        1.5701909065246582,
        1.4479670524597168,
        1.4417619705200195,
        1.465937852859497,
        1.4490690231323242,
        1.4730188846588135,
        1.4584629535675049
      ],
      "mean": 1.531257939338684,
      "lower_ci": 1.3314484014978976,
      "upper_ci": 1.7310674771794705,
      "confidence_level": 0.95
    },
    "score_time": {
      "value": [
        0.02385735511779785,
        0.00871896743774414,
        0.025022029876708984,
        0.022202014923095703,
        0.006582021713256836,
        0.007442951202392578,
        0.00566411018371582,
        0.10241198539733887,
        0.014178037643432617,
        0.014065027236938477
      ],
      "mean": 0.02301445007324219,
      "lower_ci": -0.03350987251191551,
      "upper_ci": 0.0795387726583999,
      "confidence_level": 0.95
    },
    "mse": {
      "value": [
        0.3896176930390528,
        0.27919879977307355,
        0.26902481040786913,
        0.35587241362259836,
        0.28161386585055415,
        0.32778207953999094,
        0.35687703883975036,
        0.30801972701548364,
        0.3182480619135576,
        0.3152974582913618
      ],
      "mean": 0.32015519482932925,
      "lower_ci": 0.2443611846129733,
      "upper_ci": 0.3959492050456852,
      "confidence_level": 0.95
    },
    "mae": {
      "value": [
        0.447934109928496,
        0.4189923873308836,
        0.4218981406903026,
        0.45400977248056257,
        0.4306780631799558,
        0.43641027603893856,
        0.46773575829308855,
        0.42386260667164655,
        0.4369779011726029,
        0.4190643248434885
      ],
      "mean": 0.4357563340629966,
      "lower_ci": 0.40358371201148646,
      "upper_ci": 0.4679289561145067,
      "confidence_level": 0.95
    },
    "r2": {
      "value": [
        0.38293666348751476,
        0.6665389940731652,
        0.5061070218951247,
        0.5273039596456233,
        0.5157270096572293,
        0.47490543578443967,
        0.5498141643505896,
        0.5621935073376871,
        0.4229179540757543,
        0.5378874433417455
      ],
      "mean": 0.5146332153648874,
      "lower_ci": 0.36185627136067045,
      "upper_ci": 0.6674101593691043,
      "confidence_level": 0.95
    },
    "ktau": {
      "value": [
        0.4056061364838614,
        0.5512052668317301,
        0.4776696770725426,
        0.4940935974415056,
        0.48027412664962793,
        0.48517209316649745,
        0.482567441605902,
        0.5053296729685439,
        0.4312461787198739,
        0.4744922848773386
      ],
      "mean": 0.4787656475817424,
      "lower_ci": 0.401807444424456,
      "upper_ci": 0.5557238507390289,
      "confidence_level": 0.95
    },
    "spearmanr": {
      "value": [
        0.5513975659549749,
        0.7371027311678868,
        0.6598641502946213,
        0.6711767304658797,
        0.6657509056934295,
        0.6502169387723933,
        0.647026288483536,
        0.6854531633228622,
        0.6018203149608589,
        0.6494300708418157
      ],
      "mean": 0.6519238859958258,
      "lower_ci": 0.5557866314211872,
      "upper_ci": 0.7480611405704645,
      "confidence_level": 0.95
    }
  }
}
