{"mse":{"stat":5.343458982,"pvalue":0.006858749},"mae":{"stat":2.7695487201,"pvalue":0.069378224},"r2":{"stat":6.2640282912,"pvalue":0.0031041167},"ktau":{"stat":1.711246754,"pvalue":0.1879048389},"spearmanr":{"stat":1.0261403784,"pvalue":0.363568348}}