{"mse":{"stat":15.3367883565,"pvalue":0.0000028279},"mae":{"stat":9.0868042625,"pvalue":0.0003027678},"r2":{"stat":2.5216750458,"pvalue":0.0873985336},"ktau":{"stat":2.8462007935,"pvalue":0.0646163174},"spearmanr":{"stat":1.8034988779,"pvalue":0.1720830585}}