LOG_CLint_HLM,LOG_CLint_RLM,LOG_CLint_MLM
1.624488362513449,,
0.1854571574019259,,0.9044856274497164
1.2787536009528289,1.6434526764861874,
1.2405492482825995,,2.9361114316748544
2.0791812460476247,2.9020028913507296,
1.5996647787884168,,
0.505149978319906,,2.3634239329171765
-0.5228787452803376,,0.146128035678238
,,2.792391689498254
0.1473671077937864,1.48572142648158,
1.390935107103379,,2.2137832993353044
1.0791812460476249,,
,,2.071882007306125
0.6532125137753437,,1.8762178405916423
1.9507103997010424,2.1473671077937864,
1.1985196302411678,1.6532125137753435,
,,2.385123455892216
,1.08278537031645,
-0.9706162223147904,,-0.0915149811213502
1.7402837196818792,2.0681858617461617,
1.0086001717619175,,2.64365003821733
0.9306943876645352,1.5932860670204574,2.180412632838324
1.711807229041191,,2.0354297381845483
1.0791812460476249,,
1.7041505168397992,,2.816373888752362
,,1.4471580313422192
1.829361674901893,,
1.3483048630481609,,3.0258381642297003
4.612253906096437,,4.823180687772236
,1.8680563618230417,
0.5185139398778874,,0.3617278360175928
1.6809697184658972,,
0.7160033436347992,,2.6423655808449733
1.0681858617461617,,2.626155521880912
2.584331224367531,3.27415784926368,
1.350354640050803,,
0.7781512503836436,,1.848804701051804
1.8535156967569288,,
1.3480808417577996,,
,1.9731278535996983,
1.0224283711854865,,2.946840205541363
,1.130333768495006,
-0.1536628878701947,0.1003705451175628,
0.9397587972920404,,0.5970531401766048
2.128883702099773,3.029789470831856,
,2.1690863574870227,
0.404645595594691,,2.0784531928755423
1.0086001717619175,,2.454234895748266
1.380211241711606,,
0.6989700043360189,,1.3979400086720375
,1.4313637641589874,1.8864907251724816
,,2.4252406791001984
4.109578546904387,,
,,2.370883016777606
0.8388490907372553,,2.0453229787866576
2.161607546908397,,
1.846337112129805,,
1.0,,
0.5733358400660676,,1.579503500660207
2.2610248339923973,,2.5379449592914867
1.2988530764097066,1.513217600067939,
2.889699390150935,,
1.306231964874957,,
0.7583819417746753,,
2.285669805960068,,
1.775756037844098,,
1.1821292140529984,,
0.5453071164658241,0.255272505103306,
1.1473671077937864,,
,,2.6827495978606493
0.7671558660821804,1.8987251815894937,
1.7558748556724917,,2.5758803156806462
2.0224283711854865,2.3344537511509307,
1.8877297972880305,,
1.4661258704181992,,
4.410608542568368,,
1.0606978403536116,,2.300812794118117
,,2.155024630850437
,1.717670503002262,
2.852803154379037,,
0.0504570947857299,0.48572142648158,
,0.5105450102066121,
1.545307116465824,,
1.3692158574101427,,2.278982116865443
,0.8115750058705934,
0.7671558660821804,,
1.7678976160180906,,3.227398169873655
1.3582204731086795,,
,,3.2583127574119155
1.513217600067939,,2.952792443044092
-0.1676380058635076,,
0.9084850188786496,,
1.3469394626989906,,
2.2750117377780112,2.230244499401375,2.6180376316587326
0.7403626894942439,,1.3560258571931227
1.0224283711854865,1.8407332346118068,
1.1389623245895963,,
2.7825156214913944,,3.729452333550369
0.6720978579357175,1.3979400086720375,
0.8692317197309762,,2.4019172505175748
0.6989700043360189,1.57978359661681,
2.551059445354916,,
3.1095785469043866,,
0.9822712330395684,,2.578639209968072
1.944482672150169,,2.5972562829251418
-0.2328441339178195,-0.0457574905606751,
1.3692158574101427,1.6866362692622934,
1.6794278966121188,,3.3738311450738303
,,2.765918034806236
0.7671558660821804,,
,,2.2055156231136976
1.3469394626989906,1.7993405494535817,
2.721398375521505,,
1.0492180226701815,,2.6697816152085365
1.7494270991217489,1.8785217955012063,2.2554895980755365
0.0791812460476248,,2.4523998459114416
0.0,,1.847572659142112
2.860397905127313,,3.447483630119362
1.4716495630914792,,1.9149510611278813
1.0969100130080565,,
,2.1009905230699646,
1.7075701760979365,,
1.0293837776852095,,2.392169149489736
1.2608926683590205,,
0.8388490907372553,,2.9824973691977124
1.5224442335063195,,2.0170333392987803
1.250029449690934,2.1539976866927995,
,,1.658964842664435
1.1473671077937864,,2.317007635994752
1.7474118078864234,,3.1598077329694307
1.2174839442139065,,2.006466042249232
0.8450980400142568,,1.7634279935629371
0.5595475555804343,,
,,0.9149510611278816
1.1473671077937864,,2.1112457062718497
1.4913616938342726,1.7481880270062005,
2.5756496147552195,,3.344981413927258
1.7664128471123994,,3.1492499125902818
-0.3979400086720376,,2.57611089412084
0.5185139398778874,,1.7589118923979734
2.673297439759636,,3.3664229572259727
,,2.4727564493172123
1.410608542568368,,2.136799810744238
,0.8016094880273188,
1.900694774452398,,
1.3747483460101038,,2.3494717992143856
2.0580462303952816,,3.3790697197927466
1.7781512503836436,2.296665190261531,
1.8512583487190752,,2.100370545117563
0.9848197448294612,1.7131544018372984,
1.403120521175818,,3.208521972931434
1.1821292140529984,0.255272505103306,
1.4831592097169797,,2.149034267161249
1.0459094670350093,,
1.1095785469043866,,
0.6334684555795865,,2.11293997608408
1.1205739312058498,,1.6998377258672457
1.667452952889954,,3.556796832486183
,,
0.9542425094393248,,2.4075608494863627
1.0681858617461617,0.534026106056135,
1.1473671077937864,,
1.6809697184658972,,
1.13264385097308,2.093239523471961,2.05362960915051
0.9595183769729982,,1.582971929104806
1.410608542568368,,
1.724275869600789,,2.760648619581356
0.2143138974243995,,1.57045537168281
1.802773725291976,,3.0048800072406343
2.19534605834842,,3.1752798184423843
1.701654317325748,,
1.2640855141553953,,1.8128398544340176
1.1473671077937864,,
1.173186268412274,,2.2915908256580013
1.4661258704181992,,
,1.676876431973137,2.8577855548979767
1.6551240221447356,,2.615508171528163
2.0791812460476247,2.230448921378274,
1.775756037844098,2.8691143269793757,
1.7213983755215052,,
1.670245853074124,,
0.8584710257794033,,
1.255995726722402,,
1.839037873388306,1.91803033678488,
,0.6989700043360189,
2.556736578246606,,
1.2723058444020865,,
1.960280464436642,,
,,-1.3767507096020994
2.1095785469043866,1.7737864449811935,
0.9182191194359308,,
,,2.27397300376955
2.6324572921847245,3.315970345456918,
1.860577551244416,1.7737864449811935,
1.960280464436642,,2.6790915970687106
2.3242824552976926,,
-0.1683861446909011,-0.00436480540245,1.0698530211136246
2.0681858617461617,3.170672340315576,
1.2723058444020865,,2.097881744713868
,,2.6982419511639364
1.2986347831244356,,
1.5595475555804343,,
2.7703069614262605,,
2.470704429722788,,3.057856208741888
1.0969100130080565,,2.269045709657623
-0.1549019599857432,,2.2174839442139063
1.545307116465824,,
,,1.0240955305529496
1.0224283711854865,,
1.4265112613645752,,3.519486722064457
0.8682152209902959,,
1.6127838567197357,,
-0.0457574905606751,,1.5352941200427703
-0.3372421683184259,,
0.9395192526186184,,2.6020599913279625
1.9249147521290444,,2.822157614314657
1.146128035678238,1.8195439355418688,
0.8388490907372553,,1.954242509439325
,1.4913616938342726,
1.2041199826559248,,
1.0224283711854865,,
2.182129214052998,,3.0240955305529496
1.2986347831244356,,
,,2.770239408588879
0.4623979978989561,,2.238297067875394
0.691435152144062,,1.741950879049342
2.5634810853944106,,2.708420900134713
,0.5105450102066121,
1.06707085604537,,
,,2.660397648368211
1.9095025414054152,,
0.670245853074124,1.8350561017201164,1.7388598020722
,,2.5403294747908736
2.118178718666304,,
,0.7176705030022621,
0.90766390912036,,
2.220474206129218,,
0.9030899869919436,,
,0.7466341989375788,
1.920665855383018,,
1.9809391654174848,,
,1.845098040014257,
,,2.268510108068047
0.9777236052888476,,2.460597188897601
1.5866998016240492,,2.308735110028761
0.8573324964312685,1.7958800173440752,
2.4950223155496696,2.293892667053009,
2.410608542568368,,
1.7558748556724917,,
0.9294189257142929,,
,,3.2875778090787056
1.1072099696478683,,1.8836614351536176
-1.408935392973501,-1.0087739243075051,
0.7781512503836436,0.8450980400142568,1.380211241711606
1.8085485512404056,1.255272505103306,
1.948999454026953,,
1.4299136977637543,2.1528995963937474,
1.784189205380961,,
,2.929214503737394,
1.0413926851582251,1.3424226808222062,
0.1139433523068367,,
2.586699801624049,,
0.8061799739838872,,1.8987251815894937
4.624488362513449,4.99563519459755,
0.1095785469043867,0.5774917998372253,1.522150692108255
0.9294189257142929,,1.846337112129805
1.8959747323590648,,3.21034527775002
2.588013855521881,,
,1.3692158574101427,
2.0051805125037805,,3.334011188761349
,,1.7688230254496435
2.301943224711672,,2.799557642425812
,,1.2262002219735488
1.3306369514765912,,1.8737651336416896
1.8743658357300488,,
1.6294095991027189,,2.87742894078822
1.8656960599160703,,1.863322860120456
,1.6232492903979006,
1.545307116465824,,2.0077051143647804
0.9777236052888476,1.3010299956639813,
1.0975696394313712,2.016448318259038,
0.9242792860618816,,
,2.9339931638312424,
,,1.6334684555795864
,2.470116353151004,
2.2640855141553957,,
1.3424226808222062,1.6127838567197357,
0.8633228601204559,1.2787536009528289,1.5314789170422551
2.581722159949099,,3.321411997974005
,,
4.447158031342219,4.886490725172482,
1.462397997898956,,3.13510083376572
1.100370545117563,,2.6450290647211423
2.198519630241168,,
1.787460474518415,,2.4893959217271293
1.1821292140529984,,
1.1613680022349748,,2.4456042032735974
,,1.9637878273455551
0.9637878273455552,,2.344981413927258
1.545307116465824,,
0.3222192947339193,,
1.0170333392987805,,1.5010592622177514
1.0026843129897294,,
4.665881047671674,,
,1.3434085938038574,1.1947917577219247
1.085219201044942,,2.6896417794020184
3.369215857410143,,
0.9684829485539352,,2.67089495352021
0.8061799739838872,,1.740362689494244
1.113508840532819,,
0.414973347970818,,1.136720567156407
0.3424226808222063,1.6711728427150832,
2.098178037124009,,
2.6072619605389384,,
1.5211380837040362,,2.2229764498933915
1.3234583668494675,,
1.934498451243568,,2.4835872969688944
0.7781512503836436,,
1.6901960800285136,2.2013971243204518,
0.5797835966168101,,1.155336037465062
-1.3098039199714864,,
1.1095785469043866,,
1.429752280002408,,2.739414102698696
1.6374897295125106,,3.040681439373358
0.7403626894942439,,
2.378397900948137,,
1.4199557484897578,,3.0280015793468578
1.5866998016240492,1.670245853074124,
1.878216648152001,,
1.9872639541222352,2.3044905277734875,
1.0681858617461617,,
1.3180633349627615,,1.9095560292411755
1.499549625905149,2.054613054556888,
2.0224283711854865,,
,,3.191522273157078
1.765668554759014,,3.42301637471482
1.3979400086720375,,2.475816413031318
,,0.291701770729981
,,
1.9604707775342989,,1.739572344450092
-0.0287241512618947,1.0034605321095065,
0.7485213751607249,,
1.4517864355242902,,3.249736304568833
,,2.325125526216931
1.510545010206612,,2.5725230978496376
1.2143138974243997,,
1.7924617313469506,,
2.1280760126687155,2.188928483760854,
0.8535156967569286,0.3344537511509309,
1.380211241711606,,
1.294466226161593,1.724275869600789,
3.117403884416343,,
2.41161970596323,,
1.3617278360175928,1.662757831681574,
,1.5563025007672873,
2.313698529560312,,
1.8535156967569288,,
0.568201724066995,,1.1702617153949575
0.8450980400142568,,
,0.8573324964312685,
1.3692158574101427,2.369215857410143,3.12548614538646
1.92551835817743,,
1.8709888137605752,,2.5678494505731067
0.7213983755215053,,
2.085219201044942,2.2143138974244,
,,1.6434526764861874
4.022428371185487,,4.671913012441587
2.269979676645324,,3.337339439388419
0.919078092376074,,
0.8278537064357921,,
1.0530784434834195,,2.6596310116070008
0.8005796215691302,1.7993405494535817,
1.7924617313469506,,
1.3263358609287514,,2.3778524190067545
1.545307116465824,1.9876662649262744,
-1.0861861476162833,,
0.7781512503836436,,
1.3138672203691537,,2.6045500325712614
0.7671558660821804,,
-1.164943898279884,,
1.1095785469043866,,
0.3979400086720376,,3.180928319993991
2.24551266781415,,
,0.5563025007672873,
,,2.833281014676562
0.8920946026904804,1.380211241711606,
1.250420002308894,,2.0576661039098294
1.1473671077937864,,
1.0594119374386566,,
0.5153438930883808,1.141763230275788,
0.670245853074124,1.8350561017201164,1.7388598020722
1.0530784434834195,,
1.2631624649622166,,
1.4299136977637543,,
0.8195439355418687,,1.3304137733491908
1.838219221907626,,
1.4082399653118496,,2.3136563466180315
1.4299136977637543,,
,1.6532125137753435,
2.35430056234536,,
1.4682054968113205,,
1.2723058444020865,,
1.7116385382323491,,3.2554895980755365
,,1.706675118700799
,,3.2937314930142003
1.9111576087399769,,2.694166295933198
2.5814034618141006,,2.958219751284862
,1.3159703454569178,
,1.3324384599156054,
0.7558748556724915,,2.071882007306125
,,1.9084850188786493
1.2442771208018428,2.2595938788859486,
1.0413926851582251,,1.4471580313422192
1.7213983755215052,,2.87376513364169
1.3979400086720375,2.5646660642520893,
,2.8976270912904414,
0.9712758487381052,,1.823180687772236
1.515343893088381,,
1.212187604403958,,2.4776999283321306
2.24551266781415,,
1.540942311063374,,
1.4661258704181992,,
1.3443922736851108,,2.542451947375977
0.8061799739838872,,1.287801729930226
1.1473671077937864,,
1.454387467146955,,
1.3692158574101427,,
-0.4546928835341759,1.3692158574101427,1.706675118700799
,,2.481472727076855
1.8877297972880305,,
1.7007037171450194,,3.120310642636462
1.965812953036603,,
,,3.2671717284030137
2.28302970979386,,
0.6434526764861874,,1.6190933306267428
,1.4593924877592308,
1.758381941774675,,
,,0.4378298064082189
,1.91803033678488,
1.701654317325748,,
1.860577551244416,,
1.414973347970818,,2.3138672203691533
1.1473671077937864,,
1.2068258760318498,,2.059941888061955
1.434568904034199,,2.4840149626675627
1.591064607026499,,
2.5728716022004803,,
,,1.954459602411555
2.311753861055754,,
2.710650381988283,2.7993405494535817,
0.5453071164658241,1.1583624920952498,
2.1250907130826344,,
-0.0969100130080563,,1.7435097647284297
,,0.1702617153949573
1.9493900066449128,,
2.118178718666304,,
0.0681858617461616,,
1.8877297972880305,,
2.0026843129897296,,
1.6946051989335686,1.6946051989335686,
1.9924651478080435,2.3308194664958366,
1.7116385382323491,2.6532125137753435,
2.23402348643629,,
1.2723058444020865,1.577491799837225,
2.1249278791105333,2.8750612633917,
1.7269715836828767,,
1.499687082618404,,2.722140125457416
2.3312247810207323,,2.6693168805661123
1.3692158574101427,,
1.9258275746247424,,3.3913409650889035
1.2219355998280053,1.6989700043360187,
0.6334684555795865,,2.326335860928751
0.9542425094393248,,
0.8260748027008264,,0.2787536009528289
0.7781512503836436,,
0.5797835966168101,,1.7283537820212285
,,1.507855871695831
2.2474822606770544,,2.794627444664508
1.7664128471123994,,2.534660575828444
2.4914317356829696,2.9860547807696958,
4.730943693427736,,
1.1650958747542182,,
2.1887597929520117,,2.9271855175448933
0.414973347970818,1.7323937598229686,
1.0224283711854865,,
1.0358298252528282,,2.179925032074337
1.5276299008713388,,2.4952667443878105
,0.1583624920952496,
,,
3.296072566359835,,
-1.3872161432802643,,-1.2518119729937995
1.3692158574101427,,
,,2.506545618777679
2.076786033508079,,
,,2.2361844428801496
1.4483971034577676,,
1.7730546933642626,,3.273464272621346
1.2723058444020865,1.7737864449811935,
1.515873843711679,,2.015778756389041
1.0413926851582251,1.792391689498254,
0.8085485512404055,,
1.2219355998280053,,2.9700352255680658
1.0,,1.7481880270062005
1.0224283711854865,,2.579503500660207
2.0224283711854865,,
3.91365493508662,,1.591064607026499
,,1.2829278464224758
2.2668429487005843,,
1.3234583668494675,1.94546858513182,
0.7016543173257481,,
1.1139433523068367,1.5440680443502757,
2.0569048513364727,,
,1.4014005407815442,
2.4465837626942992,,
,,2.160933490460957
2.306231964874957,,
0.5453071164658241,,
3.1257378628006944,,
2.087426457036285,,2.229169702539101
1.2041199826559248,1.4771212547196624,
1.2986347831244356,,
1.1095785469043866,,
1.3242824552976926,,2.501606922418829
1.290034611362518,,2.2281436075977417
,,2.662757831681574
1.0791812460476249,1.255272505103306,1.6232492903979006
,1.5563025007672873,
4.92551835817743,,
,,1.8750612633917
2.0499928569201424,,2.7904962769671093
1.3096301674258988,,2.6915235221681546
,2.061452479087193,
,,1.706675118700799
2.0681858617461617,,
1.3480808417577996,,
0.8573324964312685,,1.9647309210536297
0.6020599913279624,,2.2140486794119414
,,0.291701770729981
1.0224283711854865,1.8407332346118068,
2.343497216287973,,
0.6627578316815741,,2.8361341494653747
,,1.6065963091792852
2.1095785469043866,,
1.4764258270580113,,
-1.0087739243075051,,
1.0681858617461617,1.1583624920952498,
1.5560309818575973,,
1.5327543789924978,,2.5444401373176926
1.499549625905149,1.3692158574101427,
,1.48572142648158,
2.2723058444020863,2.375114684692225,
3.026749744968129,,
1.7767011839884108,,2.9161906599805376
1.3944516808262162,,2.498999363580153
2.41161970596323,,
,,
1.534026106056135,,0.9242792860618816
2.105612359686785,,
1.2143138974243997,,
1.7610327810233917,,
0.2304489213782739,,1.8915374576725643
1.3186058640550555,,
0.7403626894942439,,1.5010592622177514
,1.4313637641589874,1.8864907251724816
1.4831592097169797,,
1.691435152144062,,2.802246780936593
,1.7024305364455252,
,1.9628426812012425,
1.3469394626989906,1.7737864449811935,
4.987263954122236,,
0.9132839017604184,,
0.5797835966168101,,2.115277591395901
1.9273703630390235,,3.092650478356795
1.3138672203691537,,2.504198918539445
-1.214670164989233,,
1.8109042806687004,,2.1248301494138597
1.792391689498254,2.7234556720351857,
,1.48572142648158,
,2.475380593143361,
1.5305838596451178,2.577491799837225,
0.8633228601204559,,1.91539983521227
1.1095785469043866,,
0.8450980400142568,,
1.3692158574101427,,
4.022428371185487,,4.671913012441587
1.2442771208018428,,
,,2.004321373782642
1.9628426812012425,,2.02201573981772
0.9493900066449128,,
1.5224442335063195,,2.0170333392987803
0.7993405494535817,,2.1455071714096627
1.385606273598312,,2.591287265058499
0.2442771208018428,,
,,1.8714853673467915
0.724275869600789,,2.278753600952829
1.919444210465237,2.8441042306975133,
,2.4345689040341987,
2.841359470454855,,
1.690399884712457,,
0.7671558660821804,,
0.6720978579357175,,2.64738297011462
0.6232492903979004,,
0.6989700043360189,,
1.5996647787884168,,2.660917628140124
1.3011819721383155,,
2.542402125822417,2.315970345456918,
0.5440680443502757,,2.146128035678238
,,0.5927317663939622
0.9883091880368856,,
0.670245853074124,0.8573324964312685,
0.9637878273455552,,2.310268366632448
-1.6020599913279625,,
,2.3380578754197563,2.9331758812340807
0.2787536009528289,,1.6711728427150832
2.361727836017593,,
,2.308350948586726,
1.7201593034059568,,2.248218561190075
-1.0,,2.125806458139527
,,2.0506136631279546
1.4661258704181992,,2.097881744713868
2.101609617233111,,1.8937617620579432
2.516892181651241,,
0.146128035678238,,1.9014583213961125
0.9030899869919436,,
2.0026843129897296,2.545307116465824,2.597053140176605
0.6244883625134489,0.8887409606828927,
1.806179973983887,1.8195439355418688,
1.1139433523068367,1.5440680443502757,
,,3.407644947669036
,,2.0077051143647804
1.7611758131557314,,2.3988077302032647
0.041392685158225,,2.3218054838575397
2.105612359686785,,
1.410608542568368,,
,,1.667452952889954
1.7213983755215052,,
4.147367107793786,,4.546974275833287
1.6809697184658972,,2.532251019012581
,,2.160933490460957
1.6122539060964374,,
0.6127838567197355,,2.931559567090805
,,2.921166050637739
1.307496037913213,,2.19506899646859
1.8757208898150148,,3.5304502100112263
,,2.790838765267364
0.8325089127062363,,1.561101383649056
1.4831592097169797,,
1.3514870904497112,,2.8340291535039555
,2.267875419318897,
2.1473671077937864,,
,1.3010299956639813,1.6334684555795864
1.8316138553090988,,
,,1.820618471007636
1.5305838596451178,,
2.024834440951365,,
0.0,,
,,2.579503500660207
1.846337112129805,,
1.1473671077937864,,
2.620854077858355,,
0.5453071164658241,,
1.6592504687726608,,
1.434568904034199,,1.7678976160180906
1.2723058444020865,,
1.2041199826559248,1.5563025007672873,
1.5954962218255742,,3.295171106790104
1.3159703454569178,,
2.6547731664179164,2.839603729470837,
1.380211241711606,,
1.6809697184658972,2.2638726768652235,2.60133193815588
1.3469394626989906,,
0.8195439355418687,,2.466422722433792
-1.2924298239020635,,
1.3492192289938894,,
1.904715545278681,,3.171170434901621
2.5996647787884166,,
1.390405156480081,,
1.3424226808222062,,2.534787358629492
1.4313637641589874,1.9637878273455551,
2.139249217571607,,2.971275848738105
2.2377949932739227,,2.8776592441116087
2.0638210563437114,,
1.0,1.7634279935629371,
1.255272505103306,,
2.3965654651848998,2.355643050220869,
2.085219201044942,,
0.8450980400142568,,1.7226339225338123
,,2.27397300376955
2.4308567914718284,,3.4271524700754945
-0.7644715530924511,,
,,0.8691935705672063
,,2.6836948429896936
1.7924617313469506,,
0.5453071164658241,1.954242509439325,
1.6532125137753435,2.0791812460476247,
,,0.8231806877722362
2.104145550554008,,2.57978359661681
,,1.9351544472161684
0.9208013818256542,,
1.499549625905149,,
1.606381365110605,,2.2821687783046416
,-0.562249437179612,
0.414973347970818,,1.6646419755561257
1.3463529744506386,,2.287129620719111
2.1437328231386923,,2.522150692108255
2.69246795758183,3.423180315104786,3.710665601433603
0.8085485512404055,,
2.651384635714785,,
0.6532125137753437,,
1.624488362513449,,
1.5996647787884168,,
,2.1690863574870227,
,,2.788631418803196
1.3469394626989906,,1.9351544472161684
-0.3755116374865511,0.4983105537896005,
1.907034952483417,,
2.1473671077937864,1.7466341989375789,
1.1473671077937864,,
,,2.317007635994752
,,0.1818435879447725
1.3424226808222062,1.951823035315912,
1.806179973983887,,3.2477278329097232
3.647969458362972,,
0.4626375425723779,,
,,0.4378298064082189
2.1212314551496214,,3.228477354445056
1.1821292140529984,,
1.0791812460476249,,3.339888497223747
1.3469394626989906,,1.9351544472161684
0.9493900066449128,,2.2711443179490782
0.9888308631529492,1.1016096172331111,1.302001727369793
2.448397103457768,,
2.2882939497862167,,
,-1.0,
1.0791812460476249,,
2.9772067159573177,3.612253906096438,4.064316820579152
0.5453071164658241,,
1.255272505103306,,
1.545307116465824,,
-1.6575773191777938,,-1.4559319556497243
-0.1549019599857432,,1.4265112613645752
,,1.0043213737826426
1.6122539060964374,,
1.0681858617461617,1.510545010206612,
0.724275869600789,,1.383815365980431
1.1719895827021185,,
,,1.671913012441587
0.6989700043360189,0.9030899869919436,0.0
1.260071387985075,,3.0513454993365388
1.1473671077937864,,
0.9712758487381052,,
1.2187979981117376,1.40226138245468,1.884795363948981
0.0,,1.2479732663618066
1.515343893088381,,2.370883016777606
1.965812953036603,,
0.505149978319906,,1.925312091499649
2.0791812460476247,,
2.997386384397313,,
,,4.848004271497269
0.7634279935629372,,2.700444101027752
2.197280558125619,,2.484869032720402
2.2112006620002567,,
2.086886360412405,,
1.9041743682841632,,3.249736304568833
1.515343893088381,,
0.5185139398778874,,2.838849090737255
1.5595475555804343,1.717670503002262,
-0.3010299956639812,,3.3696239766406326
1.4299136977637543,1.8350561017201164,
,,1.671913012441587
0.7671558660821804,,
1.9712758487381048,1.6532125137753435,1.972943008105568
1.3692158574101427,,
1.146128035678238,1.4313637641589874,
4.109578546904387,,
2.5056925074122,,
1.6294095991027189,,2.87742894078822
0.9712758487381052,,
1.3087351100287612,,
1.3924683170438543,,2.2934354835389814
,,1.0840934602282348
1.5587085705331658,,
0.7671558660821804,1.209515014542631,
1.3423437110098415,,
1.439253724017898,,
1.6047443043176917,,
,4.760422483423212,
1.24551266781415,,2.6545615547417434
1.5599066250361124,,2.6939027410660605
,2.118595365223762,
2.424211718939284,3.0594119374386564,
1.3979400086720375,1.919078092376074,
1.3981935626189208,,
0.785329835010767,,2.104145550554008
1.4661258704181992,,
1.2442771208018428,,
1.4203683798575242,,1.7830634645642536
,,2.071882007306125
1.5237464668115646,,
,,1.671913012441587
,1.414973347970818,
0.5563025007672873,,3.035389709198677
1.140067869052287,,1.7388598020722
0.568201724066995,,1.9498777040368749
2.5676144427308447,,4.015141715036791
-0.1536628878701947,0.8115750058705934,
1.0863598306747482,,1.9122220565324155
,,
,,1.2159810567918627
2.3965654651848998,,
1.4026396128970926,,
,,2.3010299956639813
1.209515014542631,,2.15896526038341
,,1.972943008105568
0.2041199826559248,,1.1818435879447726
,,2.093421685162235
2.4897897886159925,,
1.591064607026499,2.012837224705172,
2.0175758683910745,,
,,1.9084850188786493
,,1.6099144100859977
0.6334684555795865,,2.612041744645269
0.4913616938342727,,1.7641761323903309
,0.4593924877592308,
2.1473671077937864,2.3271545124094315,
1.5595475555804343,,
,2.307496037913213,
,1.4313637641589874,1.291701770729981
1.545307116465824,,
2.7791489807414376,,
1.404833716619938,,3.4550124501002544
1.3979400086720375,,
,1.670245853074124,
0.7993405494535817,,2.394976719554564
,,2.412275701935831
0.8573324964312685,1.7958800173440752,
1.3469394626989906,,
-0.0969100130080563,,2.017450729510536
,,1.9294189257142929
1.230448921378274,1.977723605288848,2.3096301674258988
,2.345177616542704,2.7326108527951987
1.2442771208018428,,
-0.9546770212133424,-0.7670038896078462,
,-0.9208187539523752,
,1.6434526764861874,1.4471580313422192
1.4299136977637543,,
,,1.9084850188786493
1.140067869052287,,1.7388598020722
1.410608542568368,,
0.8463371121298052,,
1.4483971034577676,2.0261245167454502,2.370883016777606
,,2.6755171367104125
3.140925795498442,3.4205052868305805,
-1.0177287669604316,,0.6627578316815741
-0.0287241512618947,,1.3708830167776058
1.3692158574101427,,
,1.3159703454569178,
,,2.6682787277864928
1.8609366207000937,,3.0872133412316147
1.6809697184658972,,
2.103803720955957,,
1.1473671077937864,,
2.0729847446279304,,2.563362409486607
,,0.3708830167776059
0.5440680443502757,,1.8512583487190752
1.1473671077937864,,
,,3.9871834472201786
1.3053513694466237,,3.067033639842262
1.2442771208018428,,
,,
,,1.634124451552187
1.2143138974243997,,
1.3053513694466237,,3.067033639842262
2.090610707828407,,2.60788374435699
1.5996647787884168,,
,,1.671913012441587
1.6809697184658972,,
0.1473671077937864,0.5563025007672873,
1.1821292140529984,1.846337112129805,
4.816373888752362,,
-1.619788758288394,,
1.1502527960312747,,
1.4771212547196624,,2.804888744622392
1.0413926851582251,,1.380211241711606
2.1072099696478683,,2.6920533650340808
2.085219201044942,,
,1.2420442393695508,
,2.2237554536572413,
1.4831592097169797,,
2.1509712320626115,,
,,2.451538870833607
2.0827853703164503,,
1.5595475555804343,,
2.165095874754218,,
1.6364878963533651,,2.528531060635411
1.385606273598312,,2.1451964061141817
1.816373888752362,,
2.7780064614235083,,3.4143883269310757
2.5748411950633847,,3.2065020575886853
0.499549625905149,,
1.9766708806248112,,
1.5866998016240492,,2.3409197934001624
1.4831592097169797,,
1.8518696007297664,,2.459844642388208
1.1095785469043866,,
2.1952906601109694,,
1.3648510520076929,,
1.58814504249823,,
1.2723058444020865,,
2.6959612369754646,,
1.2041199826559248,,
1.2750117377780117,,2.5133767678007497
2.0725072355288043,,2.405645123036818
0.5453071164658241,0.255272505103306,
0.9542425094393248,,
1.5854607295085006,,2.1696744340588068
,1.6354837468149122,
2.009450895798694,2.059563417901268,
1.7275412570285564,,2.872039667973286
1.1139433523068367,1.8260748027008264,
1.410608542568368,,
,,
2.5814034618141006,2.308350948586726,
2.208064948147398,,
1.506505032404872,,2.29269900304393
,,2.4601992542530136
2.714589587969231,2.459392487759231,
0.8061799739838872,,1.287801729930226
1.3424226808222062,,
0.9658129530366032,,
1.7895807121644254,,2.601842789782098
,,
1.6122539060964374,,2.0240955305529496
1.4082399653118496,,2.2174839442139063
,,3.0798701418711487
2.8612774619227417,2.611298362296429,
1.0681858617461617,1.7993405494535817,
1.7924617313469506,,
,,2.462397997898956
1.92551835817743,1.48572142648158,
,,2.456054626514418
0.7481880270062004,,2.7155855518931964
2.3541084391474008,,3.587037117743456
,,2.0398897977361816
,,3.017613403025029
0.8463371121298052,,
1.258517559916453,,
1.6711728427150832,,3.012710712741787
0.499549625905149,,2.028894413434718
1.7323937598229686,,2.575534218319864
,,0.8480042714972682
2.045714058940868,,3.085540306036948
0.824060717418653,,1.671913012441587
0.6812412373755872,,1.745855195173729
2.100370545117563,,
1.7781512503836436,,
1.9415064635615604,2.017200343523835,
1.2723058444020865,,
1.755714822960796,,
2.001673149594867,,
1.1095785469043866,,
2.407390904470732,,3.4177539344041343
-0.1549019599857432,,0.785329835010767
1.410608542568368,,
0.9132839017604184,,
-0.645891560852599,-0.9546770212133424,-0.2740883677049518
1.3353575901491754,0.6170003411208989,1.1947917577219247
2.4465837626942992,,
-0.7351821769904635,,
,,0.8937617620579434
1.3222192947339193,,
2.322219294733919,,
2.3282572497312364,,
1.701654317325748,2.470116353151004,
1.2750117377780117,2.074157919697316,
1.9212753915980272,,
,,2.7968517490498868
,,2.012837224705172
1.292256071356476,,2.198106998873401
1.499549625905149,,
1.824060717418653,2.0034605321095063,2.630158264334586
1.285669805960068,,
1.5595475555804343,,2.891584842803669
0.255272505103306,,2.03261876085072
-1.744727494896694,,
,2.564902672529205,
1.4483971034577676,1.6532125137753435,2.634124451552187
0.1095785469043867,0.0334237554869497,
1.271841606536499,,2.6403820447095683
1.9432471251378616,,
0.670245853074124,,
0.9867717342662448,,2.044147620878723
,,2.965643769364069
2.34908316877959,,3.0057808999546523
0.7634279935629372,,3.105271683106794
1.0893751608160998,,
3.493948255130172,,
0.9084850188786496,,2.355259905527378
0.8512583487190752,,0.7403626894942439
,,3.347080102104981
1.285557309007774,,2.386498965550653
,2.255272505103306,
1.5932860670204574,,3.0711452904510828
,,1.71983656475877
,,
1.4483971034577676,,
1.3979400086720375,1.919078092376074,
0.2803734661501194,,0.4315808571312174
2.3841562072030795,,
1.6647829573726218,,
1.7888751157754168,,2.6307328928171967
0.670245853074124,,
1.2671717284030135,,3.0571333672490866
2.4184338800803244,2.7280289544205183,
1.0413926851582251,,
0.8450980400142568,1.0791812460476249,
1.1363717234923232,,
,,3.2317243833285163
,1.230448921378274,
1.545307116465824,,
1.5563025007672873,2.5563025007672877,
,0.5563025007672873,
1.9025467793139912,,2.196176185039973
,,1.724275869600789
1.268215128299932,,
0.9132839017604184,1.0261245167454502,
1.1095785469043866,,
,,-0.8961962790440431
1.0755469613925308,,2.2889196056617265
1.5866998016240492,1.670245853074124,
1.1095785469043866,,
0.7481880270062004,1.4471580313422192,
0.7781512503836436,,1.0606978403536116
1.3180633349627615,,1.8959747323590648
2.243781916093795,,3.149465450995452
1.9569268224290544,,
-1.589391457431632,-0.390619055749293,-0.6364162219638936
1.416640507338281,,
1.2986347831244356,,2.149034267161249
1.1248301494138593,,
,,1.5927317663939622
1.960280464436642,,
2.586699801624049,,
1.802773725291976,,3.0048800072406343
,,0.4378298064082189
0.9782764073402298,,
1.2787536009528289,,
,1.6334684555795864,
2.714589587969231,2.459392487759231,
2.1437328231386923,,
1.5866998016240492,,
1.624488362513449,,
1.439253724017898,,
2.589323945450198,,
2.537819095073274,3.5864747785713966,
1.591064607026499,,
,,1.4726101975960446
1.2723058444020865,,
0.3222192947339193,,1.3263358609287514
1.0,1.1139433523068367,
1.3463529744506386,,
0.680969718465897,0.8115750058705934,
0.9132839017604184,,
,,2.726996013587268
1.1139433523068367,1.3010299956639813,
,,0.8937617620579434
,,1.462397997898956
1.2787536009528289,,
0.7924617313469506,1.0261245167454502,
1.250029449690934,,1.99585228756978
,2.263233538439489,
1.9479236198317265,,2.824060717418653
1.636387585813157,,
1.499687082618404,,2.9068197154665456
2.1437328231386923,,
1.4116197059632305,,2.4324882557705063
1.6138418218760693,,2.345961541813141
0.561101383649056,0.7474118078864233,
1.824060717418653,,
0.6127838567197355,,2.167317334748176
0.9344984512435676,,
0.1760912590556812,,1.484299839346786
1.130333768495006,,2.100370545117563
1.5809249756756194,,2.3630475945210936
1.0,,2.12985095078891
,,
1.1139433523068367,,
0.670245853074124,,1.3708830167776058
1.380211241711606,,2.4530123911214554
1.948999454026953,,
0.8692317197309762,,2.82210266864692
,,1.9149510611278813
1.5305838596451178,,
1.3483048630481609,,3.0258381642297003
,2.054613054556888,
0.6627578316815741,,0.9242792860618816
1.809559714635268,,2.0038911662369103
4.346939462698991,,
1.390405156480081,,
2.939992226204891,,
0.7634279935629372,,1.2671717284030135
1.3443922736851108,,2.379668034033654
1.566496415535762,,1.985428719653628
0.900694774452398,,
-1.744727494896694,,
1.7924617313469506,,
,2.2785783239544983,
2.045714058940868,,3.132131560165341
2.0530784434834195,2.7715874808812555,
2.0569048513364727,,
1.2442771208018428,,
2.452292561617729,2.7781512503836434,
1.4299136977637543,2.1528995963937474,
2.0896232582132512,2.958924928515815,
1.9854264740830017,,3.437417581766818
1.3010299956639813,,
,0.99563519459755,
0.6989700043360189,1.380211241711606,
1.636387585813157,,
4.027227254067255,,
1.5305838596451178,2.2375437381428744,
0.7583819417746753,,
1.965812953036603,,
1.1095785469043866,,
1.0791812460476249,,
,,
,,1.0840934602282348
1.089905111439398,,2.5773768919170146
1.6592504687726608,1.4313637641589874,1.990671775066
,,1.923145539743153
1.230448921378274,,
2.2833012287035497,,
1.4145388361968003,,
,2.597695185925512,
,,2.2361844428801496
0.3469394626989905,0.1003705451175628,0.3708830167776059
1.515873843711679,,2.015778756389041
1.3010299956639813,,
0.6680689338198494,,
1.4280213440860496,,
1.5314789170422551,,
0.4771212547196624,1.3979400086720375,
1.3010299956639813,,
1.6138418218760693,,2.243534101832062
1.670245853074124,,2.479222491566444
1.5305838596451178,,
0.8450980400142568,,2.6321534835106326
-0.2196826878598487,,
1.8743658357300488,,
0.9242792860618816,,2.578180609627778
1.0224283711854865,1.4593924877592308,
0.9132839017604184,,
1.0,,3.155305666159626
1.1095785469043866,,
0.9132839017604184,,
1.2986347831244356,1.48572142648158,
,,2.093421685162235
1.645422269349092,,3.0307615909510166
,,1.545307116465824
,,2.146128035678238
,,2.069853021113625
1.3617278360175928,,
1.2442771208018428,1.823474229170301,
0.9777236052888476,1.3617278360175928,
,1.9712758487381048,
1.510545010206612,,2.5725230978496376
1.5843312243675307,,3.456198964659237
1.9185545305502736,,2.239799818447098
2.1415375641330625,,2.0812824828944065
,2.819820216859254,
,3.2550311633455515,
0.4771212547196624,,1.7634279935629371
0.691435152144062,,
2.031973689091717,2.1583624920952498,
1.758381941774675,,
2.245265839457461,,3.1204093945560687
2.2640855141553957,,
1.3747483460101038,,2.3494717992143856
,,2.55024058653017
0.8450980400142568,1.6720978579357175,
1.907034952483417,,
0.3010299956639812,,0.7160033436347992
0.9030899869919436,1.3010299956639813,
,,2.6776653413306786
1.8609366207000937,,2.285107029566812
2.869231719730976,3.770852011642144,
,,1.634124451552187
1.839037873388306,,
0.041392685158225,,2.3218054838575397
0.4623979978989561,,1.6821450763738317
2.316159128107968,,
1.2143138974243997,1.8785217955012063,
1.235528446907549,,
,,1.9351544472161684
0.7634279935629372,,2.218010042984363
1.390405156480081,,
1.255272505103306,,1.792391689498254
,1.9795483747040952,
1.2986347831244356,,
,,1.653429606747574
1.2143138974243997,,
,,1.2262002219735486
1.6334684555795864,,1.9703468762300933
,,1.3053513694466237
1.919444210465237,,
2.2281739121281485,,
,1.7024305364455252,
0.1139433523068367,,3.477858928493696
1.3283796034387378,,2.954628377507271
1.5305838596451178,,
,2.311032969791041,
1.5595475555804343,,
-0.9873314661036696,,
1.8535156967569288,,
1.9809391654174848,,
2.244277120801843,2.431363764158988,
2.6989700043360187,,
0.6720978579357175,1.380211241711606,
0.9444826721501688,,1.7058637122839193
0.7671558660821804,,
1.701654317325748,,
1.2143138974243997,,
1.1095785469043866,,
2.0017337128090005,,3.054919327123814
,,2.592731766393962
0.8750612633917001,,2.450249108319361
0.4771212547196624,1.3979400086720375,
1.0718820073061257,,2.2352758766870524
0.45020290432103,,2.184908523789829
1.146128035678238,,1.4014005407815442
1.525613554692646,,
2.4222943008935625,,
,,2.664613773700088
1.3480808417577996,,
2.5814034618141006,2.308350948586726,
1.5866998016240492,,
,,1.291701770729981
0.7708520116421442,1.4313637641589874,1.7708520116421442
1.9273241590406924,2.488014567824043,
2.258517559916453,2.323458366849468,
0.5643109099606027,,
2.071882007306125,,2.7307822756663893
,,2.876985262766488
,0.4771212547196624,
,1.4471580313422192,1.6812412373755872
2.1437328231386923,,
0.8750612633917001,,2.369030221809153
0.9712758487381052,,1.990671775066
0.1821292140529984,0.3308194664958368,1.1292902089654924
,1.6334684555795864,
1.0334237554869496,,2.6079908585471747
1.8085485512404056,,
,,2.136799810744238
1.5024271199844328,,
1.1095785469043866,,
1.4859066008218458,,
1.7494270991217489,,
0.670245853074124,,
0.5563025007672873,,2.406199423663313
0.9493900066449128,,2.615739688619155
0.6334684555795865,,
1.758381941774675,,2.3989117403778493
1.1931245983544616,,2.6074550232146687
2.8538003866929857,,
,2.9979976364080043,
2.182129214052998,,2.6139210654639005
1.631443769013172,,2.7219754015859534
2.330636951476591,3.101609617233111,
,,1.4958217533859055
,,
1.2624510897304295,,1.6720978579357175
1.4517864355242902,,3.249736304568833
0.3692158574101428,1.0334237554869496,
1.7081701097877502,,
,,-1.0757207139381184
2.869231719730976,3.770852011642144,
1.1760912590556811,,
1.711807229041191,,2.7972675408307164
,,
2.1326438509730803,,
2.244277120801843,,
1.0,,2.8544882250444306
1.113508840532819,,
1.6374897295125106,,2.671728088239558
0.9132839017604184,,
0.8463371121298052,,
1.380211241711606,,2.2043913319193
1.6232492903979006,,
1.5996647787884168,,
0.3234583668494676,0.5563025007672873,
-1.1023729087095586,-1.1804560644581312,-0.4621809049267259
,1.334453751150931,
1.4871383754771863,,3.34121682814391
1.1821292140529984,,
2.3124629825480048,,
1.2723058444020865,,2.3906914101311583
0.7160033436347992,,1.6857417386022635
0.7923916894982539,,2.2860071220794747
2.1231980750319988,,2.916137983107175
1.741939077729199,,3.028855809390444
1.5481928047033122,,2.578607123702356
0.9637878273455552,,2.7800291273373383
-0.2328441339178195,1.4313637641589874,
1.1072099696478683,,1.8836614351536176
1.3469394626989906,1.4313637641589874,
-0.0867160982395816,0.1003705451175628,
3.0893751608160995,,3.7388598020722
2.9622130183603903,3.4771212547196626,
1.3692158574101427,,
1.624488362513449,,
2.5814034618141006,2.308350948586726,
0.6812412373755872,,3.0792536224300777
,1.6188844849954505,
2.113943352306837,,
0.8692317197309762,,1.8976270912904416
0.6334684555795865,,2.372175286115064
1.403120521175818,,2.329397879361043
2.128883702099773,,
,2.8785217955012063,2.8307778695227577
,2.3096301674258988,
0.5563025007672873,,1.7634279935629371
1.691435152144062,,2.802246780936593
1.3263358609287514,,2.160468531119037
2.2895889525425965,,3.5091083925837547
2.5358002908248976,,3.446304113951924
1.0606978403536116,,2.775173385424787
1.918157774075012,,
,1.7466341989375789,
1.0224283711854865,,1.748067803859024
0.8976270912904415,,2.822494985278751
0.6720978579357175,,3.079434510633744
2.3713819191666503,2.3416323357780544,
1.2648178230095364,,2.249931756634195
2.05045709478573,1.7323937598229686,
2.49996186559619,,3.883911153636279
,,2.23887373701787
1.6047443043176917,,
0.9242792860618816,,0.146128035678238
1.3234583668494675,,2.0551297642929183
0.670245853074124,,
1.8810992183890167,,
1.1616075469083966,,
,3.076786033508079,
2.0725072355288043,,
1.3469394626989906,,
,1.0606978403536116,
2.876852647601344,,
2.208064948147398,2.597695185925512,
0.6989700043360189,,3.3990677089490724
1.545307116465824,,2.0077051143647804
-0.7644715530924511,,
,,2.0077051143647804
1.4299136977637543,,
0.2304489213782739,2.207095540419218,2.141763230275788
,,1.501216785272612
2.311223910432456,,3.5038893751339386
2.2723058444020863,2.79309160017658,
1.80057962156913,,3.305381468021173
1.515343893088381,2.547528576459782,2.4677930297856623
1.857935264719429,,2.668292710448221
4.853515696756928,,
1.915927211697116,,3.313128713845194
0.7781512503836436,1.0,
1.7283537820212285,,2.527372082827612
0.3424226808222063,,2.829625353358049
1.2143138974243997,,
1.6374897295125106,,2.5200903281128424
1.2986347831244356,,2.1242106834362176
,,
1.3862491967089232,,
1.53356871319458,,
,,
1.0791812460476249,,1.7032913781186614
,,1.6334684555795864
0.6627578316815741,,3.3197720914263638
1.924795995797912,,3.354626976852949
1.6122539060964374,1.9628426812012425,
0.9242792860618816,,2.846708145456007
2.528273777167044,,
,1.7160033436347992,
0.8463371121298052,,1.3708830167776058
,,2.7248490876293854
1.711807229041191,,2.8057047044338645
1.5440680443502757,2.0791812460476247,
1.3234583668494675,,
,1.4471580313422192,1.0
1.0606978403536116,,2.775173385424787
1.230448921378274,,2.506505032404872
1.0224283711854865,1.334453751150931,
0.6627578316815741,,
0.6989700043360189,,1.3617278360175928
1.0293837776852095,,1.5670263661590604
1.2442771208018428,,
1.4299136977637543,1.8350561017201164,
-1.744727494896694,,
0.9862161985310416,,
1.0569048513364727,,2.528016341189202
,2.7367151336056112,
2.4897897886159925,,
2.245018870737753,,2.371437317404101
2.1149444157125847,,2.55303301620244
1.434568904034199,,2.91634865227546
,,2.3561597599568995
1.6122539060964374,,
1.2648178230095364,,2.2619761913978125
2.0638210563437114,,
0.9822712330395684,,2.578639209968072
,0.7323937598229685,
0.5910646070264992,,2.625209525381881
,1.209515014542631,
0.3617278360175928,,1.5352941200427703
2.670245853074124,1.7867514221455612,
1.4409090820652175,,
1.0,1.2787536009528289,
,,1.9818978507584948
1.2227164711475833,,2.52750101098112
0.568201724066995,,1.4424797690644486
1.0,,
1.9374175814771373,,
1.2442771208018428,1.4313637641589874,1.7688230254496435
1.5786392099680724,,3.170672340315576
1.9283958522567133,,3.6117870140165858
1.3234583668494675,,
1.410608542568368,,
0.4313637641589873,0.4623979978989561,
1.45020290432103,,
0.5996647787884168,,
,,2.3879163560763863
1.9175055095525464,,2.834229902851677
1.390405156480081,,
1.0,,
,,2.291701770729981
2.036668810300097,2.3271545124094315,
1.0893751608160998,,
1.136720567156407,,
0.7671558660821804,,2.3635837780361064
0.6901960800285137,,2.093421685162235
1.1789769472931697,,2.533136288278639
,,
2.1749315935284423,,3.2785935682411336
1.380211241711606,,2.101059354908116
1.5773883840772644,,
2.502700175310563,,3.941481617344491
1.4831592097169797,1.7737864449811935,
1.3778160291720605,,
1.845098040014257,,3.1223469662550785
2.410608542568368,,
-1.5072396109731625,,
-0.3372421683184259,,
1.806179973983887,,
-0.1549019599857432,,
,2.087781417809542,
2.2753881460691807,2.011147360775797,
1.505149978319906,,
,,3.3541084391474008
0.5453071164658241,,
1.7715874808812553,,1.833784374656479
0.0681858617461616,0.255272505103306,
0.5453071164658241,,
,,1.867467487859052
,,1.7853298350107671
0.9867717342662448,1.568201724066995,1.792391689498254
,2.7892986111594413,
1.530199698203082,,3.43123506524505
1.9793434704861383,2.3380578754197563,2.6458102098773817
-0.5228787452803376,,1.57287160220048
,,0.9149510611278816
2.548192804703312,,
1.3010299956639813,,
1.5781943746863965,,
,,3.011033057713708
1.5996647787884168,,
1.667452952889954,,3.556796832486183
2.1473671077937864,,
1.515343893088381,,
1.8881901685544795,,
0.5910646070264992,,1.9503648543761232
,2.3197304943302246,
,,2.2159810567918625
2.376576957056512,,
-0.1536628878701947,-0.00436480540245,
,,2.392072315847544
1.410608542568368,,
,,1.8154482375415453
2.5706129817305943,,2.1086056101056414
,,1.7688230254496435
2.308564413561238,,3.619677564667636
3.2615331181326237,,
-0.0341870469633968,0.2095150145426309,
,,1.7388598020722
0.785329835010767,,2.5444401373176926
,,2.4513258084895195
,1.6334684555795864,
0.9590413923210936,,2.071513805095089
-0.4546928835341759,1.760422483423212,2.149034267161249
1.7494270991217489,,
2.1473671077937864,,
1.2174839442139065,,2.40226138245468
1.6812412373755872,2.58983794314746,
1.546542663478131,,2.329804522164069
1.211200662000257,,
,0.0334237554869497,
1.146128035678238,,
-0.3979400086720376,,1.9237619608287
,1.48572142648158,
1.6592504687726608,,
1.390405156480081,1.846337112129805,
3.0686199392254805,,4.723499612368287
,2.534026106056135,
2.856608068436936,,3.4761647543228253
0.7841892053809608,1.442793225939769,
1.5215042017931997,,
2.1509712320626115,,2.385123455892216
1.429752280002408,,3.035349676522988
1.2986347831244356,,2.149034267161249
3.059563417901268,,
2.333003684755698,2.5153438930883807,
1.741939077729199,,2.329397879361043
1.3234583668494675,,
-0.6307841425898572,,
1.8846254632562345,,
1.9030899869919435,,2.882979654037299
0.4483971034577676,,
1.146128035678238,1.4913616938342726,
1.9976047874604543,,2.4677930297856623
1.1139433523068367,1.3979400086720375,
,,2.6344772701607315
-1.0,,1.787460474518415
1.8881901685544795,,
2.250420002308894,2.322219294733919,
2.0725072355288043,,
1.1250907130826342,,
,,-1.3767507096020994
1.809559714635268,,2.0038911662369103
,,
1.3384564936046048,,1.9772662124272928
0.8808135922807914,,1.6830470382388496
1.1473671077937864,,
,,1.8813846567705728
0.1139433523068367,,1.2741578492636798
2.038620161949703,,3.001863462692524
1.1760912590556811,,
0.907034952483417,,
1.7032913781186614,,2.7046651854545294
0.7781512503836436,,1.8573324964312683
1.506505032404872,,2.29269900304393
,,1.1490342671612497
,1.9030899869919435,
1.410608542568368,1.334453751150931,1.9351544472161684
1.7309436934277358,,
2.1581968857533087,,
1.0791812460476249,1.414973347970818,
0.9684829485539352,,0.380211241711606
0.3010299956639812,,1.8247764624755456
2.2723058444020863,,
2.596377143997599,,2.907787443110616
0.919078092376074,,2.768860000842957
1.5081497976670666,,
1.6434526764861874,,3.1961208925983806
1.943988875073772,,2.028977705208778
2.355987591676388,1.9084850188786493,
1.0,,
1.5643109099606027,1.3679147387937527,2.208629438315688
-0.3297541469258759,,
1.3783979009481375,,2.34713478291002
1.2143138974243997,1.255272505103306,
1.7494270991217489,,
1.0569048513364727,,0.9344984512435676
1.80057962156913,2.163757523981956,
2.0453229787866576,,2.5190400386483445
2.2218574354191367,,2.937853763611335
1.0934216851622351,,
1.510545010206612,,
1.5185139398778875,,
1.4265112613645752,,2.767823498007517
2.0770043267933502,,2.474507639116976
1.085219201044942,,
2.34921922899389,,
1.5560309818575973,,
1.3304137733491908,,
2.477611730417605,,
,,2.3635837780361064
2.559056946091752,,
1.2723058444020865,,
1.3010299956639813,,
2.899492196138132,,
1.515343893088381,2.163757523981956,
1.390405156480081,,
1.9268567089496924,,2.640978057358332
1.3324384599156054,,2.068927611682072
,,
,1.9876662649262744,
1.6422171294738803,,
0.9825290188656024,,2.2934354835389814
,0.9590413923210936,0.7708520116421442
0.919078092376074,,2.486005186362242
1.4116197059632305,,3.340999022531442
1.546542663478131,,2.329804522164069
1.9095560292411755,,2.5901728315963144
1.110589710299249,,2.1344958558346736
0.8390378733883058,,2.069853021113625
1.4571746468708755,,
,,4.871485367346791
1.3469394626989906,,2.2459442801693057
1.1931245983544616,,1.6232492903979006
1.1821292140529984,,
1.410608542568368,,1.706675118700799
1.1846914308175989,,2.238297067875394
1.230448921378274,,
2.0077051143647804,,2.6571897556208808
,2.9273703630390235,
-1.3665315444204136,,
1.6479694583629718,,2.3210855484151907
1.3636119798921444,,1.7737864449811935
,,1.7294523335503689
2.15259407792747,,2.623042434246382
2.670245853074124,1.7867514221455612,
1.3881243017264702,,
1.9867717342662448,,
1.0224283711854865,,
0.7403626894942439,,1.998695158311656
2.4219328132785085,,2.683947130751512
2.379939722801916,,
1.1821292140529984,,
,2.3443922736851106,
0.5314789170422551,,0.6989700043360189
1.1398790864012365,,1.6608654780038692
2.065766387622749,,
,2.255272505103306,
2.1052137415019367,2.2903017873056744,2.4069793621258824
1.2986347831244356,,
1.784189205380961,,
2.1135088405328197,,3.136799810744238
1.1248301494138593,1.7658919764300154,
2.721398375521505,2.9542425094393248,
1.107996415894512,,
,2.519145181968529,
0.8129133566428556,1.3222192947339193,1.724275869600789
0.7781512503836436,,
,,2.6867208635539024
1.2041199826559248,,
0.7784949308262511,1.505149978319906,
1.0681858617461617,,
0.6901960800285137,,2.3242824552976926
0.7403626894942439,,2.2935835134961167
1.4483971034577676,,3.370883016777606
2.4410978647162684,,
,2.593728998707911,
1.7323937598229686,,2.94423584379348
1.7160576270523942,,
0.0224283711854864,0.1583624920952496,
1.7160033436347992,2.690196080028514,
1.0224283711854865,,1.5469742758332872
0.9712758487381052,,
2.3778160291720605,1.94546858513182,
0.6724119148306317,,0.902361933819861
1.0681858617461617,,
,,
2.1095785469043866,,
0.8463371121298052,,
2.8675264111997434,,
,,1.634124451552187
,,3.1573978306460515
,1.4539295920577286,
0.4483971034577676,1.334453751150931,
,,0.706675118700799
1.2442771208018428,,
1.2041199826559248,,2.3057811512549824
0.5797835966168101,,2.2329961103921536
,1.7737864449811935,
0.8260748027008264,,2.6033609243483804
1.187520720836463,,1.3873898263387294
1.2723058444020865,1.577491799837225,
1.639894693554849,,
,2.290034611362518,
1.80057962156913,,
1.8438554226231607,,2.7493497605974766
1.021189299069938,,
1.3304137733491908,,2.092369699629121
,,2.4601992542530136
0.9132839017604184,,
1.255272505103306,,
,0.0791812460476248,
1.8085485512404056,,
1.6614719287666189,,
0.99563519459755,,
,,2.677606952720493
,,1.0840934602282348
1.801403710017355,,1.9304395947667
1.4859066008218458,,
1.9185545305502736,,2.5768018958289125
,,2.592731766393962
0.5314789170422551,,2.03342375548695
1.7201593034059568,,2.2121876044039577
1.1719895827021185,1.0406023401140732,1.3251255262169308
0.99563519459755,,2.6833172619218826
-0.0867160982395816,0.9876662649262749,
2.1473671077937864,2.2764618041732443,2.5839578420864573
2.344647665919406,,3.3275315959828093
2.0681858617461617,1.8987251815894937,
1.4661258704181992,,
1.250420002308894,,2.6462076122066853
2.097569639431371,2.810366953681626,
1.2787536009528289,,
1.1205739312058498,,2.418301291319745
2.4831592097169795,,
0.2787536009528289,,1.530199698203082
1.2787536009528289,1.6901960800285136,
,,1.7659180348062362
1.4299136977637543,,
1.0598548691261105,,
0.8920946026904804,1.255272505103306,
0.5185139398778874,,1.424881636631067
1.5733358400660675,,
1.4014005407815442,,2.7388598020722004
,,1.359835482339888
,2.0813473078041325,
0.8675264111997434,,2.5297478738587764
2.04688519083771,,2.86123561863404
,2.1360860973840974,
2.843544211945636,,3.4492623553088864
1.2442771208018428,,
2.28037346615012,,
1.7081701097877502,,
,1.9822712330395684,
,,0.954459602411555
0.8463371121298052,,
-0.4436974992327127,,
1.1139433523068367,,
1.1095785469043866,,
,,0.4958217533859058
1.2442771208018428,,
,2.1528995963937474,
0.6020599913279624,1.255272505103306,
1.410608542568368,1.9712758487381048,
0.5314789170422551,,2.708250888591378
,1.7781512503836436,2.011993114659257
1.294466226161593,,3.221022805204841
0.670245853074124,,1.291701770729981
0.9712758487381052,,
1.3364597338485296,,2.144262773761991
-1.0589857562944305,,
1.550228353055094,,2.54282542695918
,1.7323937598229686,
1.3424226808222062,,
1.894260664446988,2.4831592097169795,
1.5305838596451178,2.2805783703680764,
1.380211241711606,,
,,
,,3.4619634861249384
0.380211241711606,,1.8247764624755456
1.167317334748176,,2.3059958827708047
1.2430380486862944,,1.910090545594068
2.379303704408667,,
0.2304489213782739,,1.8573324964312683
1.4299136977637543,,
1.464385208841898,,
,,0.5469742758332871
1.4299136977637543,,
0.9712758487381052,,
1.0224283711854865,,
1.1760912590556811,,
1.545307116465824,2.617000341120899,
0.9395192526186184,,1.658964842664435
0.6334684555795865,,1.964259630196849
1.2986347831244356,,
1.8499412363986305,,2.748977956791306
0.4913616938342727,0.9493900066449128,1.0546130545568877
-0.3979400086720376,,1.877946951629188
1.1473671077937864,,2.537214438544131
,,2.6827495978606493
1.9163749787375604,,
,1.5563025007672873,
2.1992064791616577,,2.586699801624049
0.8129133566428556,,2.4176377396522297
0.9294189257142929,,2.6476763132408707
1.287801729930226,,2.479863113023098
1.7824726241662865,,2.4577305482459986
2.4899584794248346,,3.550546311465644
0.8750612633917001,,1.9969492484953808
0.2143138974243995,,
0.3617278360175928,,1.0043213737826426
,,0.1931245983544616
1.3692158574101427,,
1.167317334748176,,1.6618126855372612
0.9132839017604184,,2.317007635994752
0.7993405494535817,,1.81424759573192
1.6809697184658972,,2.0224840463963702
1.0293837776852095,,1.4313637641589874
,0.3979400086720376,
-0.3010299956639812,,1.6963563887333322
1.4682054968113205,,
1.0128372247051722,,1.6972293427597176
1.499549625905149,,
1.1038037209559568,,2.9722491359625955
0.8512583487190752,,2.40705081480425
0.691435152144062,,
-0.1249387366082999,,0.9344984512435676
1.255272505103306,,
1.065572246143475,,
0.414973347970818,,2.602385590105105
1.410608542568368,,2.3409197934001624
1.3234583668494675,1.94546858513182,
1.9819997141298784,,
1.136720567156407,,2.689042339028172
0.5733358400660676,,1.4735453586747536
-0.3297541469258759,0.3271545124094315,0.5322510190125807
2.1749315935284423,,3.049218022670181
2.103803720955957,,
3.122870922864436,,
,,2.9149510611278813
,1.9365137424788936,
0.5976951859255123,,
0.8195439355418687,,1.3304137733491908
1.8149131812750736,,2.273232834043045
-0.0287241512618947,,
2.1719895827021185,,
1.187520720836463,,1.3873898263387294
-0.3010299956639812,,1.6963563887333322
1.2723058444020865,,
1.6830470382388496,,2.87989832433001
,2.1528995963937474,
1.80057962156913,,
,,
1.4313637641589874,,3.3871405694653007
1.545307116465824,1.9876662649262744,
1.5440680443502757,,
2.1760912590556813,,3.234289446933935
1.8656960599160703,,3.0872488677956578
1.6989700043360187,,
0.9395192526186184,,1.7626785637274365
1.433673846637061,,
2.0175758683910745,1.94546858513182,
2.44406885329139,,3.609255345805931
1.9084850188786493,2.4885507165004443,
,2.0,
2.3258644366153463,2.2595938788859486,
1.1958996524092338,,3.268016020781919
1.7007037171450194,,3.120310642636462
1.5563025007672873,1.9731278535996983,
4.612253906096437,,
4.346939462698991,,
0.8129133566428556,,2.4176377396522297
0.6627578316815741,,2.404149249209695
1.6434526764861874,1.8864907251724816,
1.7402837196818792,,
1.6893621435211967,,
0.1854571574019259,,0.9044856274497164
0.1760912590556812,,1.910090545594068
0.8581189426779121,,
1.0224283711854865,,
2.0126685338963304,,
1.3692158574101427,1.7466341989375789,
,1.7737864449811935,
1.3400274682826607,,
0.919078092376074,,3.113542279953964
0.8810992183890173,1.6532125137753435,1.517011052455844
,,2.4513258084895195
1.7715874808812553,,1.833784374656479
1.4831592097169797,,
,,1.9185545305502736
0.8692317197309762,,0.5563025007672873
0.6720978579357175,,1.7323937598229686
1.4409090820652175,,2.534787358629492
1.3692158574101427,0.9542425094393248,
1.3729120029701063,,2.4967913157000425
1.970811610872517,,3.152135396861876
0.4771212547196624,,2.095169351431755
1.9924651478080435,,
,,2.587620561758873
1.173186268412274,,2.53567380342575
0.7583819417746753,1.9084850188786493,
2.5676144427308447,,4.015141715036791
2.247973266361807,,
0.041392685158225,,1.7226339225338123
0.8463371121298052,,
,,2.542121773038875
0.9444826721501688,,2.061829307294699
2.101609617233111,,
1.1760912590556811,,1.6334684555795864
1.8675264111997432,,
1.758381941774675,2.5153438930883807,
1.3636119798921444,1.549003262025788,1.235528446907549
2.674677467873199,,3.526791432018821
0.4771212547196624,,1.4456042032735976
,,2.447158031342219
,1.5563025007672873,
1.2183280235947205,,
2.05045709478573,1.6170003411208989,
,,
-0.3979400086720376,,1.9237619608287
,,2.7168377232995247
0.8195439355418687,1.57978359661681,
0.7323937598229685,,0.3617278360175928
1.3210388927260548,,
1.4831592097169797,,
1.1095785469043866,,
,,0.8691935705672063
3.971275848738105,0.7160033436347992,0.7558748556724915
1.3692158574101427,,
,,2.230448921378274
2.4814856258274136,,
2.499687082618404,2.9804578922761,
1.1846914308175989,,2.220631019448092
1.1985196302411678,,
0.0791812460476248,,1.9169800473203824
0.8692317197309762,,0.8388490907372553
-0.1135092748275181,,0.9684829485539352
1.1821292140529984,,
1.290902332893745,,
,,1.6180376316587324
1.960280464436642,2.2723058444020863,
1.481442628502305,,2.6050894618815805
1.271841606536499,,
2.4946971231107367,,
,,
1.7824726241662865,,2.390758528738717
2.500606922065987,2.6989700043360187,
2.586699801624049,,
1.6122539060964374,,
2.0389974726186795,,
1.9712758487381048,,2.9149510611278813
2.2882939497862167,,
1.146128035678238,1.3010299956639813,1.3979400086720375
,,3.00770511436478
1.670245853074124,,
1.624488362513449,,
1.3087351100287612,,
1.5305838596451178,,
0.2787536009528289,,1.6875289612146342
2.606004956819436,2.848558572123763,
1.6433737066738228,,
3.3337347608664865,,
,1.230448921378274,
,1.5976951859255124,
0.724275869600789,,2.4869968884318228
,1.0128372247051722,
,1.3692158574101427,
1.6479694583629718,,0.8937617620579434
,,1.910795101356724
2.036668810300097,2.900694774452398,
1.0293837776852095,,2.4326486600131068
1.1760912590556811,,
1.734799829588847,,3.0687422929329817
,1.6232492903979006,
1.7686381012476144,,3.1085311988578685
,,3.6074550232146687
1.5440680443502757,,
0.8260748027008264,,0.2787536009528289
1.4661258704181992,,
1.4913616938342726,,
1.4593924877592308,,
1.2986347831244356,,
,,
1.2723058444020865,1.4313637641589874,
0.785329835010767,,1.760422483423212
,1.5059364245665496,
,,2.6343865727479776
1.9763499790032737,,3.356675855658637
1.3234583668494675,,
1.1095785469043866,,2.21286782136772
,,2.819609732751585
1.0718820073061257,,
0.0,,1.5440680443502757
,,3.075605350002716
1.6263403673750425,,2.69284691927723
2.7825156214913944,,3.729452333550369
2.486487153065907,,
,,1.0698530211136246
1.935653349605213,,
1.7309436934277358,,2.370883016777606
,1.2253092817258628,
1.620854077858355,,
,,1.0698530211136246
,,2.437829806408219
1.1986570869544226,,1.9370161074648145
,,3.0398897977361816
2.318605864055056,,
,,
,1.8407332346118068,
4.499549625905149,,
1.1473671077937864,,
,,2.522874402313803
,,0.4378298064082189
1.1760912590556811,,1.678518379040114
1.5595475555804343,2.106530853822381,
1.3234583668494675,0.255272505103306,
1.354108439147401,2.513084360465144,3.087497472404264
2.0253058652647704,,
1.4578818967339924,1.9429995933660404,
-0.2328441339178195,-0.0457574905606751,
,2.2895889525425965,
,2.762678563727436,
1.6424645202421213,,3.061452479087193
1.8877297972880305,,
0.1821292140529984,,
0.7583819417746753,,
1.866287339084195,,3.352394787974109
4.42181458262318,,
1.1335389083702174,,1.6020599913279625
1.2986347831244356,,
1.3617278360175928,,
1.499549625905149,1.5976951859255124,2.160933490460957
1.0969100130080565,,1.8115750058705933
1.5595475555804343,1.9365137424788936,2.2554895980755365
1.146128035678238,,1.812913356642856
1.8535156967569288,,
1.839037873388306,,
2.139249217571607,,2.971275848738105
,,3.412275701935831
,1.4225898398514822,
0.8463371121298052,,
,,2.3324384599156054
2.3756818996593747,2.8452221064290137,
1.7494270991217489,,
,1.3982873053574012,
0.7045794496962992,1.4771212547196624,1.6812412373755872
1.390405156480081,1.534026106056135,
,1.7708520116421442,
,,1.9351544472161684
1.5866998016240492,,
1.089905111439398,,
2.3258644366153463,,
1.6222140229662954,,2.945222316635341
1.0413926851582251,,
1.414973347970818,,
1.900694774452398,,
2.036668810300097,,
1.6809697184658972,,
0.6479694583629718,1.1583624920952498,
,,1.4188065690947886
1.0413926851582251,,
0.414973347970818,0.919078092376074,
,2.686636269262294,
1.7213983755215052,,
1.2986347831244356,,
,,1.8976270912904416
1.739572344450092,,2.191730393362856
,2.345177616542704,
1.2183280235947205,,
2.285932935008955,2.0721763444789665,2.7891843080973517
1.775756037844098,2.1473671077937864,
2.69246795758183,2.7352794480604565,
1.8149131812750736,,2.5232260419657013
1.6479694583629718,,
1.3096301674258988,,
,,2.084093460228235
1.662757831681574,,
0.670245853074124,,
1.230448921378274,1.5314789170422551,
0.9242792860618816,,2.846708145456007
1.2576785748691846,,
1.2442771208018428,,
1.2750117377780117,,2.5133767678007497
0.9084850188786496,,
2.8988348380682742,,3.5135238961137456
1.5733358400660675,,
,0.255272505103306,
0.8463371121298052,,
1.9872639541222352,1.8887409606828929,
1.839037873388306,,
2.052693941924968,,3.120146006188112
1.0413926851582251,,2.1775364999298623
,,0.4378298064082189
0.8450980400142568,,
0.785329835010767,,1.3180633349627615
2.348694190265541,,2.8422971343280654
1.7116385382323491,1.823474229170301,
1.187520720836463,,2.381295623003826
1.833784374656479,,
,,1.7388598020722
3.0479248487166863,3.146128035678238,3.544068044350276
-0.0287241512618947,,
,1.8553374044695403,
1.7387805584843692,,3.1109935173779952
-1.0,,1.4608978427565478
,2.093421685162235,
1.2143138974243997,,
2.24551266781415,,
1.4066423553507663,,
,,1.944482672150169
,,
1.9712758487381048,2.470116353151004,
1.6479694583629718,1.760422483423212,
1.039017321997412,,
0.2787536009528289,,1.8785217955012063
1.9030899869919435,,
1.6479694583629718,,
1.6479694583629718,,
1.916453948549925,,2.566201718854913
2.53356871319458,,
1.9822712330395684,,
1.515873843711679,,2.015778756389041
1.383815365980431,,2.627058464000989
0.8976270912904415,,1.9106244048892007
2.146128035678238,,
1.691435152144062,2.577491799837225,
,1.846337112129805,
1.2041199826559248,,
,,2.3879163560763863
,1.568201724066995,
1.7626785637274365,,3.34423503455164
1.802089257881733,,2.564073978977147
1.1398790864012365,,2.40705081480425
,,2.5750029994335306
0.4623979978989561,,2.953711380427555
,0.8234742291703011,
1.2986347831244356,,1.634124451552187
1.0791812460476249,,
0.9822712330395684,,1.8802417758954804
,,-0.0506099933550872
,1.3434085938038574,1.1947917577219247
0.6334684555795865,,2.612041744645269
1.0224283711854865,1.209515014542631,
0.5453071164658241,,
0.5797835966168101,1.4471580313422192,
1.136720567156407,,2.689042339028172
1.167317334748176,,
1.0413926851582251,,
2.401229891569649,,2.955873476091912
1.3514870904497112,1.948119424380536,
1.088132543425004,,
2.0224283711854865,,2.546974275833287
,,0.8231806877722362
2.551059445354916,,
0.6720978579357175,,2.722633922533812
,2.2375437381428744,
1.5595475555804343,,
0.99563519459755,,2.6833172619218826
0.670245853074124,,
2.1887597929520117,1.717670503002262,
1.3353575901491754,0.6170003411208989,1.1947917577219247
1.2174839442139065,,3.2513705054967024
2.023046584075505,,2.8283376000590046
1.089905111439398,,
2.28302970979386,,
,,2.1112457062718497
1.4913616938342726,,
,2.4345689040341987,
2.566496415535762,,
,,2.174795129305671
1.6479694583629718,,
1.5305838596451178,,
,,2.405645123036818
,,2.155336037465062
,,2.6275194713376826
0.9590413923210936,,
1.662757831681574,,
,1.91803033678488,
,0.9867717342662448,1.577491799837225
1.307496037913213,,2.9524533964230333
0.785329835010767,,3.018492453401473
1.0791812460476249,,
,1.5563025007672873,
1.5381550712461212,,
,,1.3708830167776058
0.5453071164658241,,
1.1095785469043866,,
0.5453071164658241,,
2.0026843129897296,,
2.093491727010932,,
1.0791812460476249,,2.6103407114521566
2.7654152045058797,,4.0907664900809895
2.2555137128195333,,2.694429690957083
,,2.7646766653619976
,,-1.665546248849069
0.6334684555795865,,2.612041744645269
1.4661258704181992,,
2.0549575960124065,,
1.0,1.1139433523068367,
1.2787536009528289,1.6532125137753435,1.9138138523837167
2.8908120989551245,,3.6685350050820937
,,2.291701770729981
1.3469394626989906,,
2.2121876044039577,,
2.598790506763115,,
1.701654317325748,,
4.272305844402086,,
1.410608542568368,1.9712758487381048,
1.64738297011462,,2.360025089189397
0.5185139398778874,,0.3617278360175928
,0.9876662649262749,
1.5390760987927767,,3.3334472744967503
,,0.1585795850674798
,,2.592731766393962
2.583572809143774,2.834630487821257,
,,1.6127838567197357
,-1.596879478824182,
1.2986347831244356,,
,,1.57978359661681
0.9684829485539352,,0.380211241711606
1.439253724017898,,
1.7402837196818792,,
,1.334453751150931,
1.7402837196818792,,
1.0681858617461617,1.8441042306975133,
,1.6016254795539446,
1.9822712330395684,,3.468539322942948
0.7481880270062004,,
2.2218574354191367,2.834630487821257,
2.244277120801843,,
1.410608542568368,,
-1.164943898279884,,
1.0606978403536116,,2.116275587580544
2.2500294496909343,,
1.410608542568368,1.8785217955012063,
1.6809697184658972,,
1.6982067128595717,,
1.410608542568368,,2.317007635994752
0.5314789170422551,,
2.721398375521505,,
2.28302970979386,,
1.2329961103921538,,2.6546577546495245
0.3692158574101428,1.1583624920952498,
2.3827372657613304,,3.3861956561205666
1.1072099696478683,,1.740362689494244
1.7494270991217489,,
-1.1870866433571443,,-0.3178549236261682
1.9268567089496924,,2.640978057358332
1.0681858617461617,,
2.0681858617461617,,
1.0934216851622351,,2.8202671571609645
1.230448921378274,1.9867717342662448,
1.8055008581584,,2.8990540679981707
1.6910814921229684,,2.9028184680822533
1.2741578492636798,,2.3818367999983434
1.7116385382323491,,2.9311882599985672
1.577491799837225,,2.5631249603380444
1.2041199826559248,,1.591064607026499
1.4471580313422192,,
0.9867717342662448,1.568201724066995,1.792391689498254
1.624488362513449,,
0.6020599913279624,1.3010299956639813,1.806179973983887
,,1.7388598020722
1.3469394626989906,,
1.4727564493172125,,2.24699069924155
0.1760912590556812,,2.004321373782642
4.612253906096437,,4.7388598020722
,2.1690863574870227,
1.6618126855372612,,2.456821348021599
0.9084850188786496,,2.4763968267253302
0.8939281265426069,1.7269715836828767,
0.960836895623462,,1.3858233665705424
1.3981935626189208,,
,2.6993173010213822,
1.410608542568368,,
0.9590413923210936,,
,0.8680563618230415,
3.263240645147533,,3.8016321176570633
,,1.7688230254496435
0.8864907251724818,,1.4548448600085102
1.3424226808222062,1.6127838567197357,
,,2.513897817031701
-0.2218487496163564,,1.8444771757456817
1.6122539060964374,,
0.7708520116421442,,2.061452479087193
2.778303226857978,2.422589839851482,
0.7781512503836436,,
1.8325089127062364,2.397940008672037,
,2.315970345456918,
1.2143138974243997,,
0.3617278360175928,,1.146128035678238
1.2442771208018428,,
1.806179973983887,,3.13350697377835
1.0718820073061257,,2.584783378996508
1.0681858617461617,,
,-0.562249437179612,
2.0629428063337896,,
0.9355072658247128,,
1.0530784434834195,,3.419344333673843
,0.1583624920952496,
,1.3159703454569178,
2.0126685338963304,,
1.0293837776852095,,
-0.2328441339178195,-0.0457574905606751,
1.285557309007774,,2.4858633295973345
1.5866998016240492,,
0.1821292140529984,,1.8691935705672065
1.7671558660821804,,
1.857935264719429,,2.668292710448221
1.9698816437465,,
-0.1549019599857432,,
0.724275869600789,,1.2787536009528289
,2.2095150145426308,
0.670245853074124,,
2.036668810300097,,
,,2.1832698436828046
1.6479694583629718,,
2.280805928393667,,3.114110356531892
,1.8927622346158168,
1.545307116465824,,
1.7671558660821804,1.7024305364455252,
,,2.3561597599568995
1.9862161985310416,,
,,3.0712982619878058
2.794913070772734,2.7338390006971496,3.287336965327531
2.105612359686785,,
3.117403884416343,,
2.1473671077937864,,
0.5910646070264992,,1.5185139398778875
1.2723058444020865,,
2.831613855309099,,
1.6180480967120927,,2.943890048248473
0.6627578316815741,1.5563025007672873,
2.1473671077937864,2.760422483423212,
2.495509648103409,,
1.4661258704181992,,
1.869231719730976,,2.4727564493172123
,,2.522874402313803
1.6901960800285136,,
1.3692158574101427,1.717670503002262,
0.4106085425683679,0.8987251815894935,
,,
,,0.4378298064082189
0.3424226808222063,,2.4412236742426123
1.235528446907549,,2.2375437381428744
-0.2218487496163564,,2.185258765296585
1.1985196302411678,,
0.8061799739838872,,1.3502480183341627
1.5314789170422551,,
0.2304489213782739,,2.024074987307426
-1.589391457431632,-0.390619055749293,-0.6364162219638936
,-0.6216020990518624,
-0.4546928835341759,0.255272505103306,1.0698530211136246
1.8048206787211625,,
0.9542425094393248,,2.0666985504229958
2.0572795543564872,,2.864294591826268
,,1.2554895980755365
2.0224283711854865,,3.34713478291002
0.6989700043360189,,1.812913356642856
1.64738297011462,,1.3747483460101038
0.5153438930883808,,
,,2.8750612633917
1.0180635657830364,,
1.5595475555804343,,
2.051812148870696,,3.4793352806806745
1.2253092817258628,,2.318689269947746
,,
,,2.819609732751585
0.9493900066449128,,2.2711443179490782
1.230448921378274,,2.0622058088197126
1.9263424466256551,,2.989805650936826
0.5910646070264992,,1.9916690073799488
4.92551835817743,,
,1.5976951859255124,
,,2.6867208635539024
1.7213983755215052,,
1.2143138974243997,,2.136799810744238
1.3469394626989906,2.369215857410143,
3.647969458362972,,
2.2105860249051563,,3.43306543399148
1.515343893088381,,
,,-0.4710832997223452
0.8129133566428556,,2.4176377396522297
,,2.0551297642929183
1.4593924877592308,,2.173186268412274
1.3502480183341627,,2.9733587998863977
1.3692158574101427,,2.5342800052050816
,,1.671913012441587
0.9712758487381052,,
0.670245853074124,,
,,2.3635837780361064
2.2265483538414115,,
1.3117538610557542,,2.13956426617585
1.501155152620567,,
1.824060717418653,,
1.839037873388306,,2.6896417794020184
1.3692158574101427,,2.1725153630107723
1.3979400086720375,,2.338854746252323
1.1702617153949575,,2.020775488193558
,1.846337112129805,
2.0569048513364727,,
2.49373680227684,2.4625477288026643,
1.92551835817743,,
2.3827372657613304,,3.3861956561205666
,,2.041392685158225
1.1583624920952498,,2.3226327116922234
0.9822712330395684,,
1.8877297972880305,1.94546858513182,
,,2.437829806408219
1.894260664446988,,
1.0681858617461617,,1.8937617620579432
1.2723058444020865,,
1.8316138553090988,,
,1.7075701760979365,
1.960280464436642,1.8573324964312683,
2.4796372038840997,,
0.1139433523068367,,2.012837224705172
,2.061452479087193,
0.6627578316815741,,2.0056094453602804
0.6812412373755872,,
,,1.9149510611278813
1.7708520116421442,,
,,0.4378298064082189
,,2.27397300376955
0.6627578316815741,,2.0056094453602804
0.5440680443502757,,1.8122446968003696
1.624488362513449,,
2.05045709478573,,
0.2304489213782739,,2.249442961442582
1.7309436934277358,,
1.9712758487381048,,
1.6479694583629718,,
,3.0858611737884503,
2.7218106152125467,,
,,0.1818435879447725
0.8129133566428556,,2.601408060534684
1.8647601949565915,,
0.1613680022349748,,
1.3353575901491754,,
1.3424226808222062,,
,,
,1.0,
2.133538908370217,,
0.9712758487381052,,
2.2218574354191367,2.4771212547196626,
-0.6840296545430823,,
1.8668778143374989,,2.4446692309385245
0.8278537064357921,2.1652245355407915,
1.568201724066995,,
0.6167904863297158,1.2219355998280053,
-0.0222763947111522,1.1398790864012365,
1.0,,
1.6580113966571124,,
1.1920375027132477,,
2.0026843129897296,,
3.1048284036536558,,
-1.0506099933550872,,
1.7213983755215052,,
0.9782764073402298,,
1.526339277389844,,1.8785217955012063
0.8864907251724818,,1.7589118923979734
,,2.2159810567918625
2.006893707947901,,3.2052043639481447
0.670245853074124,1.1360860973840974,
2.308735110028761,,2.71983656475877
1.1931245983544616,,1.7596678446896306
1.0224283711854865,,
2.024074987307426,,3.2890981990566166
,0.2095150145426309,
0.9132839017604184,0.9542425094393248,
0.7671558660821804,,2.6139210654639005
0.4771212547196624,,2.095169351431755
,2.807535028068853,
1.714329759745233,,2.671172842715084
2.660865478003869,2.9943171526696366,
1.4742162640762553,,2.182129214052998
,,1.8887409606828929
2.5358002908248976,,3.446304113951924
0.9712758487381052,,
0.785329835010767,,3.018492453401473
1.4969296480732148,,2.537819095073274
1.2143138974243997,2.702430536445525,
0.9132839017604184,,1.7510942584892115
4.850378899488117,,
1.7126497016272113,,2.7905666251460763
1.3159703454569178,,2.1489109931093564
0.7075701760979364,,2.1082266563749283
1.3692158574101427,,2.278982116865443
1.5831987739686226,,1.505149978319906
0.8325089127062363,,2.55509444857832
1.3692158574101427,,
0.8463371121298052,,
,1.53173430927655,
1.4299136977637543,2.416640507338281,
1.9590413923210936,,
2.3318219303342698,,
4.214313897424399,,4.546974275833287
1.624488362513449,2.1583624920952498,
0.7160033436347992,,2.03342375548695
1.9315087218666176,,
,1.6812412373755872,
1.1473671077937864,2.284656282788516,
0.9030899869919436,1.0413926851582251,
,1.9365137424788936,
,,1.0840934602282348
1.784189205380961,,
1.110589710299249,,2.642563437104388
2.036668810300097,,
1.230448921378274,,
0.7993405494535817,,1.8407332346118068
,1.8115750058705933,
3.670245853074124,4.702430536445525,
1.3222192947339193,,2.485153349903652
1.2986347831244356,,2.069853021113625
1.085219201044942,,
0.5137900650197591,,
2.0681858617461617,,
2.018284308426531,,3.021354713081423
1.734799829588847,,2.3694014136966244
,,2.2459442801693057
2.17539583139403,,
,1.1528995963937476,1.4903588576844036
1.4299136977637543,,
4.721398375521505,,
0.5622928644564748,1.2201080880400552,1.380211241711606
1.7275412570285564,,2.6942541120252783
0.5453071164658241,,
1.625312450961674,,2.86308482532036
0.5440680443502757,,1.8512583487190752
0.6434526764861874,,1.765668554759014
1.5563025007672873,,2.4727564493172123
,1.7751004988790249,2.3299244090986995
,,1.4471580313422192
1.0681858617461617,,
2.182129214052998,,
,,2.740362689494244
1.4885507165004443,,2.8150461760646306
2.0413137153458605,,
,,3.229219662747328
,,2.5159757850242386
1.6053050461411094,,2.7321524180652137
,,
,,0.291701770729981
1.846337112129805,,
1.3234583668494675,1.534026106056135,
1.0413926851582251,,2.70816585785554
0.8260748027008264,,1.499687082618404
-0.1191864077192086,,-0.0362121726544447
1.7924617313469506,,3.501752620605118
-0.1325325121409485,,1.0247729130796317
,,1.823180687772236
,,4.671913012441587
,,2.084093460228235
1.9132839017604184,,
1.1986570869544226,,1.9370161074648145
,,1.706675118700799
1.816373888752362,,2.3409197934001624
1.7686381012476144,,3.1085311988578685
2.753659647285999,,3.433977733631108
1.2442771208018428,1.4313637641589874,
2.2833012287035497,,
2.238447577141119,,
1.724275869600789,,
1.8864907251724816,,
2.473924693416157,,3.270911639410482
0.8085485512404055,,
1.6809697184658972,,
1.4447628188026735,,2.2065735882700315
1.2442771208018428,1.670245853074124,
2.854937283891722,,
1.2442771208018428,,
1.252853030979893,,2.914818980447473
0.8463371121298052,1.255272505103306,
,,1.5927317663939622
1.4608828150058273,1.5519376953648372,1.4677930297856625
,-0.9208187539523752,
0.6367886890343748,,
,,1.9351544472161684
1.4483971034577676,2.040602340114073,
,,1.507855871695831
,,1.823180687772236
0.414973347970818,2.160468531119037,
1.89819679768228,,
1.8316138553090988,2.061452479087193,
,1.0128372247051722,
,,1.8714853673467915
,2.0353016324406443,
0.670245853074124,0.255272505103306,
0.724275869600789,,
0.8388490907372553,,2.945419342603063
,,1.4500642628252307
1.758381941774675,2.9628426812012423,
2.545307116465824,,
1.2430380486862944,,2.4583356259919475
1.0681858617461617,,
-0.2218487496163564,,1.6201360549737576
,,0.4958217533859058
0.3579348470004537,-0.2146701649892329,
1.967079734144497,,
0.9030899869919436,,
1.410608542568368,,
1.5996647787884168,,
1.515343893088381,,
,1.8452221064290133,
0.7671558660821804,,
0.9132839017604184,,
1.4661258704181992,2.17435059747938,
0.6720978579357175,1.3979400086720375,
1.1139433523068367,1.7781512503836436,
1.294466226161593,,3.221022805204841
1.57978359661681,,2.2065560440990297
4.022428371185487,,4.671913012441587
,,1.2648296243296795
,1.7024305364455252,
0.9132839017604184,,
0.6812412373755872,,
0.724275869600789,,2.278753600952829
1.4661258704181992,1.7737864449811935,2.840705032755769
1.3521825181113625,,2.728678366850914
,,1.9351544472161684
,1.48572142648158,
1.3944516808262162,,2.818291890799996
-1.115204636051019,,
2.454863145707,,
,2.179551791165188,2.2361844428801496
,,1.7708520116421442
0.255272505103306,,1.8591382972945307
,0.8115750058705934,
0.9030899869919436,,1.6766936096248666
1.2668429487005843,,
0.9684829485539352,1.1760912590556811,1.5563025007672873
1.636387585813157,,
0.8325089127062363,,2.6035773681514667
1.3424226808222062,,2.534787358629492
1.2723058444020865,2.0813473078041325,
0.8061799739838872,,1.8987251815894937
0.6122539060964373,,2.2629776194680864
2.548192804703312,2.9094490469812664,
0.5314789170422551,,3.3107357840544998
0.4771212547196624,,
1.6201360549737576,,2.638988159343682
2.369215857410143,,
,,1.6324572921847242
2.0082040167538247,,
1.1139433523068367,,
1.0253058652647702,,2.6798819421128623
2.0417754851734187,,3.5391840314070357
1.824060717418653,,2.664613773700088
0.7708520116421442,1.4313637641589874,1.7708520116421442
1.2648178230095364,,2.0318122713303706
,,1.4958217533859055
0.8692317197309762,,1.8976270912904416
0.7671558660821804,,
,,0.3708830167776059
,,2.308735110028761
2.486304777400361,,3.0654297209327304
0.8463371121298052,,1.0698530211136246
3.0479248487166863,3.146128035678238,3.544068044350276
0.6020599913279624,,1.1398790864012365
,0.5976951859255123,
2.244277120801843,1.954242509439325,
1.3234583668494675,,2.490358857684404
0.6232492903979004,,2.219060332448861
2.502427119984433,3.248218561190075,
1.359835482339888,,2.755951041004132
1.0746336182969043,1.609060549930087,1.494850021680094
1.1821292140529984,1.577491799837225,
1.3186058640550555,,
0.9132839017604184,,
1.0755469613925308,,1.838219221907626
,2.7993405494535817,
1.6696301663436166,1.9795483747040952,
,,1.6464037262230695
2.1473671077937864,2.2329961103921536,
1.545307116465824,,
1.2810333672477277,,2.521007252408604
1.2174049744015416,,1.799557642425812
1.187520720836463,,3.072286669509892
1.2143138974243997,,
1.3234583668494675,,
1.499549625905149,,
1.1473671077937864,,
2.140067869052287,,
,1.130333768495006,
,1.0813473078041325,
4.147367107793786,,4.291701770729981
1.7494270991217489,1.99563519459755,
1.4661258704181992,,
1.2442771208018428,,
4.559547555580434,,
,,1.1609334904609572
1.2723058444020865,,
0.041392685158225,,0.6989700043360189
,,2.3560258571931225
1.4299136977637543,,
1.2695129442179165,,2.8505849763520312
,1.48572142648158,
,,3.5759575730949877
,0.9294189257142929,
2.44406885329139,,3.609255345805931
1.7213983755215052,,
,,1.795184589682424
,,0.291701770729981
,,3.3541084391474008
1.0281807000745775,,
1.0086001717619175,,2.092018470752797
1.1821292140529984,,
,-1.596879478824182,
1.4785664955938431,,2.730701544281845
0.9912260756924948,1.3010299956639813,
1.4756711883244296,,2.0989896394011773
2.3924683170438543,,2.8307778695227577
1.376576957056512,,3.3561023781133987
1.6122539060964374,,2.385123455892216
-0.1994203784308698,-0.3829996588791011,
3.230448921378274,3.612783856719735,
1.423245873936808,,1.7551122663950711
0.499549625905149,2.03342375548695,
1.545307116465824,,
1.2810333672477277,,2.576341350205793
1.8877297972880305,,
2.298634783124436,,
1.410608542568368,1.4014005407815442,1.7688230254496435
,,1.4958217533859055
,,
,1.0,
1.760062684305493,,
1.1760912590556811,1.6532125137753435,1.869231719730976
1.824060717418653,1.7323937598229686,
-1.164943898279884,,
1.3138672203691537,,2.504198918539445
1.146128035678238,1.4313637641589874,1.7075701760979365
1.439253724017898,,
0.7708520116421442,,2.2062860444124324
,,3.1193294754974144
1.611723308007342,,3.5133108434738616
,1.7024305364455252,
3.087994255099714,,3.442855890175056
1.5643109099606027,,
0.7671558660821804,,1.4378298064082191
,,1.1112457062718497
2.0490977995230053,,
1.1473671077937864,,
1.5314789170422551,,
,,1.4735453586747536
2.018284308426531,,3.021354713081423
,,
1.3582204731086795,,
1.8762178405916423,,2.9215824403934163
,,2.7388598020722004
1.0606978403536116,,0.146128035678238
,1.6354837468149122,
,,2.166341291983498
,,1.8714853673467915
1.771477239864823,,
1.9712758487381048,,
0.6334684555795865,1.255272505103306,
0.6989700043360189,,
,,-1.6777807052660807
1.4955443375464486,,2.699404081815337
,,-1.337242168318426
1.4661258704181992,,
,,3.280350693046006
-0.5030703519267851,,
1.4483971034577676,1.48572142648158,
1.2723058444020865,,
1.4828735836087537,,1.8444771757456817
1.290034611362518,,2.6225248624035684
0.2986347831244356,1.7466341989375789,
,1.7535830588929069,
1.0224283711854865,,2.4500642628252307
1.784189205380961,,
0.4265112613645752,,1.7462448717201984
,,1.823180687772236
,1.4771212547196624,
2.3376988059640778,,
4.948999454026953,,
1.0791812460476249,,
0.785329835010767,,
,,2.6344772701607315
1.7853298350107671,2.0293837776852097,
-1.0506099933550872,,
2.014638126759235,1.6668922110665363,2.000971731705812
1.255272505103306,1.6532125137753435,1.9030899869919435
1.318117618380357,,
1.6222140229662954,,2.945222316635341
,1.1947917577219245,
0.9712758487381052,,
1.2576785748691846,,2.67052415778208
4.244277120801843,,
1.7781512503836436,2.359835482339888,
0.8388490907372553,1.57978359661681,1.8512583487190752
,1.462397997898956,
1.6479694583629718,,
0.9347685388097108,,
2.400624321661767,3.0179510688307425,
1.515343893088381,2.861653870213911,
2.2882939497862167,,
1.0791812460476249,,
2.4355417827721806,,3.560747480387604
2.132211645448701,,
1.2227164711475833,,2.3727279408855955
1.1821292140529984,,
,,2.9149510611278813
,,2.3486066220664537
4.721398375521505,,
2.1473671077937864,,
4.147367107793786,3.9542425094393248,
2.316159128107968,2.54082981411108,
0.7671558660821804,,
1.9976047874604543,2.9170851906405675,
1.2227164711475833,,2.3727279408855955
2.2329961103921536,2.1367205671564067,
1.1958996524092338,,2.9518715571283645
2.369215857410143,,
,,2.0398897977361816
4.022428371185487,,4.671913012441587
1.1139433523068367,,2.0576661039098294
1.3692158574101427,1.6866362692622934,
1.808153558505671,,
2.4831592097169795,,
2.1887597929520117,,2.9271855175448933
1.839037873388306,,
1.2960725663598351,,
1.1760912590556811,,
0.3234583668494676,,
2.4299136977637548,,
,1.467460109507264,
1.5733358400660675,,1.634124451552187
1.385606273598312,,2.1451964061141817
1.2723058444020865,,
1.4261207087466157,,
2.201724770116379,,
1.8808135922807911,3.0354297381845483,
1.089905111439398,,2.5773768919170146
2.318605864055056,,
,2.2424917350113107,
,,0.8480042714972682
0.670245853074124,,
1.0863598306747482,,1.8228216453031043
1.670245853074124,,2.7688230254496435
0.6901960800285137,,1.1271047983648077
1.1398790864012365,,2.40705081480425
,,3.11293997608408
2.941312625360662,,3.5567606809456107
1.503790683057181,,2.633165353683903
,,2.765918034806236
1.7323937598229686,,
,1.7234556720351857,
1.6180480967120927,,3.226316296939334
,0.6866362692622935,
1.869231719730976,,
0.3617278360175928,,1.0043213737826426
1.5733358400660675,,
2.710650381988283,2.7993405494535817,
,1.3692158574101427,
1.4814856258274134,,
2.6020599913279625,,
1.6989700043360187,2.335798783325365,
0.6334684555795865,,0.9867717342662448
1.885926339801431,,
0.9590413923210936,,1.2966651902615312
,,1.462397997898956
0.9712758487381052,,1.990671775066
2.3710678622717363,,3.983024713307411
,,2.322219294733919
0.7841892053809608,,
2.3648510520076926,,2.649636617730435
2.1931245983544616,,
,,1.7708520116421442
0.255272505103306,,1.5705429398818975
-1.4941719661451638,,
1.8085485512404056,2.7480328941301435,
2.2007657094058986,,
2.185457157401926,,
1.816373888752362,,
2.545307116465824,,
1.5866998016240492,2.8361974807789254,
0.6532125137753437,,2.8880671134074367
1.7671558660821804,,2.0551297642929183
2.0420633494321563,,3.4149733479708178
3.4913616938342726,3.934498451243568,
0.1821292140529984,0.4593924877592308,
1.2723058444020865,,
1.1139433523068367,,
1.2750117377780117,,2.5133767678007497
,,1.9351544472161684
2.4465837626942992,,
0.5185139398778874,,2.113609151073028
,2.2764618041732443,
,1.7993405494535817,
2.3024499861249508,,
,,
1.5996647787884168,,
1.4661258704181992,,
-1.3665315444204136,,
1.624488362513449,,
0.8260748027008264,,1.8356905714924256
1.9232440186302764,,2.9239689648754714
,,
,,2.291701770729981
1.2329961103921538,,2.373279893277496
1.1821292140529984,,
,,1.671913012441587
,,3.368706097523331
,,2.084093460228235
0.9084850188786496,,
2.344647665919406,,3.3275315959828093
1.775756037844098,,
,,2.0240955305529496
1.7160033436347992,,
1.784189205380961,,
-0.1549019599857432,,1.2988530764097066
1.0681858617461617,,
1.6563215234246833,,
1.6592504687726608,,
0.8463371121298052,,
1.624488362513449,,
0.5835388192543521,,
,,2.985428719653628
1.3222192947339193,,
1.4740442610637985,,
1.3979400086720375,2.5646660642520893,
1.8709595870381373,,
0.670245853074124,,
1.478118985077456,,
2.5394775728051,,
1.5658478186735176,,3.0681116170273035
1.657055852857104,,2.865103974641128
0.7281020618160119,,
,,
1.2143138974243997,,
0.7671558660821804,,
0.9294189257142929,,1.4199557484897578
1.4831592097169797,,
0.8535156967569286,,1.5469742758332872
2.123851640967086,,
1.9395192526186185,,
0.9542425094393248,1.0,
1.3692158574101427,,
,1.6354837468149122,
2.2723058444020863,,
0.8633228601204559,,2.071882007306125
,1.91803033678488,
1.894260664446988,,
0.6901960800285137,,2.295127085252191
1.4913616938342726,,2.785977411891045
-0.4089353929735008,,
0.5733358400660676,,
1.5081497976670666,,
4.068185861746161,,
1.545307116465824,1.577491799837225,
1.3424226808222062,1.6232492903979006,
-0.0457574905606751,,1.4683473304121573
2.190051417759206,,4.013974177020916
,1.4913616938342726,
0.7634279935629372,,1.675778341674085
1.146128035678238,,
1.6479694583629718,,
1.1139433523068367,1.2787536009528289,
1.9689496809813425,,3.7307742032032265
0.9712758487381052,,
,,4.959714742371813
1.0453229787866574,,2.17376882313665
1.1139433523068367,,
,2.640878778701618,
0.8633228601204559,1.2787536009528289,1.5314789170422551
1.9132839017604184,,
0.6720978579357175,,3.079434510633744
2.308735110028761,,
1.8301137001666907,2.707058940627596,2.958219751284862
1.8318697742805017,,2.719248398447946
1.2143138974243997,,
0.8450980400142568,,
1.791690649020118,,3.0273496077747564
1.3469394626989906,,
0.6901960800285137,,0.7160033436347992
0.7781512503836436,,1.7993405494535817
2.1760912590556813,,
1.2143138974243997,,
2.161607546908397,,
0.8605775512444155,,
1.0791812460476249,,2.82033284489941
1.4661258704181992,1.4313637641589874,
-0.2075382686530493,0.1360860973840974,
1.429752280002408,,2.4861469968065726
1.9938769149412112,,3.453180689702094
0.5563025007672873,,2.4410664066392638
1.8639173769578603,,
,1.9273703630390235,
,1.6170003411208989,
,2.6547731664179164,
0.4913616938342727,,1.0681858617461617
1.4299136977637543,1.4313637641589874,
1.701654317325748,,
2.3841562072030795,,
1.146128035678238,,
,1.2041199826559248,
1.6646419755561257,,2.6009728956867484
2.0026843129897296,2.545307116465824,2.597053140176605
0.7160033436347992,,1.7512791039833422
2.638489256954637,,
1.13264385097308,2.093239523471961,2.05362960915051
-0.2328441339178195,-0.0457574905606751,
,2.719165494089214,
,0.2095150145426309,
1.3981935626189208,,
1.046625212091902,,
1.775756037844098,1.4313637641589874,
0.9030899869919436,,1.3010299956639813
1.307282047033346,,
1.505149978319906,2.0791812460476247,
0.895422546039408,,
0.7327956982893291,,
0.6627578316815741,,3.3197720914263638
1.146128035678238,1.6434526764861874,1.8976270912904416
1.021189299069938,,1.9703468762300933
0.9132839017604184,1.3692158574101427,
2.2882939497862167,,
0.7323937598229685,,
1.4409090820652175,,2.2730012720637376
1.4831592097169797,,
1.7185016888672742,,2.28397928423848
,,1.4903588576844036
,4.158362492095249,
0.6334684555795865,,
1.624488362513449,1.846337112129805,
1.072507235528804,,
2.036668810300097,,
1.9084850188786493,2.4885507165004443,
0.2631624649622167,,
1.414973347970818,,
1.5843312243675307,,3.456198964659237
2.5106656308106103,1.823474229170301,
,3.544068044350276,
0.8808135922807914,,3.101918833680424
,,1.2739730037695494
,,2.3455481975822337
0.9684829485539352,,
,,1.671913012441587
1.7881796881137657,,
2.2218574354191367,,3.374137705681351
1.624488362513449,,1.8714853673467915
2.7323937598229686,,
0.3234583668494676,0.5774917998372253,
,,
1.7494270991217489,,
1.8680563618230417,,3.3972793788535927
,1.48572142648158,
1.0492180226701815,,2.5658478186735176
1.5305838596451178,,
1.1139433523068367,,
,,1.990671775066
,,
2.4066423553507663,,2.958219751284862
1.6479694583629718,,
1.577491799837225,,
1.3648510520076929,,
1.404833716619938,1.6304278750250238,
1.8733206018153987,,2.933031495102405
1.2676761559605485,4.602843511380704,
0.8260748027008264,,1.81424759573192
,2.061452479087193,
2.1570304244731657,,
,,1.7388598020722
0.414973347970818,,3.18366835736002
0.9138138523837168,,1.6693168805661125
0.670245853074124,,1.823180687772236
0.9637878273455552,,2.344981413927258
1.6563215234246833,,
1.5314789170422551,,
2.110589710299249,2.3654879848909,
1.3186058640550555,,2.243039289525899
0.0681858617461616,1.334453751150931,1.7688230254496435
-0.1994203784308698,-0.4894549897933878,
1.7888751157754168,,2.3016809492935764
1.8881901685544795,,
1.5643109099606027,,2.452292561617729
1.110589710299249,1.569373909615046,
1.3820530821153152,,
1.2442771208018428,1.4313637641589874,
1.3222192947339193,,
0.6720978579357175,,1.3636119798921444
1.2143138974243997,,
0.3692158574101428,0.5563025007672873,
0.6434526764861874,,2.215637563435062
2.410608542568368,,
-0.1994203784308698,-0.4894549897933878,
1.155336037465062,,2.910143961064513
1.021189299069938,,1.9703468762300933
1.860577551244416,,
0.9822712330395684,,2.578639209968072
1.5814034618141006,,
,,
,0.3344537511509309,0.7388598020722001
,1.6354837468149122,
1.611723308007342,,2.84060787900929
1.3469394626989906,,1.3708830167776058
1.6647829573726218,,
,1.984437294796076,
,2.593728998707911,
1.5587085705331658,,3.2818057696266028
-0.2597162803181209,,1.1099276643439364
1.4927603890268375,,2.976670880624811
,,0.7708520116421442
0.5453071164658241,,
2.93028664724552,,3.4840292109404567
0.9976047874604544,,
2.263233538439489,2.397940008672037,3.367976164873463
2.721398375521505,,
,4.334453751150931,
1.4871383754771863,2.599883072073688,
,,0.7558748556724915
,1.505149978319906,
-0.2328441339178195,-0.0457574905606751,
,1.4225898398514822,
1.7671558660821804,,
1.6541765418779606,,3.5043757014787995
1.4242117189392844,,1.9975654830139
2.1473671077937864,,
,2.300595483889964,
1.3234583668494675,,
1.9507103997010424,2.474857031317561,
0.7323937598229685,,1.0644579892269184
2.730943693427736,,
,1.288696260590256,
,1.7075701760979365,
1.4661258704181992,,
0.8463371121298052,,
,2.773786444981193,
1.4831592097169797,,
0.7923916894982539,,2.339053735709139
1.4653828514484182,1.2013971243204515,1.3617278360175928
2.9772067159573177,3.612253906096438,4.064316820579152
3.846337112129805,,4.848004271497269
0.6020599913279624,,
,,2.1398790864012365
0.5440680443502757,,3.391957848245589
2.512230657664238,,
1.663682083571736,1.9151887051731564,2.445821296245828
2.519972297270452,,
-0.0969100130080563,,1.7435097647284297
,,1.5927317663939622
0.9380040697254898,,
1.268215128299932,,
0.9030899869919436,,
,0.4313637641589873,
-0.6989700043360187,,1.8518696007297664
,,2.565859619993661
,,1.9185545305502736
0.7924617313469506,1.0261245167454502,
1.8864907251724816,2.285557309007774,2.416640507338281
0.930949031167523,1.8376515578463928,
0.3222192947339193,,1.3820170425748683
0.8463371121298052,0.8234742291703011,
1.503790683057181,,
1.155336037465062,,2.910143961064513
2.376065721586172,2.4291060083326967,
1.714329759745233,,2.671172842715084
,,2.3635837780361064
1.1931245983544616,,2.504742636271688
2.3469394626989906,,2.848004271497268
,,1.9324737646771533
0.4831592097169795,0.9876662649262749,
1.0569048513364727,,0.9344984512435676
1.5440680443502757,,1.9030899869919435
,,1.0698530211136246
1.4471580313422192,,
1.2723058444020865,,
1.83310884639605,,
0.8463371121298052,,
0.8920946026904804,,2.240049772112648
1.1480903294128824,,
1.2041199826559248,,2.681693392004564
,,1.4188065690947886
0.5453071164658241,,
1.8085485512404056,,
0.6720978579357175,1.7708520116421442,
0.9712758487381052,,
1.100370545117563,,2.35237549500052
0.7993405494535817,,1.81424759573192
-0.0969100130080563,,0.146128035678238
1.5305838596451178,,
,,2.03048232921435
,,-0.4749551929631547
,,1.7853298350107671
0.8808135922807914,,1.6830470382388496
,2.255272505103306,
0.9344984512435676,,
-1.0,,1.3673559210260189
1.6020599913279625,,
1.05045709478573,,
1.540942311063374,,
1.4456042032735976,,2.687885524848705
0.4299136977637544,0.7323937598229685,
1.5996647787884168,1.8350561017201164,
1.691435152144062,,
1.7671558660821804,,
-0.0457574905606751,,2.460897842756548
2.983175072037813,,
,,1.757396028793024
1.3729120029701063,1.5943925503754266,
,2.130333768495006,
1.7363965022766426,,2.6983615660551097
1.2442771208018428,,
1.4483971034577676,,
,1.8987251815894937,
0.6720978579357175,,2.5595475555804343
0.6232492903979004,,1.4668676203541096
0.9493900066449128,,2.477555332198981
,,1.4378298064082191
1.0580804254649347,,
,1.9084850188786493,
,1.7160033436347992,
,,2.2052043639481447
0.6989700043360189,1.380211241711606,
2.0791812460476247,,
1.4955443375464486,,2.699404081815337
0.785329835010767,,1.6532125137753435
1.2278867046136734,,2.6414741105041
1.1095785469043866,1.6354837468149122,2.084093460228235
1.6419854439619024,,
,,3.303694885389238
,1.9273703630390235,1.9149510611278813
2.485159034349198,,
1.4771212547196624,,
1.0,,
2.03342375548695,,
,0.9208013818256542,
0.9822712330395684,,2.752662943120972
,,3.3409197934001624
2.298634783124436,,
0.1072099696478683,0.4927603890268375,0.5921767573958668
,,2.462397997898956
0.5153438930883808,,
,,2.788631418803196
1.5563025007672873,,1.9143431571194407
0.1760912590556812,,1.2201080880400552
1.9766708806248112,,
0.6720978579357175,,1.3636119798921444
2.1749315935284423,,3.2785935682411336
2.5814034618141006,,3.417508228869508
,-1.4168012260313771,
1.7213983755215052,2.4075608494863627,
2.2550311633455515,,3.2152937981865137
,,2.084093460228235
2.4410978647162684,2.9687630481972485,
2.0224283711854865,,2.703321476693211
1.4848263690844423,,
,2.564902672529205,
1.9712758487381048,,
2.556736578246606,,
0.3010299956639812,,
2.201724770116379,,
2.913283901760418,,
-0.2328441339178195,-0.0457574905606751,
1.765668554759014,,2.831677849191467
,,2.999271946827917
1.4409090820652175,,2.534787358629492
1.2986347831244356,1.48572142648158,
2.330636951476591,2.434249452396476,
1.792391689498254,,2.737272176535543
,,2.2410917773748937
1.098380647102913,,
1.9729014070248423,,
2.097569639431371,2.510545010206612,
1.624488362513449,,
1.6955517183388942,,
2.1095785469043866,,
2.0893751608160995,,
1.0681858617461617,,
1.3234583668494675,,
,,2.333094455888206
1.390935107103379,,2.75495958772171
1.968482948553935,,
1.6122539060964374,,
1.7116385382323491,,
1.0,,1.7323937598229686
1.1139433523068367,,2.0576661039098294
,2.0353016324406443,
1.1139433523068367,,
,,2.3635837780361064
2.090258052931316,,3.3154665234956533
1.434568904034199,,2.91634865227546
,,0.9138138523837168
1.975059396468232,,
0.4996870826184038,,
1.0,,
0.7403626894942439,,1.9493900066449128
1.7489628612561614,1.4742162640762553,2.739414102698696
0.2041199826559248,0.6334684555795865,
,,4.871485367346791
0.8450980400142568,,
,,2.1086056101056414
,,2.2361844428801496
1.8195439355418688,,3.0921238692442508
1.3996737214810382,,2.0637085593914173
,,1.1556396337597763
,,
,1.5563025007672873,
1.0224283711854865,,
0.414973347970818,,0.7323937598229685
1.0594119374386566,0.255272505103306,
-0.7856861025756003,0.1637575239819558,
0.8463371121298052,,
2.523746466811565,2.899273187317604,
4.147367107793786,,4.291701770729981
2.3883321478572155,2.7265642161622448,
1.824060717418653,,
1.0453229787866574,,2.2826221128780624
1.1288837020997733,,1.741950879049342
0.7671558660821804,,
1.130333768495006,,2.711975854351756
0.4471580313422192,,1.7427251313046983
1.0969621252192148,,
1.3222192947339193,1.7371926427047373,
,1.2420442393695508,
,1.0073209529227445,0.5927317663939622
0.8325089127062363,,1.8959747323590648
2.1473671077937864,,
,2.8785217955012063,2.8307778695227577
1.9432471251378616,1.255272505103306,2.4252406791001984
1.1509712320626118,,2.426516141050441
1.845098040014257,,
,1.5563025007672873,
0.9294189257142929,,2.967547976218862
1.2723058444020865,,
0.8450980400142568,,1.7226339225338123
,2.558468562523795,
,2.110185527411162,
1.6122539060964374,,
1.636387585813157,,
-0.1122702027119696,0.6151079874431941,
4.48315920971698,,
1.2787536009528289,,1.6283889300503116
,1.846337112129805,
1.9566485792052035,,3.36087729710204
-0.6307841425898572,,
2.3514870904497114,2.3624824747511743,
1.2143138974243997,,
2.455910240382743,,3.3801207542684404
0.9432471251378616,,
1.1818435879447726,,2.331832044436249
2.4831592097169795,,
1.1181787186663044,,
1.5733358400660675,,
3.846337112129805,4.510545010206612,
0.6724119148306317,,0.902361933819861
1.9929950984313416,,3.5220136381940224
1.1821292140529984,,2.4848263690844425
2.241663505199156,,
0.5453071164658241,,
0.4831592097169795,,1.2361844428801496
1.209515014542631,,3.2843179154306097
2.0681858617461617,,
0.8129133566428556,,2.1439511164239637
-0.1079053973095195,0.146128035678238,
,2.773786444981193,
1.307496037913213,,1.4014005407815442
1.0,,
1.893484346218486,,1.8597385661971468
1.390405156480081,,
2.244277120801843,,
,4.033423755486949,
2.355987591676388,,2.939084740844601
4.323458366849468,,
1.758381941774675,,
1.943988875073772,,3.612487164045011
,2.412729273237532,
1.9976047874604543,,
,1.7671558660821804,
3.0413137153458605,2.6336704060514435,
,0.670245853074124,
1.924795995797912,,3.354626976852949
0.5453071164658241,,
1.1509712320626118,,2.426516141050441
1.0224283711854865,,
,,1.2159810567918627
1.6532125137753435,2.4871383754771865,
1.6809697184658972,,
-0.1549019599857432,,0.9684829485539352
1.691435152144062,2.1245042248342823,
1.845612684135473,,2.26482962432968
0.670245853074124,1.100370545117563,
1.691435152144062,,2.802246780936593
2.027227254067255,,2.649636617730435
,1.0406023401140732,
1.8535156967569288,,
1.52283531366053,2.0,
,2.3271545124094315,
1.390405156480081,,
3.2078766215919723,,
1.3617278360175928,,2.3912880485952974
1.9766708806248112,,
1.439253724017898,,
1.3692158574101427,2.369215857410143,3.12548614538646
1.3234583668494675,,
0.670245853074124,1.3692158574101427,
1.0,,
0.7923916894982539,,2.2860071220794747
,0.9867717342662448,1.577491799837225
,,1.9063350418050904
1.2986347831244356,,
0.8388490907372553,,1.954242509439325
1.7116385382323491,1.94546858513182,
2.6201360549737576,,
,1.7671558660821804,
1.3117538610557542,,2.189770956346874
1.545307116465824,2.1583624920952498,
0.8692317197309762,,1.7993405494535817
0.775756037844098,,
0.2787536009528289,,1.6875289612146342
1.960280464436642,1.6354837468149122,
1.2253092817258628,,2.0425755124401905
1.648197974275586,,
1.6809697184658972,,
,2.9445813642269263,
0.5440680443502757,,1.1430148002540952
1.0413926851582251,,2.1775364999298623
1.7309436934277358,,
1.1821292140529984,1.846337112129805,
1.4563660331290431,,2.769303460189082
1.2631624649622166,,
2.28302970979386,,
2.4831592097169795,,
,1.6532125137753435,
1.1095785469043866,,2.4500642628252307
1.1931245983544616,,2.260786668654976
-0.0409586076789063,,0.7993405494535817
0.670245853074124,0.8573324964312685,
0.4771212547196624,1.5185139398778875,1.2787536009528289
,1.7323937598229686,1.8796692056320536
1.740362689494244,2.0791812460476247,
1.6665179805548809,,
1.1288837020997733,,1.741950879049342
1.636387585813157,,
1.230448921378274,,1.6503075231319364
2.002597980719909,,3.1416378746732714
1.0413926851582251,1.5314789170422551,
1.110589710299249,1.569373909615046,
0.7781512503836436,2.204119982655925,1.380211241711606
1.1072099696478683,,2.1319392952104246
1.5250448070368452,,2.182129214052998
,1.2420442393695508,
0.6592504687726608,1.6354837468149122,
1.230448921378274,,
2.525044807036845,,
-1.0177287669604316,,
,,2.347844032789033
0.9912260756924948,,1.7986506454452689
1.9209707304267096,,
,,1.3989117403778497
1.2986347831244356,,2.136799810744238
2.0638210563437114,,
1.839037873388306,,
1.230448921378274,,2.6856521841155243
1.0463000196529693,1.4705574852172745,1.6798819421128623
1.6020599913279625,,
2.854937283891722,,
1.5185139398778875,1.9822712330395684,
2.330636951476591,3.101609617233111,
1.2723058444020865,,
,,1.2262002219735486
1.1139433523068367,1.3424226808222062,1.57978359661681
1.8597385661971468,,3.375444125505117
1.545307116465824,,2.876032995097512
0.8463371121298052,1.823474229170301,
2.0,2.1249278791105333,
0.7781512503836436,,
2.7849737099544005,,3.446537167073644
1.5595475555804343,2.833911715071378,
0.6334684555795865,,3.297147471801269
2.263233538439489,,2.4771212547196626
0.4106085425683679,,
0.7781512503836436,,2.26150077319828
2.161607546908397,,
2.2723058444020863,,
1.0224283711854865,1.0334237554869496,
0.6479694583629718,0.8887409606828927,
1.2986347831244356,,
1.6532125137753435,,
,,
4.214313897424399,,
0.2041199826559248,,1.1818435879447726
0.8692317197309762,2.1760912590556813,
0.7923916894982539,,2.612253906096438
2.0638210563437114,2.308350948586726,
2.269979676645324,,3.337339439388419
0.7596678446896304,,
1.1363717234923232,,
1.977741890987337,2.821120323776824,
1.624488362513449,,
1.1139433523068367,,
1.4483971034577676,,
1.2648178230095364,,1.843232778098009
1.7402837196818792,,
1.9273241590406924,2.488014567824043,
1.0893751608160998,,2.032064460224225
0.9712758487381052,,
1.0606978403536116,,2.116275587580544
1.4661258704181992,,
1.0170333392987805,,2.502563669107364
1.9912260756924949,,
2.561935763313781,,3.547971508147236
0.4471580313422192,,1.7427251313046983
1.9619476238041047,,2.69102930288866
1.691435152144062,,
1.3692158574101427,,
0.9344984512435676,,1.2624510897304295
,,1.7075701760979365
0.5797835966168101,1.3010299956639813,1.3222192947339193
1.06707085604537,,
1.24551266781415,,2.4358443659844413
1.110589710299249,,2.296884475538547
1.0,,
,,
1.4638929889859074,,2.553761698390004
1.6304787262026363,,
1.515873843711679,,2.6655809910179533
,,2.788631418803196
,2.2329961103921536,
1.06707085604537,,
0.9208013818256542,,
0.9132839017604184,,
0.8450980400142568,,1.92272545799326
0.9924651478080432,0.8680563618230415,
0.680969718465897,0.8115750058705934,
0.9712758487381052,,
1.173186268412274,,1.82020145948564
2.5358002908248976,,3.446304113951924
0.4831592097169795,0.9876662649262749,
1.285557309007774,,2.740441644949766
2.390405156480081,2.564902672529205,
1.5305838596451178,,
,,
2.0725072355288043,,2.405645123036818
1.3729120029701063,1.5943925503754266,
2.167866502855412,2.3728751967933905,
1.4913616938342726,,
2.969462507974637,,2.4112829130173843
1.1931245983544616,,1.792391689498254
,,
1.4299136977637543,,
,2.0261245167454502,
,1.760422483423212,
1.0791812460476249,1.2787536009528289,1.591064607026499
,4.769238418261196,
,,1.8714853673467915
0.7781512503836436,,0.6532125137753437
0.9493900066449128,,2.9461573949223725
,,1.8864907251724816
,,
2.2218574354191367,,4.1003705451175625
1.3862491967089232,,
2.530583859645118,,
0.3979400086720376,,1.3729120029701063
1.8825245379548805,,3.407407901965182
2.0126685338963304,,
1.6479694583629718,,
,,2.3635837780361064
2.4897897886159925,,
,2.049218022670181,
,,1.9351544472161684
1.255272505103306,,3.0510366951412133
0.6627578316815741,1.5563025007672873,
1.3981935626189208,,
,,
4.530583859645118,,
2.760150964513522,,
2.2143138974244,,
,,2.418740171046566
1.515343893088381,,2.226200221973549
,,
1.252853030979893,,2.889077492650064
2.0123229349042595,,
1.3010299956639813,,
1.4771212547196624,,
0.5910646070264992,,2.143327129992046
0.5453071164658241,,
,1.7767011839884108,
1.2278867046136734,,1.9410142437055693
1.1473671077937864,,2.818041048119825
1.410608542568368,,2.136799810744238
0.8388490907372553,,1.954242509439325
1.1095785469043866,,
2.255272505103306,,
1.7619128106698083,,4.0978817447138685
3.208621379334218,3.156346190871582,
1.1920375027132477,,
,1.3005954838899636,
1.534026106056135,,2.9701608430373136
,4.026125835575561,
0.0681858617461616,0.1003705451175628,
1.288293949786217,,
1.577491799837225,,2.5631249603380444
4.147367107793786,,
,1.4771212547196624,
1.5581443411709963,,
1.410608542568368,,
0.6720978579357175,1.3222192947339193,
1.4299136977637543,,
1.3756818996593745,,2.1656033685944425
2.4066423553507663,,2.958219751284862
1.7481880270062005,,
,,-1.3767507096020994
,,2.431363764158988
1.410608542568368,,
2.0126685338963304,,
1.910090545594068,,3.1487568513217923
0.9836262871245346,,
,,2.1112457062718497
0.7520484478194386,1.276461804173244,1.6324572921847242
1.615950051656401,,2.747334109615905
,,1.561101383649056
2.661812685537261,,
,,2.2055156231136976
0.9712758487381052,,
1.8506462351830664,,3.014310480963307
0.7160033436347992,,1.59659709562646
1.670245853074124,,
1.9731278535996983,,
1.2723058444020865,2.585686278452497,
,2.8785217955012063,
2.258517559916453,,
,,1.869231719730976
2.551059445354916,,
1.1172712956557642,,1.9995654882259823
1.1685564068637246,,
1.3469394626989906,1.7737864449811935,1.706675118700799
2.425974160919376,3.130333768495006,3.274926424436296
1.809559714635268,,2.089905111439398
0.9132839017604184,,
,,1.0398897977361814
1.948999454026953,,
1.2624510897304295,,2.4742162640762557
2.332034277027518,,1.899820502427096
2.3648510520076926,2.884682104206025,
2.049218022670181,,
0.9493900066449128,,2.9461573949223725
,,1.1760912590556811
1.857766573910587,,
0.670245853074124,1.3692158574101427,
2.369215857410143,2.011147360775797,
,1.6354837468149122,
1.545307116465824,,
2.036668810300097,,
0.7781512503836436,,2.119915410257991
,,0.291701770729981
1.6020599913279625,,
3.971275848738105,,
1.06707085604537,,
1.6479694583629718,,3.620488971084516
1.9315087218666176,,
2.661812685537261,,
0.3692158574101428,1.5976951859255124,
1.5866998016240492,,
1.691435152144062,2.087781417809542,
,2.7367151336056112,
1.1473671077937864,,2.1837963734204613
3.49257741615644,3.718866907290306,4.062259245580976
0.6627578316815741,,0.9242792860618816
1.0969100130080565,,2.588159616383092
0.7671558660821804,,
0.8450980400142568,,1.7634279935629371
1.8221680793680173,,3.0540765572905104
0.9030899869919436,,0.9344984512435676
0.0791812460476248,,-0.6989700043360187
2.2112006620002567,2.65667304588485,
,,1.865964600437008
1.7402837196818792,,2.893761762057943
1.8536982117761744,,3.060320028688285
0.6812412373755872,,3.0792536224300777
0.6363875858131566,,
2.5461723683169426,,3.217773377401496
-0.0625824185228622,0.6170003411208989,
2.208064948147398,,
0.6110112887053416,,1.0398897977361814
1.6812412373755872,,3.017492446477275
1.1613680022349748,,2.4456042032735974
2.2528530309798933,,
2.255706582582625,,2.7802524872304253
1.4661258704181992,1.6532125137753435,
1.2143138974243997,,
3.369215857410143,,
1.8810992183890167,,
0.6989700043360189,,1.812913356642856
2.0589685535492994,,
1.089905111439398,,2.016197353512439
1.1821292140529984,,
1.4831592097169797,,
1.230448921378274,,
1.0,,0.8450980400142568
1.2295538639811363,,
1.4483971034577676,,
1.7671558660821804,,
0.7671558660821804,,
1.155336037465062,,2.910143961064513
,2.2595938788859486,
1.9132839017604184,,
0.3617278360175928,,2.851380667965597
1.0975696394313712,2.016448318259038,
1.146128035678238,,1.5563025007672873
1.996511672154179,,1.7715874808812553
0.9684829485539352,,2.1264561134318045
2.178169156566054,,
1.3234583668494675,,
1.0,1.414973347970818,
1.5658478186735176,,2.578409970331236
1.0224283711854865,1.8407332346118068,
1.230448921378274,1.57978359661681,
,,2.7388598020722004
0.5595475555804343,,
0.0681858617461616,,
2.779668627207148,,2.9321184720291225
,,3.41217988740631
1.8808135922807911,1.9637878273455551,3.130655349022031
1.0,,1.8221680793680173
1.337698805964078,,
0.8463371121298052,,
1.0767860335080792,1.255272505103306,
1.839037873388306,,2.6896417794020184
-0.1683861446909011,-0.00436480540245,1.0698530211136246
,1.7781512503836436,
1.0128372247051722,,2.6324572921847245
,,2.3443922736851106
1.7168377232995244,,3.190639797844684
0.2787536009528289,,2.3027637084729817
0.9132839017604184,1.5563025007672873,
,2.538573733806856,
,,
,,1.7881683711411678
1.2723058444020865,,
1.784189205380961,2.255272505103306,
,,4.437829806408219
1.3469394626989906,,
1.4668676203541096,,2.9354568807116097
0.6986137367711855,,2.5588734991329947
1.6122539060964374,,
0.9030899869919436,1.7481880270062005,
1.1509712320626118,,2.426516141050441
1.2986347831244356,,1.7388598020722
1.286231854028553,1.823930455125564,2.1249278791105333
1.4661258704181992,,
1.8085485512404056,,
1.5305838596451178,1.100370545117563,
2.4222943008935625,,
1.0086001717619175,,1.6857417386022635
1.499549625905149,,
2.161607546908397,,
1.5245518948752046,,
1.4800069429571503,,3.015611204503512
0.5185139398778874,,1.5185139398778875
1.1789769472931697,,1.449478399187365
2.4046455955946917,,
0.8260748027008264,,1.5024271199844328
1.021189299069938,,
2.0896232582132512,2.958924928515815,
0.8939281265426069,,
,0.7039788250083859,
0.52283531366053,,
0.7781512503836436,0.2304489213782739,
2.1020905255118367,,2.145817714491828
1.0969100130080565,,
2.548192804703312,2.9094490469812664,
2.036668810300097,2.900694774452398,
,,
1.3087351100287612,,
2.333003684755698,,
1.4299136977637543,1.9876662649262744,
2.313698529560312,,
2.2777008762887925,2.666892211066536,
2.320354032817672,,3.542551573340032
0.9344984512435676,,1.9772662124272928
0.9542425094393248,,1.916453948549925
,1.7294887691795613,
0.3222192947339193,,1.968482948553935
2.424211718939284,,
1.1580909731855595,,
,,1.929929560084588
1.2986347831244356,,
1.824060717418653,,
,1.0293837776852095,
-0.8068754016455384,,
2.8675264111997434,,
,1.48572142648158,
1.2723058444020865,,
-0.224243962155902,0.7055216134226672,
1.2143138974243997,,
,1.669037800885156,
1.869231719730976,,
1.490611538117366,,
0.9294189257142929,,
2.076786033508079,1.255272505103306,
0.4771212547196624,,
1.380211241711606,,2.287801729930226
1.0,,
1.3473300153169503,,
2.466125870418199,2.300595483889964,
1.9766708806248112,,
1.3424226808222062,,
1.1398790864012365,,2.40705081480425
2.369215857410143,,
0.995042570695854,,
2.3188977146274867,,2.243534101832062
1.155336037465062,,2.702171950857711
1.7116385382323491,1.760422483423212,2.308735110028761
1.255272505103306,1.5563025007672873,
1.302449986124951,2.0947505524775045,
1.499687082618404,,2.9068197154665456
,1.510545010206612,
1.039017321997412,,
,0.568201724066995,
1.7145895879692312,2.181614951728961,
,1.3010299956639813,1.6334684555795864
1.1473671077937864,,
1.5599066250361124,,3.4835872969688944
1.2750117377780117,,2.5133767678007497
0.95804758300435,,
,4.670245853074124,
2.2882939497862167,,
2.6085153365370357,2.7008767083769034,
1.3692158574101427,,
,,1.6232492903979006
1.1139433523068367,,1.890979596989689
,2.296665190261531,
1.4116197059632305,,3.340999022531442
1.1095785469043866,0.5563025007672873,
0.9132839017604184,,
1.758381941774675,2.8067225030761813,
1.3537431707539354,,
1.868215220990296,,
1.1473671077937864,1.6866362692622934,
1.403120521175818,,3.253531843527005
2.1637039040693127,,
0.8864907251724818,,3.3799216155042044
,,1.1609334904609572
1.6481545264474635,,2.4607597181543026
2.1095785469043866,,
-1.1307682802690238,,
1.3469394626989906,2.369215857410143,
1.3234583668494675,,
,,3.1502389682996204
,,
1.1095785469043866,,
,,2.561214714947897
,,1.8762178405916423
1.0293837776852095,,2.392169149489736
1.582733614406448,,
0.5563025007672873,,2.1983821300082944
0.5314789170422551,,1.413299764081252
,,2.677606952720493
,-1.744727494896694,
2.0151291324439877,,
2.3068537486930087,,3.378652224908501
,,2.500606922065987
0.041392685158225,,1.3222192947339193
1.3979400086720375,,
0.6334684555795865,,3.121855182166855
0.9542425094393248,,1.988112840268352
1.9619476238041047,,2.69102930288866
1.0224283711854865,1.8407332346118068,
2.663700925389648,,3.900132163688871
1.3692158574101427,,
1.2227164711475833,,2.52750101098112
,,1.5927317663939622
,2.035589817243457,
0.9777236052888476,,2.214578953570499
2.905774299981673,,
1.3222192947339193,,
1.5787308719527735,1.9498777040368749,
,,1.944482672150169
,1.380211241711606,
1.1095785469043866,,
2.1135088405328197,,
2.69246795758183,,
1.390405156480081,,
3.323361846239691,,
0.7993405494535817,,2.1189257528257768
1.691435152144062,2.2805783703680764,
1.3424226808222062,,2.4838724542226736
3.9753858489894673,,
2.526726867314636,,1.287801729930226
,,0.7388598020722001
2.3541084391474008,,3.587037117743456
1.5866998016240492,,1.748067803859024
1.7558748556724917,,
1.7024305364455252,,2.778585327862962
1.6893621435211967,,
,1.4014005407815442,
1.2041199826559248,,
1.1760912590556811,,
1.255272505103306,,
-1.5072396109731625,,
2.425974160919376,,2.937853763611335
1.5314789170422551,,
1.9334872878487053,,
1.230448921378274,1.6020599913279625,
1.1095785469043866,,
0.7160033436347992,,1.59659709562646
2.452001227726593,,
,0.9542425094393248,
,2.639087871083737,
1.0681858617461617,,1.4378298064082191
,,1.7388598020722
2.685186202867061,,
1.6681780393302597,,
1.0791812460476249,,3.339888497223747
0.9132839017604184,2.204662511748219,
,,1.2648296243296795
2.165095874754218,,
,1.4313637641589874,
1.481442628502305,,2.6050894618815805
-0.2158107946190391,0.5519376953648372,0.7600491011421383
2.241372130158436,2.163757523981956,2.282927846422476
1.258517559916453,,
1.2576785748691846,,2.67052415778208
1.5866998016240492,,
,,1.0551297642929185
1.6424645202421213,,
,,2.322219294733919
0.3222192947339193,,
,,2.397940008672037
1.146128035678238,,
1.0413926851582251,,
1.2148438480476975,,2.281941933440825
1.3692158574101427,1.7466341989375789,
,-0.9665762445130504,
0.785329835010767,,1.3117538610557542
1.2174839442139065,,2.421439390220049
1.965812953036603,,
1.2174839442139065,,2.095169351431755
2.433673846637061,,
0.7671558660821804,1.9712758487381048,
1.6592504687726608,1.4313637641589874,
1.515343893088381,1.4014005407815442,
1.0863598306747482,,
1.5595475555804343,1.717670503002262,
,,2.069853021113625
1.230448921378274,,
1.8680563618230417,,3.3972793788535927
1.268215128299932,,
1.0413926851582251,1.3010299956639813,1.5563025007672873
0.6989700043360189,,
1.306231964874957,,
0.9242792860618816,,
0.6627578316815741,,1.884795363948981
1.7402837196818792,,
0.505149978319906,1.1139433523068367,
0.3424226808222063,,1.7664128471123994
,3.087525875300314,
0.7634279935629372,,2.153509989300838
2.1728946977521764,,3.079145053332749
1.8101249394753605,2.3282572497312364,
1.3010299956639813,,
1.3096301674258988,,2.6915235221681546
2.614481696867604,,
1.2219355998280053,1.426023015689876,
1.7218106152125463,,3.127655419775207
,1.6170003411208989,
1.4280213440860496,,
,,1.972943008105568
2.3124629825480048,,
,-1.2533658010624211,
2.685186202867061,,
,,0.8937617620579434
1.7853298350107671,2.615950051656401,2.8273692730538253
2.0681858617461617,,
0.6812412373755872,,
0.9208013818256542,,
1.0,,
,,1.1490342671612497
1.515343893088381,,
,2.110185527411162,
,1.255272505103306,
2.27600198996205,,
2.052693941924968,,3.120146006188112
1.3424226808222062,,
,0.7024305364455252,
1.5733358400660675,,
0.9658129530366032,,
0.2304489213782739,,2.024074987307426
2.089905111439398,,2.93444794894897
1.1931245983544616,,2.014520538757924
-0.3979400086720376,,1.469822015978163
,,0.4378298064082189
,1.288696260590256,
1.2442771208018428,2.459392487759231,
1.846337112129805,2.040602340114073,
1.230448921378274,1.9867717342662448,
1.1139433523068367,1.6812412373755872,
,2.296665190261531,
2.0082040167538247,,2.6620297785094915
0.5440680443502757,,2.0895518828864543
1.515343893088381,1.4014005407815442,
1.7439642034202467,1.9084850188786493,
0.7781512503836436,1.57978359661681,
,2.6993173010213822,
1.4242117189392844,,
0.4913616938342727,,1.7774268223893113
,4.954242509439325,
,,0.954459602411555
2.4125781354312723,,3.81126727161049
0.1821292140529984,,
1.5595475555804343,2.106530853822381,
2.101403350555331,,3.353858551860327
2.486487153065907,,
0.3617278360175928,,2.851380667965597
1.92551835817743,,2.27397300376955
,,1.6065963091792852
0.6479694583629718,1.1583624920952498,
2.8810992183890174,,
1.2986347831244356,2.141763230275788,
,,4.056218581272306
0.17539583139403,0.7698202577635922,
1.06707085604537,,
,2.63002085111341,
1.1685564068637246,,
2.164352855784437,,
1.545307116465824,,
1.146128035678238,1.6532125137753435,
1.410608542568368,,
1.965812953036603,,
1.3234583668494675,,
4.775756037844098,,
1.5866998016240492,,
2.206825876031849,3.3218054838575397,
1.0934216851622351,,2.238297067875394
0.7671558660821804,,2.522150692108255
,,1.9120625555885025
1.230448921378274,,1.7075701760979365
1.7213983755215052,,2.333094455888206
,-1.5686362358410126,
1.4571746468708755,,
-1.214670164989233,,
2.513790065019759,2.3344537511509307,
0.414973347970818,,
,1.4014005407815442,
0.6720978579357175,,0.8325089127062363
1.1139433523068367,,
1.7781338782569227,1.713456940673569,2.582759665164257
2.3713819191666503,2.3416323357780544,
,1.577491799837225,
0.1139433523068367,1.462397997898956,1.0413926851582251
1.9867717342662448,,
1.1702617153949575,1.5024271199844328,
2.794913070772734,2.7338390006971496,3.287336965327531
1.7402837196818792,,2.893761762057943
2.473924693416157,,3.270911639410482
1.515873843711679,,2.38147609027503
1.1095785469043866,0.5563025007672873,
1.7116385382323491,,
,3.274926424436296,
,,2.6872345756743266
1.1931245983544616,,1.7596678446896306
2.1934029030624176,,2.948559662108962
,,0.706675118700799
0.9242792860618816,,1.7737864449811935
4.636387585813156,,
0.6934983127078355,,2.184908523789829
1.0492180226701815,,2.9740970037941312
1.1095785469043866,,
1.4661258704181992,1.9084850188786493,
1.2986347831244356,0.8573324964312685,1.7688230254496435
,4.927370363039024,
2.041392685158225,,
,,4.056218581272306
0.6532125137753437,,2.2116544005531824
0.5453071164658241,,
,,2.3455481975822337
1.2143138974243997,,
0.9444826721501688,,2.317018101048112
1.3670389381558683,,
1.900694774452398,,
2.545307116465824,2.296665190261531,
2.466125870418199,2.300595483889964,
1.2528772925637603,,1.6755171367104122
4.323458366849468,,
1.758381941774675,,
1.7781512503836436,,
,1.130333768495006,
1.7636675382363591,,
,,0.291701770729981
1.6989700043360187,2.3010299956639813,
1.380211241711606,,2.287801729930226
1.9768083373380665,,2.4668676203541096
1.6479694583629718,,
1.8499412363986305,,2.748977956791306
,1.7269715836828767,
1.3234583668494675,,
,1.8115750058705933,
,,0.5927317663939622
0.9030899869919436,,
,,0.9906717750659998
,,1.7688230254496435
,,1.919078092376074
0.7116385382323491,1.0681858617461617,
2.721398375521505,,
1.619823500457278,,
0.92551835817743,,1.754099768628937
1.258517559916453,2.125090713082634,
0.7403626894942439,,2.770925614639
0.6334684555795865,,0.9867717342662448
2.3735372311927856,2.315970345456918,2.7450201107770185
1.812913356642856,,
1.5866998016240492,,
,,0.7388598020722001
1.919444210465237,,
1.2648178230095364,,
2.3670389381558685,,
,1.6334684555795864,
1.271841606536499,,2.9843922785242656
1.7116385382323491,1.760422483423212,2.308735110028761
1.294466226161593,,1.9740509027928776
,2.296665190261531,
1.5996647787884168,,
1.7489628612561614,,
1.100370545117563,,1.884228769632604
1.4661258704181992,1.6532125137753435,
1.57978359661681,,
0.3979400086720376,,1.9375178920173464
1.536533192158319,,
0.4313637641589873,,2.121887985103681
1.3670389381558683,,
1.784189205380961,,
0.8260748027008264,,1.8512583487190752
,,1.8959278238144512
1.7466341989375789,,
1.1702617153949575,1.5024271199844328,
,,
1.4661258704181992,,
0.6020599913279624,,0.6812412373755872
2.0725072355288043,,2.405645123036818
1.8316138553090988,,
1.2648178230095364,,2.5496162395190853
,,1.4500642628252307
0.4661258704181992,,
2.105612359686785,,
1.7671558660821804,,
1.965812953036603,,
1.636387585813157,,
0.9030899869919436,1.7481880270062005,
2.2474822606770544,,2.794627444664508
1.8350561017201164,,2.642068627341504
0.7993405494535817,1.8260748027008264,
-1.1611509092627446,,
1.691435152144062,,
,,2.517011052455844
1.8864907251724816,2.7442929831226763,2.791690649020118
2.860577551244416,2.90848501887865,
0.7781512503836436,,
2.311967777839957,,2.8652695437691995
1.545307116465824,,
,,1.5195655008805091
1.4913616938342726,,2.592398846115564
1.7116385382323491,1.823474229170301,
1.4593924877592308,,2.173186268412274
1.1760912590556811,,1.812913356642856
,,2.561214714947897
0.7583819417746753,,
1.816373888752362,,
1.663682083571736,1.9151887051731564,2.445821296245828
,1.91803033678488,
0.9208013818256542,1.4522465745204372,
,2.8067225030761813,
0.6627578316815741,,1.9845273133437928
0.6525170861136923,,1.4746867377335626
,2.6020599913279625,
1.462397997898956,,
1.7116385382323491,1.760422483423212,2.308735110028761
1.954242509439325,3.028030080768379,2.845098040014257
1.706675118700799,,
1.718493384878098,,
,,1.8750612633917
,,1.3087351100287614
1.8920946026904804,,
3.1996441218526868,,
0.8512583487190752,,
1.92551835817743,,
2.452292561617729,2.6368187568475414,
1.5171958979499742,,1.88309335857569
1.3469394626989906,1.6866362692622934,
,-0.239577516576788,
2.05045709478573,,
0.9132839017604184,,
2.833854416505176,3.331184266586084,
0.6127838567197355,,1.1238516409670858
1.390405156480081,,
1.390405156480081,,
1.250420002308894,1.7846172926328754,
1.5599066250361124,,2.6939027410660605
0.0681858617461616,,0.954459602411555
2.6893621435211967,,
2.0681858617461617,,
,1.717670503002262,
0.6989700043360189,1.57978359661681,
-1.0457574905606752,,
2.101609617233111,,
1.1920375027132477,,
0.7781512503836436,,2.1360860973840974
0.8692317197309762,,1.8976270912904416
0.8325089127062363,1.7558748556724917,
0.8450980400142568,,
1.2380461031287957,,1.975431808509263
,1.7751004988790249,2.3299244090986995
,,1.3989117403778497
,2.6086116004146107,
,1.7795964912578246,
0.1095785469043867,,1.878289075401736
,1.48572142648158,
0.3010299956639812,,1.8825245379548805
1.57978359661681,,2.2065560440990297
1.5010592622177514,0.8463371121298052,1.0976043288744108
2.3654879848909,,
1.863322860120456,,
0.3117538610557543,,
1.0681858617461617,,
2.690373306916059,,3.361614527024846
2.1135088405328197,,
1.2986347831244356,,2.1242106834362176
1.2988530764097066,,2.0633333589517497
1.636387585813157,,2.069853021113625
1.670245853074124,,
,,1.1490342671612497
1.0224283711854865,,
2.1887597929520117,,
1.2219355998280053,,
-1.6777807052660807,,-1.494850021680094
0.9242792860618816,,1.965201701025912
-0.1536628878701947,-0.00436480540245,
0.7781512503836436,1.0,
1.624488362513449,1.255272505103306,
,1.2846562827885155,
1.1174038844163432,1.1637575239819558,
1.2013971243204515,,2.081707270097349
,-0.4659738939438649,
1.255272505103306,,
1.2988530764097066,1.513217600067939,
1.2174839442139065,,2.8558824300360355
1.6384892569546374,,3.0250189722827594
0.5910646070264992,,1.437750562820388
0.6334684555795865,,2.11293997608408
2.2750117377780112,,
,0.5105450102066121,
-0.1079053973095195,0.146128035678238,
1.5595475555804343,1.7466341989375789,
,1.130333768495006,
1.0459094670350093,0.255272505103306,
2.0543448887676306,2.034748743146489,
0.8450980400142568,,
,2.04766419460156,
2.244277120801843,,
2.0652808711027544,,
0.9712758487381052,,
1.390405156480081,2.413634997198556,
0.9132839017604184,1.209515014542631,
0.7558748556724915,,2.670616886400325
3.146593102096305,,
1.4661258704181992,,
1.3234583668494675,,
1.0086001717619175,,2.454234895748266
0.3010299956639812,,
-0.3624402286387925,0.1701443226433564,0.6826368778333601
,,1.1609334904609572
0.3222192947339193,,1.3820170425748683
1.4699309439832244,,
,,2.5750029994335306
,0.8691143269793753,0.1969578194784322
2.287129620719111,,2.801678059035893
2.0893751608160995,,
0.7781512503836436,,
1.0893751608160998,,
0.99563519459755,,2.06781451116184
2.060697840353612,2.230448921378274,
1.499549625905149,,
,1.6170003411208989,2.21286782136772
1.7309436934277358,,
1.9599948383284165,,3.2974322048101694
,,1.6055689910991344
1.2624510897304295,,2.4742162640762557
1.4955443375464486,,2.133538908370217
,,1.1609334904609572
2.34921922899389,2.4779889762508893,
2.6027109449575576,,3.167671716230021
1.3353575901491754,,
1.1643528557844371,,2.040602340114073
1.7895807121644254,,2.7792356316758635
1.9586241334051049,3.1036872095385024,3.207731419879765
1.048053173115609,,
,,3.937124040079073
2.0681858617461617,,
1.3692158574101427,1.48572142648158,
1.0413926851582251,1.414973347970818,1.6901960800285136
,1.8887409606828929,
1.3430144971507676,,2.565280977850951
1.390935107103379,,2.75495958772171
0.5453071164658241,0.5563025007672873,
,,2.103803720955957
2.707672351014748,2.711638538232349,
,0.1583624920952496,
1.5305838596451178,,
,,3.093791028611714
1.2988530764097066,1.513217600067939,
1.1821292140529984,,
1.0681858617461617,,2.208978517276253
,3.9559773853639055,
2.101609617233111,,1.8937617620579432
2.758381941774675,3.485976818715875,
1.3985996350953525,,2.3299244090986995
1.0224283711854865,,
,,2.859903494796976
0.8808135922807914,,2.6851144690465394
0.9208013818256542,,
1.7116385382323491,,
,0.7024305364455252,
,,
0.3234583668494676,1.0034605321095065,0.3708830167776059
2.031973689091717,,
,,1.823180687772236
1.5481928047033122,,
2.8591743368349776,,
,,1.6931023115115251
4.272305844402086,4.577491799837225,
1.8743658357300488,,
1.499549625905149,1.3692158574101427,
0.1139433523068367,1.437750562820388,0.6812412373755872
,0.7024305364455252,
1.1473671077937864,,
3.670245853074124,4.296665190261531,
3.971275848738105,,
2.0224283711854865,,
0.1473671077937864,0.5563025007672873,
0.290034611362518,1.2430380486862944,1.6910814921229684
0.8450980400142568,,
1.894260664446988,2.141763230275788,
,,1.2741578492636798
2.333003684755698,,3.2361844428801496
1.0128372247051722,,1.6483600109809315
1.6374897295125106,,1.615950051656401
1.1920375027132477,,
2.7902851640332416,,2.791760804012905
-0.2328441339178195,1.4313637641589874,
0.2986347831244356,0.1003705451175628,
2.417969642214737,,3.0879587894607328
,,2.765918034806236
0.4771212547196624,,1.3944516808262162
1.948999454026953,,
1.758381941774675,,
0.6812412373755872,,2.0472748673841794
,,1.7578513436855798
,,1.4958217533859055
,1.2966651902615312,
,4.209515014542631,
2.085219201044942,,
3.06948679476658,,
,1.7024305364455252,
,,1.2159810567918627
0.7145895879692312,1.1967839377377092,1.9747488089688303
1.1139433523068367,,2.407730728026336
1.4661258704181992,,2.097881744713868
1.1580909731855595,,
1.252853030979893,,3.013974177020916
0.568201724066995,,1.9498777040368749
1.0681858617461617,,1.8937617620579432
,,1.7688230254496435
,4.702430536445525,
,,0.5469742758332871
2.252877292563761,,
2.0827853703164503,,
2.1605555613752823,,
1.410608542568368,,
4.068185861746161,,
1.8675264111997432,,
4.48315920971698,4.857332496431268,
1.0224283711854865,1.954242509439325,
1.4062437371659178,,
0.9712758487381052,1.6866362692622934,
1.4199557484897578,,2.834293512442696
1.268215128299932,,
1.400624321661767,,
2.255706582582625,,2.7802524872304253
1.7494270991217489,2.219060332448861,
,3.835137238635759,
2.2329961103921536,,3.22716656673143
1.1072099696478683,,1.9041743682841632
1.146128035678238,,
2.7299742856995555,,3.4271289189525853
1.1139433523068367,1.4313637641589874,
1.8506462351830664,,3.014310480963307
1.294466226161593,,
0.2723058444020864,,
,1.717670503002262,
2.2895889525425965,,3.5091083925837547
2.6822353569025643,,3.908120272855562
1.7494270991217489,,
,,2.386522151084781
0.6720978579357175,,
1.52283531366053,,3.35538829665446
1.9232440186302764,,2.9239689648754714
2.2648178230095364,,
0.5440680443502757,,1.8122446968003696
1.0791812460476249,1.5440680443502757,
0.7993405494535817,,1.4712917110589383
0.4313637641589873,,2.9550139030380502
1.331427296520743,,
,,3.11293997608408
1.515873843711679,,3.4939318217735464
1.2787536009528289,,1.4471580313422192
0.8499412363986305,-0.6478174818886375,0.2459442801693059
-1.3187587626244128,,
1.1473671077937864,1.9498777040368749,
1.6374897295125106,,2.5200903281128424
1.9057958803678683,,2.1427022457376155
2.076786033508079,,
1.7126497016272113,,2.7905666251460763
0.6232492903979004,,1.4683473304121573
3.1095785469043866,,
1.5075185555764243,,
1.768889578891181,,
0.9344984512435676,,3.0686681432859
2.085219201044942,,
0.6627578316815741,,2.2902572693945182
1.130333768495006,,
0.568201724066995,,1.416640507338281
1.4983105537896004,,2.657151501900967
0.5185139398778874,,1.424881636631067
1.3692158574101427,1.6170003411208989,
1.7116385382323491,,
2.2640855141553957,,
2.341650134367508,,3.009372273732243
1.7402837196818792,,
2.5595475555804343,,
1.24551266781415,,1.9800033715837464
1.2013971243204515,,1.8756399370041683
,2.7993405494535817,
1.2723058444020865,1.510545010206612,1.9149510611278813
1.424881636631067,,3.019822224167773
,,3.135663661253615
-0.0287241512618947,0.1003705451175628,
1.9546765869186435,2.141763230275788,
1.758381941774675,,3.7643119683260258
,1.7691556907143988,
,,1.8808135922807911
1.6122539060964374,,
1.839037873388306,,2.9889311134896985
,0.2380461031287954,
1.7881683711411678,,
,,1.385123455892216
1.1702617153949575,,2.803798407989674
0.670245853074124,,1.3708830167776058
1.5595475555804343,1.8573324964312683,
1.4456042032735976,,2.687885524848705
0.8463371121298052,,
0.3904051564800809,0.401400540781544,
0.9344984512435676,,2.224014811372864
1.462637542572378,2.125090713082634,
,1.823474229170301,
2.5106656308106103,,2.972943008105568
2.545307116465824,,
1.724275869600789,,
1.1288837020997733,,
1.8085485512404056,,
1.1095785469043866,,
1.5237464668115646,,
,2.4831592097169795,
1.92551835817743,,
0.9132839017604184,,
1.9976047874604543,,
1.7041505168397992,,2.816373888752362
0.7781512503836436,,
1.7494270991217489,2.163757523981956,
4.816373888752362,,
0.9712758487381052,,
,,1.7853298350107671
1.711807229041191,,2.0354297381845483
2.778303226857978,2.422589839851482,
,1.2375437381428744,
1.2143138974243997,,
1.4653828514484182,,1.884795363948981
1.0111473607757977,,
-1.193820026016113,,-0.4271283977995198
1.178101724769955,,
,,1.462397997898956
,,2.531478917042255
0.7610327810233917,,
2.516892181651241,,
,1.4593924877592308,
1.1473671077937864,,1.634124451552187
1.5305838596451178,,
2.553907288227742,,
2.3188977146274867,,2.243534101832062
2.0175758683910745,1.6866362692622934,
1.4487063199050798,,2.564192460626198
1.0863598306747482,,
1.9532763366673045,,
1.7494270991217489,2.163757523981956,
1.3604419331026378,1.8816128724783483,
-0.1549019599857432,,1.2988530764097066
1.1335389083702174,,1.994756944587628
1.624488362513449,2.5200903281128424,
1.08278537031645,,2.9380190974762104
1.846955325019824,,2.8512583487190755
0.7132384615456617,,
1.622068888390036,,
-0.3010299956639812,,1.6963563887333322
1.1821292140529984,,
2.0810230864513337,,
1.5185139398778875,,
1.8016094880273188,2.449740593779286,2.4598898319706746
,,1.5469742758332872
0.5563025007672873,,2.4410664066392638
1.1643528557844371,,
1.2442771208018428,,
0.6434526764861874,,2.8464608251293324
0.9542425094393248,1.4771212547196624,
0.5996647787884168,0.8680563618230415,
0.8450980400142568,1.380211241711606,1.724275869600789
1.6433737066738228,,
1.965812953036603,2.7367151336056112,
1.545307116465824,1.846337112129805,1.9149510611278813
4.775756037844098,,
0.7558748556724915,,2.071882007306125
2.28037346615012,,
1.3242824552976926,,2.501606922418829
2.468790262099611,,1.980911937776844
,,3.519827993775719
0.9822712330395684,1.591064607026499,1.6875289612146342
1.60959440922522,,2.2935835134961167
1.7791489807414371,,
,1.804275767129094,
1.9722028383790644,,2.3326404103874627
1.1613680022349748,,2.6036855496147
1.4831592097169797,,
1.4299136977637543,,
1.827369273053825,,2.2949069106051923
1.619823500457278,,
,1.7323937598229686,
0.5440680443502757,,2.1245042248342823
1.845098040014257,,
,,1.5852852842260978
1.758381941774675,,
1.2787536009528289,,1.7474118078864234
2.0253058652647704,,3.2536529484835643
1.0755469613925308,,0.7481880270062004
1.3692158574101427,,2.6830470382388496
1.5184349700655226,,2.130550861467236
1.0,,
4.068185861746161,4.99563519459755,
1.8733206018153987,,2.933031495102405
0.7403626894942439,,1.2479732663618066
1.729051339750031,1.6866362692622934,2.0566247553798696
1.4183012913197457,,
1.212187604403958,,2.628899564420607
1.3729120029701063,,3.146252102092995
4.109578546904387,,
2.0644579892269186,,
1.1027766148834413,,
0.6720978579357175,,1.9969492484953808
1.9030899869919435,,
,,1.3561597599568995
1.3242824552976926,1.2027606873932,2.001300933020418
,,1.833147111912785
1.1702617153949575,,2.020775488193558
2.085219201044942,,
2.1250907130826344,,
1.8603380065709936,,2.3104808914626758
,,2.3443922736851106
1.390405156480081,2.413634997198556,
,2.0261245167454502,
1.526339277389844,,1.8785217955012063
1.3469394626989906,,
1.0293837776852095,,2.469232742506612
0.9030899869919436,,1.6766936096248666
0.0681858617461616,0.7993405494535817,
,1.9822712330395684,
2.106870544478654,,2.5459253293558426
0.9030899869919436,,
-0.1683861446909011,-0.00436480540245,1.0698530211136246
0.3904051564800809,0.401400540781544,
0.5453071164658241,1.4593924877592308,
0.0,,
1.1095785469043866,,
1.7402837196818792,,2.893761762057943
1.0126685338963304,,
0.7160033436347992,1.0791812460476249,1.8808135922807911
,2.365862215402555,
0.6989700043360189,,1.5314789170422551
,1.2966651902615312,
1.873006540467324,1.7535830588929069,2.1112457062718497
,,1.634124451552187
,0.91803033678488,
1.670245853074124,,
1.7116385382323491,,
0.2041199826559248,,1.7535830588929069
1.960280464436642,,2.5883669609915123
1.0530784434834195,,2.307496037913213
,,2.788631418803196
0.670245853074124,,
,,2.2405492482826
0.3222192947339193,,1.0293837776852095
,,1.4188065690947886
,,1.5469742758332872
0.3469394626989905,,
2.361727836017593,,
,,1.8864907251724816
1.900694774452398,,
2.7799930907873525,,
2.3205533762060604,,
,,3.281033367247728
,,0.7688230254496434
,,1.634124451552187
0.7165458727270932,,
2.1685564068637246,,
1.146128035678238,,
1.92551835817743,,
1.2986347831244356,,2.80757561444166
1.2143138974243997,,
-0.8711162979002267,-1.1112590393171071,
2.34921922899389,2.4779889762508893,
1.829361674901893,,
2.471144965160633,,3.6631919091608927
1.4313637641589874,1.9637878273455551,
,,2.451538870833607
2.255706582582625,,2.799557642425812
1.0,,
2.939992226204891,,
1.4483971034577676,,3.370883016777606
1.0549575960124065,,
1.0224283711854865,,
1.4661258704181992,2.3044905277734875,
2.5380078777243247,,
2.7766067618808745,,
1.846337112129805,,
0.7671558660821804,,1.4378298064082191
1.271841606536499,,3.248046869358661
0.3979400086720376,,3.180928319993991
,,
1.335858911319818,,
1.0413926851582251,,1.6334684555795864
0.146128035678238,,1.3996737214810382
1.4299136977637543,,2.641949789064144
0.0681858617461616,0.8573324964312685,
-1.0506099933550872,,
1.8675264111997432,,
,,3.1991131315045678
1.7924617313469506,,
,,
,,1.9351544472161684
-0.6989700043360187,,2.015778756389041
1.7213983755215052,,
1.2723058444020865,,
1.5866998016240492,,
2.4653828514484184,2.837588438235511,
,,2.550228353055094
1.4483971034577676,,
2.575961032060751,,
2.037426497940624,2.164352855784437,
,,2.1583624920952498
,,2.308735110028761
2.0026843129897296,,
0.8388490907372553,,1.7693773260761383
2.664782957372622,,
,,3.303694885389238
1.13264385097308,,2.308735110028761
1.662025522827433,,
1.960280464436642,,2.6790915970687106
2.7036696085610736,2.7085908451503435,
,2.404491617758686,
1.9405164849325671,,3.3397097547798325
2.6989700043360187,,3.213073938992677
-0.9913998282380824,,
1.290034611362518,,2.6600112212893308
,0.1139433523068367,
1.7924617313469506,,
,,1.542121773038875
0.041392685158225,,1.575187844927661
,,0.4378298064082189
1.4591209688495408,,
,0.2095150145426309,
1.4471580313422192,,
1.3692158574101427,,
0.0681858617461616,0.1583624920952496,0.8937617620579434
1.1250907130826342,,
1.8312296938670631,,3.315172357208987
0.2304489213782739,,0.8061799739838872
1.758381941774675,2.5153438930883807,
1.7924617313469506,,
0.380211241711606,,2.281260687055013
1.839037873388306,,
2.0629578340845103,,3.689184503432863
,1.334453751150931,
1.5996647787884168,,
1.9712758487381048,,
1.2442771208018428,,
1.4099331233312946,,2.1322596895310446
0.7671558660821804,,1.3708830167776058
,2.179551791165188,
1.410608542568368,1.4014005407815442,1.7688230254496435
,,2.579503500660207
1.7671558660821804,,
1.4871383754771863,,3.34121682814391
2.454863145707,,
1.2380461031287957,,1.975431808509263
,2.4779889762508893,
1.380211241711606,,
,1.100370545117563,
1.288293949786217,,
1.0224283711854865,1.9084850188786493,
0.9395192526186184,,1.5327543789924978
2.031973689091717,2.5957166199434245,
0.9374175814771378,1.4196253608877432,1.1725153630107723
1.3692158574101427,,
0.7494270991217489,,
0.5153438930883808,,
,,
,,
,,4.871485367346791
1.4661258704181992,1.6532125137753435,
1.7007037171450194,,3.120310642636462
0.9493900066449128,,2.615739688619155
1.8621313793130367,,3.149065080207621
1.3692158574101427,,
1.948999454026953,,
1.9420080530223127,,2.4899584794248346
1.7213983755215052,,
2.0652808711027544,,
1.3692158574101427,1.8350561017201164,2.3635837780361064
1.212187604403958,,2.4776999283321306
,3.315422411252926,
1.3234583668494675,,2.1837963734204613
1.1473671077937864,,
3.06948679476658,,
2.6020599913279625,,
1.8535156967569288,,
,0.1583624920952496,
4.860577551244416,,
1.9132839017604184,,
1.2723058444020865,,
1.545307116465824,2.617000341120899,
1.765668554759014,,3.0514226660890347
2.165095874754218,,
,,1.634124451552187
0.5453071164658241,,
0.7583819417746753,,
,,4.210853365314893
,1.675228253593064,
1.624488362513449,,
1.3117538610557542,,1.6532125137753435
,,3.01268751488372
,,3.5386924699715308
,,2.322219294733919
1.235528446907549,1.667452952889954,
1.8350561017201164,,3.538422910925707
0.9344984512435676,,
2.329804522164069,,2.9512889372776723
2.05045709478573,,
2.5153438930883807,,
1.9872639541222352,,2.3561597599568995
,1.6522463410033232,
1.1583624920952498,,2.4513258084895195
,0.7024305364455252,
1.2741578492636798,,2.230959555748569
1.7402837196818792,,
,2.640878778701618,
1.884427161737945,,2.5038893751339386
,,1.7168377232995244
1.0358298252528282,,2.179925032074337
3.971275848738105,,
1.3735372311927854,,
1.1139433523068367,1.4913616938342726,1.6020599913279625
,,1.848004271497268
1.6989700043360187,2.335798783325365,
1.24551266781415,,
1.9132839017604184,,
2.201724770116379,,
4.721398375521505,4.48572142648158,
2.1326438509730803,,
1.701654317325748,,
,,2.4188065690947886
0.4145388361968002,0.0406023401140731,
,1.0,
,,3.407644947669036
1.5595475555804343,,
,,1.1112457062718497
1.0224283711854865,,
1.2041199826559248,,
1.5378190950732742,,2.2657609167176105
1.5888317255942073,,2.7641761323903307
,1.2966651902615312,
1.1095785469043866,,
1.1643528557844371,,2.6942541120252783
1.515343893088381,2.547528576459782,2.4677930297856623
2.0175758683910745,2.1947917577219247,
1.7924617313469506,,
1.1430148002540952,,2.409595019396816
0.2787536009528289,,1.3636119798921444
1.3692158574101427,1.91803033678488,
1.7924617313469506,,
1.499549625905149,,
1.3617278360175928,,
,0.3692158574101428,
0.6334684555795865,,2.096562438374136
0.6334684555795865,1.255272505103306,
1.499549625905149,,
0.3222192947339193,,1.3263358609287514
,1.6334684555795864,
2.049218022670181,,3.068927611682072
3.767155866082181,,
1.1095785469043866,,
1.4299136977637543,,
2.046428824980789,,2.726215776811383
1.6181527333785195,,
1.6232492903979006,2.492760389026837,
0.4771212547196624,,
2.7323937598229686,,
1.085219201044942,,2.6896417794020184
0.4771212547196624,,1.0253058652647702
0.4771212547196624,,1.0253058652647702
1.670245853074124,,
2.413299764081252,,
1.5703397546175224,,2.283459310264329
1.8733206018153987,,3.0757293997408985
,,1.1725153630107723
2.792951708250132,,2.4216039268698317
0.6434526764861874,,2.8464608251293324
1.2041199826559248,,2.1947917577219247
1.1288837020997733,,
0.7583819417746753,1.3159703454569178,
1.599883072073688,,2.943890048248473
,,2.725471604654847
2.2668429487005843,2.871222556759707,
1.2576785748691846,,2.67052415778208
1.1903316981702914,,2.8394780473741985
,0.7604224834232121,
2.6232803103244806,2.904607363815448,
,1.6866362692622934,
,,1.823180687772236
0.2143138974243995,,
0.4661258704181992,,
0.6989700043360189,1.1760912590556811,
0.9082919562029194,,
1.1095785469043866,,
0.041392685158225,,2.137037454789513
0.414973347970818,,2.602385590105105
1.2041199826559248,,2.681693392004564
,,2.6343865727479776
1.691435152144062,,1.5927317663939622
1.636387585813157,,
4.298634783124435,,
-1.2613779720820577,-1.2643212740940954,-1.1301231867332335
1.3636119798921444,,2.2920344359947364
1.390405156480081,2.1126050015345745,
,,1.9351544472161684
,2.6993173010213822,
1.660917628140124,,
1.5595475555804343,,
2.2750117377780112,2.230244499401375,2.6180376316587326
1.3117538610557542,,2.189770956346874
1.3010299956639813,2.0791812460476247,
2.4355417827721806,,
1.965201701025912,,3.1490958910679727
1.92551835817743,1.48572142648158,
,,2.82020145948564
1.968170424295553,,
0.1095785469043867,,1.878289075401736
1.2174839442139065,,
,,2.479222491566444
2.096910013008056,,2.3647385550553985
,,
2.093491727010932,,
2.0549575960124065,,
1.3096301674258988,,2.3201462861110542
1.1920375027132477,,
2.0121747368199334,,
,1.717670503002262,
1.3559875916763875,,
0.7494270991217489,,1.634124451552187
1.1821292140529984,2.3951515915045425,
1.7671558660821804,2.1583624920952498,
0.99563519459755,,2.06781451116184
1.2235218992112236,,
,2.7993405494535817,
2.1581968857533087,,
,-1.430626090384954,
1.998695158311656,,2.381656482585787
1.8877297972880305,,
,,
,,1.13640344813399
0.6627578316815741,,
0.6479694583629718,,
1.515343893088381,,
1.7213983755215052,,2.87376513364169
,1.9084850188786493,
1.9084850188786493,,2.406369835469268
1.1643528557844371,,2.380211241711606
1.4661258704181992,,
-1.4814860601221125,,
1.3469394626989906,1.255272505103306,1.7688230254496435
1.775756037844098,,
1.3463529744506386,,2.7018269303971394
1.591064607026499,,
,,3.135663661253615
,,1.3561597599568995
0.4771212547196624,,1.4082399653118496
0.7558748556724915,,
2.561935763313781,,3.547971508147236
2.8850897011218217,,
1.5305838596451178,,
0.9132839017604184,,
4.109578546904387,,
0.146128035678238,,1.725094521081469
1.1650958747542182,,
,,0.8937617620579434
2.031408464251624,,2.8191489428071344
2.031973689091717,,
4.559547555580434,4.979548374704095,
1.1205739312058498,,2.416141031168329
1.7411515988517852,,
2.05045709478573,,
1.812913356642856,,
1.7402837196818792,1.5976951859255124,
1.7160033436347992,,
0.7116385382323491,1.6652056284346006,
0.5910646070264992,,1.437750562820388
1.1952906601109694,,
0.7634279935629372,,1.9503648543761232
1.80057962156913,2.3197304943302246,
0.7403626894942439,,2.5052856741441323
0.8810992183890173,1.6532125137753435,1.517011052455844
1.5305838596451178,,
,4.209515014542631,
1.380211241711606,,
1.4661258704181992,,
1.3692158574101427,,
1.8316138553090988,,
1.935653349605213,,
0.5453071164658241,,
1.3463529744506386,,2.4222614508136027
1.9283958522567133,,3.6117870140165858
1.577491799837225,,
2.1509712320626115,,2.385123455892216
4.624488362513449,,
2.244277120801843,,
1.5866998016240492,,
1.872325294081512,,
1.6334684555795864,2.361727836017593,
,,1.8864907251724816
,,1.788631418803196
0.6989700043360189,,
0.7634279935629372,,1.7101173651118162
1.624488362513449,,
0.7671558660821804,,
0.4313637641589873,,2.121887985103681
1.1664301138432829,,
,,2.4990668081990526
2.40862997658628,,
,,2.0071928235570407
,2.1997551772534747,
2.178113252314632,,3.0735717283049246
1.6479694583629718,1.760422483423212,
1.2355031964943377,1.7724684030532805,2.4941900877900745
1.6242820958356683,,2.480725378988488
0.8463371121298052,1.717670503002262,
2.31527743947181,,4.012837224705172
,1.816373888752362,
,0.7024305364455252,
1.3469394626989906,,
-1.6777807052660807,,
1.3692158574101427,,
1.3582204731086798,,
1.6479694583629718,,
1.5866998016240492,,
4.244277120801843,,
1.6533080480529772,1.7058295145216351,2.1695336622228747
1.765668554759014,,3.42301637471482
1.3944516808262162,,2.6153186566114788
0.9542425094393248,1.8325089127062364,
2.359645792674543,2.4683473304121573,
1.3502480183341627,1.9590413923210936,
-1.0,,2.125806458139527
0.9242792860618816,,1.7737864449811935
-0.1189007816109828,,2.027300670428161
,,0.3708830167776059
,1.9795483747040952,
2.087717546277417,2.046260980192122,
1.724275869600789,,
2.553907288227742,,
2.390405156480081,,
0.670245853074124,,
2.4950223155496696,2.293892667053009,
1.4026396128970926,,
1.8675264111997432,,
0.6334684555795865,,2.326335860928751
1.9315087218666176,,
0.7323937598229685,,1.0644579892269184
1.4145388361968003,,
-0.5204726755144591,-0.6743475294276867,-0.4412914294668342
0.7558748556724915,,
1.0681858617461617,,1.925170226309568
,,
,3.3872118003137306,
1.0224283711854865,,
2.47130638292198,,
0.8463371121298052,,1.291701770729981
1.3424226808222062,,
1.5563025007672873,,
,2.110185527411162,
2.037426497940624,,
1.6138418218760693,,2.243534101832062
1.8675264111997432,,
2.225309281725863,,
1.0043213737826426,,2.7285161047597666
1.515343893088381,1.8887409606828929,2.308735110028761
-1.3098039199714864,,
-0.6989700043360187,,1.8518696007297664
1.7781512503836436,,
1.2430380486862944,,2.4583356259919475
0.7160033436347992,1.0791812460476249,1.8808135922807911
1.4483971034577676,,
1.2227164711475833,,2.5992278627737964
1.1903316981702914,,3.320540919924581
,,1.812913356642856
0.9444826721501688,,1.608526033577194
,4.670245853074124,
1.5563025007672873,,
2.8908120989551245,,3.6685350050820937
1.9403421344944545,2.640878778701618,
1.046625212091902,,
4.636387585813156,,
,,3.00770511436478
1.545307116465824,,3.017613403025029
1.0767860335080792,1.255272505103306,
0.8463371121298052,1.1583624920952498,
,1.5189085736914143,1.0698530211136246
1.5305838596451178,2.398287305357401,
1.1139433523068367,,
2.311753861055754,,
1.287801729930226,,2.326335860928751
3.6067037413336736,,
2.740046724051494,,3.373867870327068
0.9867717342662448,,1.7715874808812553
1.6334684555795864,1.3979400086720375,
,1.9236584217933064,
1.3961993470957363,,2.417969642214737
1.5719765448033427,,
1.0272272540672551,,
1.6122539060964374,,
,,
0.8810992183890173,,
3.9753858489894673,,
2.193958978019187,,3.035709837827862
1.0975696394313712,,
,0.8573324964312685,
1.9822712330395684,,3.060697840353612
,,2.0240955305529496
1.0681858617461617,0.534026106056135,
2.0253058652647704,,3.222534393381713
1.136720567156407,,
1.2041199826559248,,
0.9030899869919436,1.5185139398778875,1.4913616938342726
1.8668778143374989,,2.4446692309385245
1.931457870689005,,2.8151126581898125
1.0086001717619175,,2.64365003821733
0.6989700043360189,,
1.5996647787884168,2.3416323357780544,
,1.100370545117563,1.0698530211136246
1.2934951434720243,,
0.5185139398778874,,1.287801729930226
2.845098040014257,3.1903316981702914,3.263240645147533
2.499549625905149,,
1.2253092817258628,,1.8948696567452523
1.670245853074124,1.8573324964312683,
1.4756711883244296,,
2.5706129817305943,,2.1086056101056414
1.1821292140529984,,
1.6767118953233555,,
1.3692158574101427,1.9795483747040952,
1.3617278360175928,,2.2121876044039577
-0.2690563065722643,,0.9906717750659998
1.2934951434720243,,
-0.6095948435199191,,1.124210683436217
0.9712758487381052,,
0.6434526764861874,,1.841359470454855
2.919203130255429,,3.6210071025555695
1.413299764081252,,2.13640344813399
1.4831592097169797,1.510545010206612,
1.6020599913279625,,
0.6232492903979004,,1.4668676203541096
1.3324384599156054,,1.808885867359812
0.7403626894942439,,2.3416323357780544
1.1931245983544616,,2.0755469613925306
1.410608542568368,,
0.4313637641589873,,2.686546899063006
1.5996647787884168,,
1.4578818967339924,1.9429995933660404,
2.146128035678238,,
1.7924617313469506,,
1.6720978579357175,,2.2081725266671217
1.1385568834450723,,
,1.334453751150931,
1.6696301663436166,1.9795483747040952,
1.8675264111997432,,
0.4771212547196624,1.3979400086720375,
,,0.4958217533859058
,1.7269715836828767,
1.2613104601006233,,
0.6334684555795865,0.9542425094393248,
,,2.579503500660207
0.670245853074124,2.0034605321095063,
1.7213983755215052,,
0.9344984512435676,,2.224014811372864
1.0374264979406236,,1.5092025223311027
1.545307116465824,2.7918309476748364,3.0566247553798696
2.343497216287973,,
1.7213983755215052,,
1.1473671077937864,,1.9149510611278813
1.3234583668494675,,
1.8743658357300488,,2.084093460228235
1.0224283711854865,,
0.4471580313422192,,2.720737977018425
,,1.4903588576844036
0.1473671077937864,0.1583624920952496,
0.6020599913279624,,0.6812412373755872
0.9344984512435676,,3.0686681432859
2.198657086954422,,
1.1172712956557642,,
2.2882939497862167,,
0.6901960800285137,,1.9273703630390235
2.143327129992046,,3.091315159697223
,,1.1139433523068367
1.260071387985075,,1.8915374576725643
0.7841892053809608,,2.605568991099134
,,1.66838591669
0.2723058444020864,0.6170003411208989,
1.7255285985607878,,2.244978107397285
2.8981764834976764,,
,,1.81424759573192
,,0.291701770729981
1.230448921378274,1.977723605288848,2.3096301674258988
1.1952906601109694,,2.2200976229866947
1.4913616938342726,1.7481880270062005,
0.568201724066995,,1.173186268412274
2.400624321661767,,
2.3571722577230334,,3.4542501553003446
,,0.291701770729981
,0.5563025007672873,
1.0893751608160998,,
1.4299136977637543,,
,0.5774917998372253,
1.7213983755215052,,2.333094455888206
1.1095785469043866,,
0.4483971034577676,0.2095150145426309,0.8480042714972682
1.1958996524092338,,3.268016020781919
1.2187979981117376,,
1.3424226808222062,1.951823035315912,
1.7494270991217489,,
1.7740495740300808,,
1.515343893088381,,
0.9084850188786496,,2.3820170425748683
-0.1683861446909011,-0.00436480540245,1.0698530211136246
0.0681858617461616,,
0.3161591281079682,,
-0.0287241512618947,1.0034605321095065,
1.9766708806248112,2.1126050015345745,3.16444059820265
1.390935107103379,,3.354242934309549
2.3068537486930087,,3.378652224908501
1.491513670308607,,2.4601992542530136
1.1205739312058498,,2.513617073787875
1.6201360549737576,,2.751279103983342
1.9712758487381048,2.470116353151004,
,,2.439174739843468
,,0.9149510611278816
0.7781512503836436,,2.26150077319828
1.08278537031645,,2.9380190974762104
,,2.965643769364069
1.1760912590556811,,
1.2227164711475833,,
0.5996647787884168,,1.796851749049887
1.0606978403536116,,
1.1205739312058498,,2.023252459633712
1.3424226808222062,1.6232492903979006,
4.252877292563761,,
4.80057962156913,,
,,2.1832698436828046
1.2143138974243997,2.04766419460156,
-0.0604807473813814,-0.2291479883578558,
0.7558748556724915,,1.4899584794248346
,1.823930455125564,2.583572809143774
1.82020145948564,,2.7302976620971497
1.6989700043360187,,
0.9084850188786496,,
1.3010299956639813,,2.5287881917748964
1.6989700043360187,2.335798783325365,
1.292256071356476,,2.423245873936808
-0.0287241512618947,-0.0457574905606751,
1.2479732663618066,,1.4502491083193612
1.8085485512404056,,
1.2986347831244356,,
1.2325387175305988,1.7576996250877388,1.9889311134896983
2.151277893904123,,3.041392685158225
0.7160033436347992,,
1.1172712956557642,,
0.9208013818256542,,
1.816373888752362,2.369215857410143,2.2459442801693057
4.214313897424399,,
,,1.91539983521227
,,1.8388490907372552
1.1760912590556811,,2.5375672571526757
2.106870544478654,,2.5459253293558426
0.7160033436347992,,2.52750101098112
,,1.8575495894034983
,,1.7806053058389697
3.7269984565021264,4.335792168737724,4.58357654786921
1.209515014542631,,2.4800069429571505
,1.255272505103306,
1.5987905067631152,,2.570776368794748
,2.17435059747938,
1.6693168805661125,,
,,
1.894260664446988,,2.878289075401736
1.7826832703959676,,1.9447212218295944
2.466125870418199,2.300595483889964,
1.4653828514484182,1.2013971243204515,1.3617278360175928
1.8846254632562345,2.788875115775417,2.7256421555144184
2.006893707947901,,3.2052043639481447
,0.7024305364455252,
1.583538819254352,,
1.2219355998280053,1.6989700043360187,
1.5185139398778875,,
,,4.959714742371813
2.3571722577230334,,3.4542501553003446
1.285669805960068,,
0.414973347970818,1.6334684555795864,
0.5563025007672873,,1.7259116322950483
1.5440680443502757,,2.060697840353612
1.1056123596867853,,
0.380211241711606,,2.281260687055013
,,2.959041392321093
,2.7533302213245205,
1.577491799837225,,2.5631249603380444
0.5314789170422551,,
1.0413926851582251,,
0.9138138523837168,,1.423245873936808
2.076786033508079,2.768490105171245,
1.624488362513449,1.846337112129805,
,,2.479222491566444
0.9712758487381052,,
1.9273241590406924,2.488014567824043,
0.7671558660821804,0.9542425094393248,
1.7309436934277358,2.719165494089214,3.0727387093511127
1.3117538610557542,,2.189770956346874
1.1072099696478683,,0.7075701760979364
1.1522883443830565,,0.041392685158225
-0.3190302815341028,,0.5469742758332871
,,
2.453792135344474,,
2.0077051143647804,,
3.335792770068036,3.161368002234975,3.937852260287463
,,2.0224840463963702
0.3692158574101428,1.99563519459755,
,2.041392685158225,
1.512230657664238,,
2.2931414834509307,,3.359209191764298
2.18479360573441,2.274804189634561,
,2.141763230275788,
0.4913616938342727,1.4146391467370092,1.3729120029701063
2.3756818996593747,,
1.3234583668494675,,
,,2.1469785745600727
1.624488362513449,2.0813473078041325,
2.7841892053809607,,
0.670245853074124,2.8691143269793757,
1.5643109099606027,,
1.0413926851582251,,2.1775364999298623
1.5185139398778875,,
0.146128035678238,,2.365300748637988
2.903089986991944,2.522874402313803,3.5228783109856385
0.670245853074124,,
2.556877560063102,,
1.4483971034577676,,
1.230448921378274,,2.338854746252323
2.670245853074124,1.7867514221455612,
2.9970935519901145,,4.002157635065406
,,2.6704629460463543
0.3979400086720376,,1.2833012287035497
,,2.8102157106078685
,2.798097932062486,
1.7494270991217489,,
0.8450980400142568,,
1.3679147387937527,,
1.3469394626989906,2.094121595840561,2.4848263690844425
1.701654317325748,,
1.9365137424788936,,
1.691435152144062,2.577491799837225,
1.0224283711854865,1.0334237554869496,1.5927317663939622
1.1821292140529984,,
2.5595475555804343,,
0.8260748027008264,,2.3001605369513523
2.2121876044039577,,
0.7634279935629372,,2.243286146083446
0.9546765869186437,,
1.4065401804339552,1.6816933920045642,
,,
1.2723058444020865,,
,2.495821753385906,
2.7323937598229686,,
1.9537596917332287,,2.2143138974244
4.775756037844098,,
,1.9365137424788936,
1.960280464436642,,
1.6479694583629718,,
1.429752280002408,,2.739414102698696
1.2934951434720243,,
1.4299136977637543,,
,1.94546858513182,
1.8029856913350089,,
,0.8750612633917001,
,,
1.4740442610637985,,
,1.7075701760979365,
,,1.4958217533859055
3.230448921378274,3.612783856719735,
-0.5331323796458906,,
1.515343893088381,,
1.505149978319906,,2.121559844187501
,1.255272505103306,
,,1.66838591669
1.9595183769729985,,3.454173852177724
1.2787536009528289,1.9590413923210936,
0.6592504687726608,,
,,1.0698530211136246
0.7781512503836436,,
2.4622482153549976,,3.080770746840722
1.2329961103921538,,2.03382569395331
1.4471580313422192,,1.9633155113861112
1.0681858617461617,0.534026106056135,
,,1.865964600437008
,1.2966651902615312,
1.2723058444020865,,
1.6122539060964374,,
,,
2.316159128107968,2.2805783703680764,
1.4523600005531951,,
,,2.7968517490498868
0.3010299956639812,,2.113609151073028
1.952792443044092,,3.729286310324604
0.5305838596451177,0.5563025007672873,
,,3.633666872725386
,,2.069853021113625
1.146128035678238,,1.5658478186735176
2.3883321478572155,,
0.9030899869919436,,0.505149978319906
1.8316138553090988,,
1.691435152144062,2.087781417809542,
1.2380461031287957,1.613841821876069,1.863620220270316
,,2.161368002234975
1.06707085604537,,
0.6334684555795865,1.255272505103306,
,,2.084093460228235
,,2.084003990608029
1.3096301674258988,,2.6915235221681546
,1.6354837468149122,
1.2227164711475833,,2.5992278627737964
2.090610707828407,,2.60788374435699
1.7402837196818792,,2.893761762057943
0.2265483538414112,,
1.24551266781415,,2.426185825244511
1.0530784434834195,,2.6596310116070008
,1.9132839017604184,
1.6127838567197357,2.7323937598229686,
1.636387585813157,,
2.2121876044039577,,
1.3210388927260548,,
1.6989700043360187,1.591064607026499,
1.7671558660821804,,
1.670245853074124,,1.671913012441587
1.3692158574101427,2.208978517276253,
1.5352941200427703,,2.866818802926048
0.7671558660821804,,
1.3222192947339193,1.8388490907372552,
,1.845098040014257,
1.6570175873403687,3.093491727010932,
0.6720978579357175,,2.722633922533812
2.316159128107968,,
1.1095785469043866,,
1.3783979009481375,,2.785543369956593
0.6720978579357175,1.7708520116421442,
,,2.7717087136871315
0.9294189257142929,,1.9003671286564705
3.1048284036536558,,
1.4661258704181992,,
1.7201593034059568,,2.9215304135012423
,,1.952792443044092
0.7671558660821804,,
2.321038892726055,,3.14173502841975
1.4823232239306383,,
,2.071882007306125,
,,1.706675118700799
1.4661258704181992,,
-1.537602002101044,-1.744727494896694,
,2.207365037469072,
1.8308644254735973,2.3380578754197563,
2.1360860973840974,,
1.6171891237719496,,2.2076289824270967
1.998695158311656,,3.779538773870285
2.1135088405328197,2.9445813642269263,
1.8444771757456817,,2.02201573981772
,,1.5927317663939622
1.5595475555804343,,
,0.7024305364455252,
1.3521825181113625,,2.891760401456672
1.5595475555804343,,
,3.215901813204032,
0.6334684555795865,,0.9242792860618816
2.106870544478654,,
0.2787536009528289,,1.9768083373380665
1.2174049744015416,,2.27397300376955
2.544068044350276,2.425974160919376,2.726996013587268
4.48315920971698,,
1.369246788964011,,2.100872623203649
2.4678595832272,2.527114111639805,
0.7671558660821804,,
1.7371926427047373,,3.365207100231823
-0.1549019599857432,,1.4265112613645752
0.3979400086720376,,
1.3891660843645324,,2.480868923687168
1.4483971034577676,1.48572142648158,
1.1685564068637246,,
1.833147111912785,,2.728272597895017
,-0.8309136425129773,-1.6291169832223942
1.7924617313469506,,3.501752620605118
0.775756037844098,,
,1.6334684555795864,
2.7006431539308857,3.144574207609616,
,,1.1556396337597763
,,2.136799810744238
0.3234583668494676,,1.1837963734204613
,,1.4188065690947886
0.6532125137753437,,
1.8316138553090988,,
1.7213983755215052,2.7008767083769034,
1.130333768495006,,2.1344958558346736
1.0,1.230448921378274,
0.5453071164658241,0.5563025007672873,
0.5153438930883808,0.48572142648158,
1.0224283711854865,,
2.6536465912546623,1.8573324964312683,
2.808548551240406,,
1.7972675408307164,2.0211892990699383,2.6414741105041
1.4299136977637543,1.8680563618230417,
,0.9378687965638594,
1.3186058640550555,,
1.454387467146955,,
1.4661258704181992,,
1.0767860335080792,,
1.2442771208018428,1.1947917577219245,2.160933490460957
1.1931245983544616,,2.9936125579388904
0.9542425094393248,1.4313637641589874,
1.8810992183890167,,
,,1.671913012441587
1.462637542572378,2.101609617233111,
0.8390378733883058,1.717670503002262,
2.5358002908248976,,3.446304113951924
1.670245853074124,,2.7688230254496435
2.63558426631123,,3.448257884196469
2.011147360775797,,
,,2.921166050637739
1.1095785469043866,,
,2.549738731264899,
1.0791812460476249,,3.339888497223747
2.071882007306125,,2.7307822756663893
2.616580530085886,,4.004080510061908
2.3376988059640778,,2.848004271497268
1.845612684135473,,2.426516141050441
0.6127838567197355,,1.60422605308447
0.8005796215691302,1.675228253593064,
,,2.2459442801693057
1.8535156967569288,,
0.6720978579357175,,2.5595475555804343
1.4661258704181992,,
2.26528962586083,,2.9379189026477803
1.670245853074124,,
1.2041199826559248,1.4771212547196624,
1.4517864355242902,,3.249736304568833
0.7075701760979364,2.2332500095411003,
1.5075185555764243,,
,2.2095150145426308,
1.1095785469043866,,1.8714853673467915
1.1181787186663044,,
0.8463371121298052,0.8234742291703011,
,4.927370363039024,
1.678518379040114,,2.591954555046736
1.3679147387937527,,
1.8535156967569288,,
-0.0457574905606751,,1.549003262025788
0.6122539060964373,,2.149034267161249
,1.1690863574870227,
0.2143138974243995,0.8115750058705934,
1.1139433523068367,,
,,2.4990668081990526
,,
1.0374264979406236,,2.638089721984506
1.1931245983544616,,2.413634997198556
1.972360230030325,,
1.631443769013172,,2.7219754015859534
1.136720567156407,,
1.3364597338485296,,2.569724949226159
1.816373888752362,1.9084850188786493,2.3780616014047293
,2.184691430817599,
,,1.3635837780361064
,,2.291701770729981
1.546752357340005,2.07018568637838,2.100587638089793
,,2.0788191830988487
,,0.5927317663939622
,1.3692158574101427,
1.3469394626989906,2.040602340114073,
4.068185861746161,,
,,1.4188065690947886
1.380211241711606,,1.8603380065709936
2.69246795758183,,3.7388598020722
2.018700498666244,,2.6742179455767
1.561101383649056,,2.1903316981702914
1.255272505103306,,1.5976951859255124
0.9242792860618816,,2.846708145456007
2.0350292822023683,,2.4614985267830187
,2.296665190261531,
2.0490977995230053,,
2.097569639431371,2.503245771465113,
2.1437328231386923,,
1.100370545117563,,1.4183012913197457
1.4814856258274134,1.6281845080734123,2.3104022693962243
1.3996737214810382,,2.0751818546186915
2.355987591676388,1.9084850188786493,
2.0224283711854865,,
1.5996647787884168,,
0.7671558660821804,,
,,1.671913012441587
,,
1.7309436934277358,,
1.0549575960124065,,
2.1818435879447726,,
1.8810992183890167,,
,,2.534635214826253
2.464385208841898,,
1.2325387175305988,,1.668278727786493
,,1.7388598020722
,2.3725438007590705,2.6790915970687106
1.4299136977637543,1.9628426812012425,
0.9242792860618816,,2.407900540142635
1.2986347831244356,,2.149034267161249
2.937417581477138,,
1.8757208898150148,,3.5304502100112263
2.0519239160461065,,3.023540521554854
,0.1139433523068367,
1.9395192526186185,,
0.9637878273455552,,2.956408571195833
1.2723058444020865,,
4.860577551244416,,
1.3469394626989906,2.17435059747938,
1.611723308007342,,3.350306178879111
1.2810333672477277,1.790988475088816,
,2.519145181968529,
,,2.1725153630107723
,,2.5921767573958667
1.5809249756756194,,1.582063362911709
2.552485701092948,1.7867514221455612,
1.515343893088381,,
0.2304489213782739,,1.6384892569546374
,,1.5118098587700362
-1.744727494896694,,
1.867467487859052,,2.7224693858840308
2.462996612028056,,2.758306181725307
0.6127838567197355,,2.1583624920952498
0.8450980400142568,,
0.7671558660821804,1.9712758487381048,
1.6181527333785195,,
1.570192561095726,,
1.6946051989335686,1.6946051989335686,
1.1172712956557642,,2.3694014136966244
1.9138138523837167,,
1.0358298252528282,,2.179925032074337
1.9872639541222352,,
-0.5228787452803376,,1.57287160220048
0.0681858617461616,1.334453751150931,
1.3159703454569178,,2.3165993020938607
1.6122539060964374,,
,,0.4378298064082189
0.3234583668494676,,
1.1952906601109694,,
0.8976270912904415,,2.4875625602563782
0.17539583139403,0.7698202577635922,
1.2143138974243997,1.9628426812012425,
1.2723058444020865,1.7737864449811935,
1.8221680793680173,,2.9527440240148985
,,1.505149978319906
0.3222192947339193,,1.3324384599156054
2.320354032817672,,3.542551573340032
1.4661258704181992,,
1.1473671077937864,,
,,2.833281014676562
1.6693168805661125,,
1.784189205380961,,
2.460747541844197,,3.2009872191631663
,,4.05362960915051
2.085219201044942,,
2.24551266781415,,
1.1821292140529984,,
1.7213983755215052,,
1.3010299956639813,,3.0514612443241838
1.7402837196818792,,2.893761762057943
1.5866998016240492,,
1.60959440922522,,2.9133899436317554
0.6989700043360189,1.3679147387937527,
,,1.9149510611278813
2.1250907130826344,1.8785217955012063,2.506545618777679
,,2.146128035678238
0.9684829485539352,2.041392685158225,
2.2295538639811365,,
2.091315159697223,,2.9448773059636952
1.100370545117563,1.7558748556724917,
,-0.3187587626244128,
,1.3010299956639813,1.8388490907372552
,2.012837224705172,
0.7781512503836436,1.0,
2.101609617233111,,
,,0.706675118700799
-1.214670164989233,,
1.3692158574101427,,
1.885361220031512,,2.499412125672276
1.5595475555804343,1.8987251815894937,
1.4727564493172125,,2.4032921451582543
1.5996647787884168,,
2.5643109099606027,2.4779889762508893,
,,1.972943008105568
0.9542425094393248,,
1.515343893088381,,
0.9777236052888476,,2.214578953570499
1.1238516409670858,,2.5079907248196918
1.146128035678238,,
0.8633228601204559,1.2787536009528289,1.5314789170422551
1.6434526764861874,,
0.2640855141553954,,1.078453192875542
,,2.3384564936046046
1.1821292140529984,,
2.0770043267933502,,3.334815512506212
1.5843312243675307,,3.440231936226789
1.6479694583629718,,
2.379939722801916,,
1.7481880270062005,,
,,2.084093460228235
2.079543007402906,,2.237040791379191
2.376065721586172,2.4291060083326967,
1.1760912590556811,1.505149978319906,
1.0224283711854865,1.334453751150931,
1.7881796881137657,,
1.9138138523837167,,2.678700434998304
,,1.820618471007636
,,2.2624510897304293
1.0413926851582251,,
,,1.8937617620579432
,1.1126050015345743,
1.5305838596451178,,
4.128883702099773,4.431363764158987,4.7388598020722
1.1821292140529984,,
,,1.1725153630107723
2.2295538639811365,,
2.854937283891722,,
,,2.097881744713868
1.410608542568368,,
,2.597695185925512,
2.47130638292198,,3.027300670428161
1.2986347831244356,1.209515014542631,
,1.954242509439325,
2.828595456371702,,2.9826329943948497
2.5461723683169426,,3.217773377401496
1.838219221907626,,
0.9444826721501688,1.806179973983887,
1.3234583668494675,,
1.919444210465237,2.3521825181113627,
3.216942713067954,,
1.1473671077937864,,
3.971275848738105,,4.546974275833287
1.7494270991217489,1.8785217955012063,2.2554895980755365
,,
1.6739419986340878,,2.436639631692661
1.3604419331026378,1.8816128724783483,
2.255754786643044,,3.326806774068438
2.2833012287035497,,
1.410608542568368,,
2.298634783124436,2.204662511748219,
1.5996647787884168,1.6354837468149122,
1.146128035678238,,
2.311223910432456,,3.5038893751339386
3.369215857410143,4.158362492095249,
1.7323937598229686,3.204119982655925,
,1.6232492903979006,
,1.3434085938038574,1.1947917577219247
2.2143138974244,,
2.2671717284030137,,
2.06469753390034,,
1.0224283711854865,,
1.0934216851622351,,
0.4831592097169795,0.7024305364455252,
2.821768920639068,,3.211825097020705
1.3234583668494675,,
2.198657086954422,,
1.5185139398778875,,
1.3384564936046048,,1.9772662124272928
1.4983105537896004,,
0.6720978579357175,,2.722633922533812
0.414973347970818,1.6334684555795864,
1.530199698203082,,3.43123506524505
2.473924693416157,,3.270911639410482
1.757396028793024,,2.888797067456681
0.7708520116421442,1.4313637641589874,1.7708520116421442
,2.670245853074124,
1.3234583668494675,,
,,0.2787536009528289
,1.6127838567197357,
2.94382579875033,3.5148663839892547,3.872170554680983
0.9712758487381052,,
,,2.6571897556208808
0.7168377232995244,,
1.3537431707539354,,
2.3560258571931225,2.7209857441537397,
0.7269715836828766,,
1.6020599913279625,,
1.0,1.3617278360175928,1.2787536009528289
1.3692158574101427,,
0.6334684555795865,,0.9242792860618816
1.6989700043360187,1.591064607026499,
1.9041743682841632,,3.176207055478685
1.8175653695597809,,2.923658421793306
1.2049064289025684,,
1.2143138974243997,,
1.919444210465237,,2.3003019424918985
1.2750117377780117,,
,,1.5469742758332872
0.670245853074124,,
1.3537431707539354,,
1.4638929889859074,,2.553761698390004
1.5595475555804343,,
1.1205739312058498,,
2.1605555613752823,,
2.130333768495006,,
4.439253724017898,4.725094521081469,
,,1.542121773038875
,1.8887409606828929,
2.4099331233312946,,
1.1931245983544616,,2.575534218319864
1.5595475555804343,1.8987251815894937,
,1.4629068724922676,
1.410608542568368,,
2.510276844417355,,2.746400644491561
,,2.522874402313803
1.1473671077937864,,2.1837963734204613
0.6989700043360189,,2.265996370495079
1.5599066250361124,,2.6939027410660605
0.8573324964312685,,2.364926033789976
1.414973347970818,,2.3138672203691533
,,1.957128197676813
3.459894350670316,4.000723366143026,
0.9432471251378616,,1.7326108527951989
2.085219201044942,,
1.2986347831244356,,2.4735453586747536
,,1.7688230254496435
0.9030899869919436,,2.295567099962479
1.1139433523068367,,
2.616580530085886,,4.004080510061908
1.2442771208018428,,
1.3469394626989906,,1.3708830167776058
2.3883321478572155,2.7265642161622448,
1.968482948553935,,
1.100370545117563,,1.884228769632604
1.691435152144062,,
-0.1549019599857432,0.1760912590556812,1.4548448600085102
1.515343893088381,,
1.624488362513449,,
1.0681858617461617,,
1.294466226161593,,1.967547976218862
1.4859066008218458,,
-0.3279021420642826,,
1.730782275666389,,1.6532125137753435
1.0638210563437116,1.404491617758686,
,,
1.9052560487484511,,2.7290027092721902
1.410608542568368,,
2.4125781354312723,,1.696535487349919
2.3400274682826607,,2.887197992555555
,,
1.7309436934277358,,
1.0681858617461617,,
0.6989700043360189,,1.6020599913279625
1.90766390912036,,
1.5996647787884168,1.6354837468149122,
0.9731278535996988,,2.021602716028242
2.2882939497862167,,
1.285557309007774,,2.4858633295973345
0.4483971034577676,0.7176705030022621,
1.0863598306747482,,
2.244277120801843,,
0.6334684555795865,,2.4396484295634737
0.6627578316815741,,2.0056094453602804
1.5692451239639131,,
1.2787536009528289,,
1.8887409606828929,,2.515741416669365
0.9731278535996988,,0.6812412373755872
1.2295538639811363,1.7494270991217489,
,4.635483746814912,
2.4747260421801167,2.678518379040114,2.9331758812340807
1.6122539060964374,,
,,2.136799810744238
1.4582373582051489,,
1.0492180226701815,,2.039017321997412
1.3324384599156054,,2.9926418698783976
,,1.505149978319906
1.833784374656479,,
,,1.52723021763753
1.839037873388306,,2.9889311134896985
,,1.2262002219735488
,,1.9637878273455551
0.919078092376074,,
1.1473671077937864,1.8680563618230417,
1.9712758487381048,2.861653870213911,2.713305697599812
1.136720567156407,,2.689042339028172
1.424881636631067,,3.019822224167773
,,2.3409197934001624
2.0896232582132512,2.958924928515815,
1.08278537031645,,1.5198279937757189
1.4831592097169797,,
,,1.5649346047730266
1.577491799837225,,2.5631249603380444
1.0791812460476249,1.4313637641589874,
1.2068258760318498,,3.1598678470925665
0.4771212547196624,,0.9867717342662448
1.907034952483417,,
1.8394780473741985,,3.09191304667608
,1.0748164406451748,
1.6334684555795864,2.361727836017593,
0.0681858617461616,1.334453751150931,1.7688230254496435
0.0681858617461616,0.6532125137753437,
1.839037873388306,,
1.4661258704181992,2.0681858617461617,
2.645677661583387,2.0034605321095063,
,,
1.2723058444020865,,
1.1760912590556811,1.591064607026499,1.8512583487190752
1.510545010206612,,2.540579716504454
1.2723058444020865,,
1.0681858617461617,1.510545010206612,
3.49257741615644,3.718866907290306,4.062259245580976
,0.5105450102066121,
-0.6989700043360187,,1.934498451243568
3.767155866082181,,
1.0791812460476249,1.5563025007672873,
1.9025467793139912,,
2.2750117377780112,,
0.3234583668494676,,1.634124451552187
1.6447831309233574,,2.9323511454274804
2.5733358400660675,,
2.105612359686785,,
2.761561012771347,,
,,1.6414741105040995
1.5996647787884168,,
1.3692158574101427,0.9542425094393248,
4.784189205380961,,
2.117403884416343,,
1.4897897886159928,,1.6013319381558797
1.6483600109809315,,3.6068863150270873
2.0026843129897296,,3.0812824828944065
,,2.3003019424918985
0.5118833609788743,,0.3692158574101428
1.2648178230095364,,1.843232778098009
1.4653828514484182,,1.884795363948981
1.7671558660821804,,
,,3.2671717284030137
0.9030899869919436,1.6720978579357175,
,2.204119982655925,
3.2615331181326237,,
1.3222192947339193,1.7371926427047373,
0.3617278360175928,,1.0043213737826426
0.6989700043360189,,1.6020599913279625
1.2442771208018428,,
1.60422605308447,,
,,2.2159810567918625
2.238447577141119,,
2.3582204731086795,,
1.8312296938670631,,3.315172357208987
1.4299136977637543,,
1.9209707304267096,,
,-1.2006594505464183,-1.203148250950113
2.2723058444020863,,
,0.6354837468149122,
1.6592504687726608,2.4075608494863627,
0.9444826721501688,,2.001300933020418
1.478118985077456,,
3.230448921378274,,
1.867467487859052,,2.7224693858840308
1.948999454026953,,
1.167317334748176,,
,0.3692158574101428,
0.1473671077937864,0.1583624920952496,
1.2695129442179165,,2.170261715394957
2.3670389381558685,,
1.9294189257142929,,
1.439253724017898,,
1.8929623242217075,,2.03048232921435
2.4914317356829696,,3.320273023422519
1.1095785469043866,,
1.1473671077937864,,2.537214438544131
,,2.0077051143647804
,1.2068258760318498,
1.8810992183890167,,
1.1139433523068367,1.57978359661681,1.6127838567197357
,,2.5800121125294244
1.665580991017953,,2.8521749044203037
2.31260043926126,,3.847085037995664
,,2.226200221973549
2.5706129817305943,,2.1086056101056414
1.3521825181113625,,2.891760401456672
-0.0457574905606751,,1.549003262025788
0.7323937598229685,,2.894426837964188
1.5595475555804343,,2.579503500660207
1.4483971034577676,,
0.7923916894982539,,2.3062105081677613
1.8260748027008264,2.5877109650189114,2.9595183769729982
1.7081701097877502,,
1.2430380486862944,,1.910090545594068
0.9030899869919436,,
1.230448921378274,,
1.390405156480081,,1.7688230254496435
0.9684829485539352,,
0.9542425094393248,,2.456973013635818
2.296072566359835,,2.961947623804105
-0.2690563065722643,,0.9906717750659998
2.7734938922709707,,3.873831919363592
2.031408464251624,,2.8191489428071344
-0.6530605373010094,,
1.0413926851582251,1.2787536009528289,1.7160033436347992
0.1095785469043867,,1.878289075401736
0.6334684555795865,0.9542425094393248,
1.4661258704181992,1.8350561017201164,
0.9315087218666176,,
,,0.291701770729981
0.7323937598229685,,1.790988475088816
,,1.4471580313422192
1.1821292140529984,,
2.1126050015345745,,3.167435494042036
0.7671558660821804,,2.6139210654639005
2.241372130158436,,2.14173502841975
2.6989700043360187,,
2.093491727010932,,
0.7671558660821804,,
0.414973347970818,,2.366236123718293
2.318605864055056,,
1.6122539060964374,,
,0.255272505103306,
,1.130333768495006,
1.4299136977637543,,
1.0224283711854865,,
2.3469394626989906,,
,2.4345689040341987,
,4.760422483423212,
1.1095785469043866,,
2.24551266781415,,
1.4831592097169797,1.7993405494535817,
0.9822712330395684,,
0.9084850188786496,,
2.318605864055056,,
4.2295538639811365,,
1.2430380486862944,,1.9138138523837167
1.1821292140529984,,
,1.2695129442179165,
2.235023159495224,,3.850247898240142
1.8325089127062364,,
0.5910646070264992,,2.240798771117331
1.948999454026953,,
,1.5563025007672873,
0.5314789170422551,,
0.4623979978989561,,1.683947130751512
,,1.4378298064082191
1.7671558660821804,2.3344537511509307,
,1.527114111639805,1.291701770729981
0.5595475555804343,0.401400540781544,
-0.5228787452803376,,1.9623693356700207
0.6592504687726608,1.6354837468149122,
2.1903316981702914,,
0.3010299956639812,,1.5403294747908738
1.6592504687726608,,
0.5910646070264992,,2.625209525381881
1.4823232239306383,,
2.2052043639481447,,3.130687493982032
0.7841892053809608,,
1.6919209649064653,1.60959440922522,
1.1986570869544226,1.3222192947339193,
1.0272272540672551,,
1.5763413502057928,,2.610979379922997
1.8808135922807911,,3.1481088577296967
0.0,,
0.6989700043360189,,2.265996370495079
0.5327543789924978,,
,,3.937124040079073
,,1.6127838567197357
,0.255272505103306,
0.6901960800285137,,2.710540447933297
0.7883451651521185,,
1.7782185608119152,,
1.4299136977637543,,
,,2.3324384599156054
,,2.2055156231136976
2.1415375641330625,,
1.9703468762300933,,3.8101249394753607
1.545307116465824,2.617000341120899,
0.8260748027008264,,3.261453202741811
4.390839233959399,,
0.380211241711606,,0.6434526764861874
-0.1029229967905796,,
1.100370545117563,,2.398981066658131
0.9912260756924948,,1.861534410859038
,,0.7629934817889196
,2.363499161478235,
1.6614719287666189,,
0.8260748027008264,,2.636788689034375
0.9294189257142929,,1.790988475088816
,,1.671913012441587
1.59659709562646,,
1.439253724017898,,
-0.6307841425898572,,0.852803154379037
4.92551835817743,,
,,2.1398790864012365
1.474726042180117,,
2.496376054012401,3.04688519083771,
1.6893088591236205,,2.8677620246502005
2.1670217957902564,,2.9360107957152097
1.2442771208018428,1.7323937598229686,
1.2723058444020865,0.9365137424788932,
,,2.537214438544131
,2.493318608232101,
0.3469394626989905,1.2329961103921538,
1.6374897295125106,,2.5200903281128424
0.9030899869919436,,
,,1.634124451552187
,,
0.7708520116421442,,2.061452479087193
0.6989700043360189,,1.3979400086720375
1.5211380837040362,,3.0
,,2.291701770729981
1.4065401804339552,1.6816933920045642,
-0.5228787452803376,,2.906281155772153
1.6171891237719496,,
2.4125781354312723,,
1.1789769472931697,,2.098643725817057
2.4848263690844425,3.125676410382333,3.570912283331376
1.0606978403536116,,2.2137832993353044
-1.5228787452803376,-1.0132282657337552,-0.889410289700751
1.2576785748691846,,2.67052415778208
0.436162647040756,0.4913616938342727,1.011993114659257
2.0681858617461617,,
,1.380211241711606,
0.041392685158225,,2.2177470732627937
1.0086001717619175,,2.065206128054312
1.784189205380961,,
,,1.662757831681574
0.9493900066449128,,2.1436392352745437
1.1473671077937864,,2.317007635994752
0.670245853074124,0.255272505103306,
0.4771212547196624,1.5185139398778875,1.2787536009528289
1.624488362513449,,
,0.5563025007672873,
0.9132839017604184,,1.4378298064082191
1.6532125137753435,2.0791812460476247,
,,0.6341244515521873
4.573335840066068,,
1.515873843711679,,2.38147609027503
2.8061731880795926,,1.9656437693640687
0.7160033436347992,,2.172310968521954
2.0863598306747484,,
1.0791812460476249,,1.6020599913279625
0.9712758487381052,,
,2.673076227743187,
2.245018870737753,,2.371437317404101
1.9057958803678683,,2.9409644934928
2.255706582582625,,
,,2.493283949759036
1.290034611362518,,2.9280884596649708
2.420368379857524,2.900694774452398,
1.0,,3.155305666159626
1.868215220990296,,
1.2986347831244356,,1.634124451552187
1.0224283711854865,,
1.1139433523068367,,
,2.093421685162235,
1.4299136977637543,,
1.2723058444020865,,
0.8920946026904804,1.380211241711606,
1.354108439147401,,2.166133970305109
1.2787536009528289,,
-0.5228787452803376,,1.1430148002540952
0.6479694583629718,0.8887409606828927,
1.3484995702838376,1.4148062795010126,2.007577098304339
1.568201724066995,,
1.1473671077937864,,
2.2640855141553957,,
1.80057962156913,,
1.59659709562646,,3.094156561782523
2.5514499979728757,,
,,2.9211113698327
1.3159703454569178,,2.6415732531781755
1.919444210465237,2.3521825181113627,
1.4299136977637543,,
1.3138672203691537,,2.244277120801843
1.7340794072805945,,
,,1.383815365980431
0.1760912590556812,,1.484299839346786
1.550228353055094,,2.54282542695918
0.8750612633917001,,3.072470482303893
,,
1.436162647040756,,3.032135046879901
2.301943224711672,,2.799557642425812
1.1139433523068367,,
1.9995654882259823,,2.6263403673750423
,3.2550311633455515,
0.0681858617461616,2.100370545117563,
2.1894903136993675,,3.275748884479195
2.113943352306837,,
0.380211241711606,,1.9175055095525464
-1.0457574905606752,,
0.5185139398778874,,1.7589118923979734
0.8808135922807914,,
2.651278013998144,,
1.0128372247051722,,2.567731962548069
-0.0867160982395816,0.94546858513182,
,1.2284003587030048,0.5927317663939622
2.0893751608160995,,
2.3778160291720605,,2.9474163203486907
,,2.3635837780361064
1.60959440922522,,2.615529223637133
2.0863598306747484,,
2.471144965160633,,3.6631919091608927
0.7558748556724915,,1.6242820958356683
1.3692158574101427,1.6170003411208989,
3.545307116465824,,
1.724275869600789,,
2.201285531811267,,3.830615306093279
,0.8573324964312685,
1.1821292140529984,,1.4958217533859055
1.0380675054926616,,
0.5185139398778874,,0.3617278360175928
1.1986570869544226,,
1.1139433523068367,,
1.1522883443830565,,0.041392685158225
1.383815365980431,,2.627058464000989
1.3692158574101427,,
1.5866998016240492,1.6532125137753435,
0.5185139398778874,,2.838849090737255
1.385606273598312,1.6551384348113822,
0.7520484478194386,1.276461804173244,1.6324572921847242
0.52283531366053,0.52283531366053,
1.545307116465824,,
2.460747541844197,,3.2009872191631663
1.320146286111054,,3.059941888061955
1.1335389083702174,,2.139249217571607
2.1212314551496214,,3.228477354445056
2.011147360775797,,
1.9854264740830017,,2.8035253955765325
1.9420080530223127,,2.4899584794248346
1.255272505103306,,1.5976951859255124
1.0606978403536116,,1.756636108245848
,,4.30541133234497
1.0681858617461617,1.510545010206612,
,2.6462076122066853,
1.670245853074124,1.577491799837225,
0.7781512503836436,,
1.846337112129805,,
,2.066959197867122,
,1.6549462265843442,
,-0.2020403562628038,
1.2068258760318498,,1.9885589568786155
,,3.01268751488372
1.824125833916549,,2.719993826367604
0.6989700043360189,1.5440680443502757,1.7708520116421442
2.182129214052998,,
,2.470116353151004,
2.367355921026019,,
1.0863598306747482,,
,0.8573324964312685,
1.0767860335080792,,1.609765105692743
,1.2375437381428744,
,2.6086116004146107,
1.235528446907549,,2.355643050220869
1.795184589682424,,2.874771637184298
1.9712758487381048,,
1.1205739312058498,,2.513617073787875
1.0681858617461617,1.5976951859255124,
1.7558748556724917,,2.802089257881733
1.6592504687726608,,
,2.0813473078041325,
0.0,,1.5599066250361124
2.0175758683910745,,
2.1072099696478683,,2.6920533650340808
1.390405156480081,1.209515014542631,
0.6720978579357175,,2.722633922533812
0.5305838596451177,,
1.410608542568368,,
0.499549625905149,,
1.6693168805661125,,
1.7634279935629371,,
2.5643109099606027,2.4779889762508893,
1.4661258704181992,1.7867514221455612,2.385123455892216
1.255272505103306,,1.6963563887333322
1.6479694583629718,,
2.47130638292198,,3.027300670428161
4.323458366849468,,
1.2810333672477277,1.790988475088816,
,2.0034605321095063,
1.390405156480081,,
0.3979400086720376,,3.180928319993991
,,2.3592661646067485
2.3483048630481607,,
1.484299839346786,,1.209515014542631
1.6434526764861874,,2.6628522332647964
1.839037873388306,1.7867514221455612,2.456054626514418
3.971275848738105,,
2.0791812460476247,2.9020028913507296,
,,2.3486066220664537
1.3692158574101427,1.48572142648158,
1.1846914308175989,,1.957128197676813
1.1473671077937864,,
1.0681858617461617,,1.5927317663939622
1.2576785748691846,,
1.7781512503836436,1.505149978319906,
1.2143138974243997,,
0.0681858617461616,,
,2.808210972924222,
1.92551835817743,,
,2.1997551772534747,
2.2295538639811365,,
1.2986347831244356,,2.4735453586747536
1.5595475555804343,1.760422483423212,
,1.5976951859255124,
1.7160033436347992,2.690196080028514,
0.670245853074124,,
,1.4593924877592308,
,,1.8937617620579432
,2.650598898172657,
,,2.985428719653628
,,2.7388598020722004
1.545307116465824,,
1.5773883840772644,,
-1.42021640338319,,
2.4125781354312723,,
1.2648178230095364,,2.4574276929464847
,,2.780317312140151
3.913283901760418,,4.7388598020722
2.4410978647162684,,
3.076786033508079,,
,1.671913012441587,
,,
1.797959643737196,,2.64738297011462
,,
0.6434526764861874,,2.1222158782728267
1.252853030979893,,2.889077492650064
1.2723058444020865,,
1.510545010206612,,2.5725230978496376
1.1139433523068367,,
1.7402837196818792,1.6866362692622934,
1.429752280002408,,1.9003671286564705
1.3996737214810382,,2.0637085593914173
1.775756037844098,,
1.085219201044942,,2.6896417794020184
1.0453229787866574,,2.227629649571009
-1.5086383061657274,,
1.6592504687726608,,
1.1583624920952498,,1.890979596989689
2.397940008672037,,3.140925795498442
1.5733358400660675,,
,-1.408935392973501,
2.499549625905149,,
1.6989700043360187,,
,1.5526682161121932,
1.2143138974243997,,
1.6866362692622934,,3.278822168352688
2.059563417901268,,3.0727276895852653
4.721398375521505,,
2.1135088405328197,,
1.3282572497312364,,
2.0629578340845103,,3.689184503432863
1.021189299069938,,
1.2143138974243997,1.209515014542631,
2.006204959222372,,
,,1.8195439355418688
1.0086001717619175,,2.454234895748266
0.9924651478080432,1.355643050220869,
1.8316138553090988,,
,,1.972943008105568
,1.688419822002711,
1.2624510897304295,,2.297760511099134
1.4831592097169797,,
1.683947130751512,,1.9561684304753637
1.5440680443502757,,
1.0224283711854865,,
,1.7466341989375789,
1.760062684305493,,
1.6809697184658972,,2.876032995097512
,,1.1490342671612497
,2.204662511748219,
1.839037873388306,,
,,2.0398897977361816
2.2218574354191367,,2.937853763611335
,,2.097881744713868
1.414973347970818,,2.1818435879447726
0.8463371121298052,,1.291701770729981
0.7781512503836436,1.146128035678238,
0.3424226808222063,,
0.7708520116421442,,1.582063362911709
0.7781512503836436,1.806179973983887,
1.4563660331290431,,2.5532760461371
1.6809697184658972,,
0.9712758487381052,,
1.670245853074124,2.074816440645175,
,,2.5750029994335306
,2.5209418219780617,
2.881166027785642,,
1.9190770458820856,,
1.100370545117563,,1.4183012913197457
0.6720978579357175,1.3979400086720375,
0.9030899869919436,1.380211241711606,
2.4608828150058275,,
1.146128035678238,1.4313637641589874,1.7075701760979365
0.7781512503836436,,2.26150077319828
1.7782185608119152,,
1.8221680793680173,,2.42422807069598
1.5866998016240492,,
1.784189205380961,,
,,1.4958217533859055
2.4125781354312723,,
,0.401400540781544,
2.1095785469043866,,
1.4661258704181992,,
1.410608542568368,,2.1837963734204613
1.5289167002776547,,2.250420002308894
1.2041199826559248,1.5563025007672873,
1.7402837196818792,,
0.7671558660821804,,
1.946108230436906,,2.6368187568475414
,2.1690863574870227,
0.7671558660821804,1.100370545117563,
1.4299136977637543,1.8350561017201164,
1.0569048513364727,,2.528016341189202
2.4299136977637548,,
2.1095785469043866,1.7737864449811935,
2.255272505103306,,
1.5305838596451178,,
,2.311032969791041,
0.9576072870600952,,
1.3469394626989906,,
,0.5910646070264992,
,1.2143138974243997,
,,1.823180687772236
2.0,2.1249278791105333,
2.1135088405328197,,3.136799810744238
2.07059193151204,3.092018470752797,3.5921767573958667
1.1818435879447726,,3.266960398597696
,,1.706675118700799
1.078061495458322,,
0.9132839017604184,,
,,2.1112457062718497
1.1787755720454105,,
1.900694774452398,,1.7388598020722
1.3028296695079309,,
2.329804522164069,,2.9512889372776723
1.5746908941510338,,
,,0.2787536009528289
,,2.27397300376955
1.2723058444020865,1.823474229170301,
,1.7737864449811935,
2.6085153365370357,2.7008767083769034,
,,3.1429601194490564
1.252853030979893,,
1.1398790864012365,,3.052655473039527
1.816373888752362,,
1.410608542568368,,
1.1139433523068367,,
1.9479236198317265,,2.326335860928751
,,1.456054626514418
1.7213983755215052,,2.87376513364169
,,2.3384564936046046
1.1760912590556811,1.414973347970818,
1.4065401804339552,,2.7513560997253936
1.867467487859052,,
0.8750612633917001,,3.051808294317091
,,2.7807492311035524
0.9684829485539352,,
,,1.9080722430212504
1.1473671077937864,,
,1.334453751150931,
0.3010299956639812,,0.7160033436347992
2.255706582582625,,
1.5866998016240492,,
1.5996647787884168,,
,,0.9149510611278816
0.4661258704181992,0.670245853074124,
1.624488362513449,,3.408973066385746
1.577491799837225,,1.4800069429571503
1.462637542572378,,
,,0.6719130124415871
1.7116385382323491,,3.2554895980755365
1.1580909731855595,,
0.670245853074124,,
0.414973347970818,,1.8375884382355112
3.545307116465824,3.255272505103306,
1.515343893088381,1.510545010206612,
0.5563025007672873,,
0.99563519459755,,2.64875021269802
1.6196358597190368,1.7085908451503438,1.649636617730435
0.5153438930883808,,
1.9132839017604184,,
,,1.954459602411555
1.5943925503754266,,2.0090257420869104
1.8877297972880305,,
,,3.391816923613249
1.3469394626989906,,
,,
0.3692158574101428,1.1583624920952498,
1.6592504687726608,,
1.3234583668494675,,
1.3692158574101427,,
1.0681858617461617,,
2.330413773349191,,
0.8388490907372553,,2.269979676645324
1.5651155098193763,,
0.8450980400142568,,1.6334684555795864
,,1.7881683711411678
2.079543007402906,,2.237040791379191
,2.184691430817599,
3.216942713067954,,
2.7032913781186614,,
,,1.919078092376074
1.0224283711854865,,2.579503500660207
-0.0287241512618947,,
2.290034611362518,,
1.410608542568368,,
4.068185861746161,,
,,2.522874402313803
1.3283796034387378,,2.7518177877368792
0.8682152209902959,,
1.390405156480081,,
1.1473671077937864,2.284656282788516,
,0.8573324964312685,
0.8750612633917001,,2.450249108319361
2.4608828150058275,,
1.7634279935629371,,
0.0681858617461616,,
2.4299136977637548,,
2.798650645445269,,3.643630306079753
1.390405156480081,1.6170003411208989,2.405645123036818
1.0224283711854865,,
2.322219294733919,,
0.9712758487381052,,
0.1760912590556812,,1.7160033436347992
1.57978359661681,,
,1.0546130545568877,
1.0224283711854865,2.087781417809542,
2.316159128107968,2.2805783703680764,
0.8450980400142568,,
,3.255272505103306,
2.3883321478572155,,
3.085172799583078,3.638489256954637,
1.7160033436347992,,
1.7213983755215052,,2.333094455888206
0.4771212547196624,1.5185139398778875,1.2787536009528289
1.2080649481473982,,
0.5314789170422551,,1.8926510338773004
1.965812953036603,2.054613054556888,
1.7309436934277358,,
,,2.149034267161249
1.869231719730976,,
1.801403710017355,,1.9304395947667
0.9728967844365444,1.7201593034059568,1.8920946026904804
,1.6226284261293251,
1.08278537031645,,2.052693941924968
0.3469394626989905,,0.6342353682893254
0.9637878273455552,,2.344981413927258
1.3469394626989906,1.7737864449811935,1.706675118700799
4.068185861746161,,
1.9355072658247128,,
1.3234583668494675,,2.992405487875
0.8692317197309762,,
0.5670263661590603,,
2.082426300860772,,3.333104540398589
0.8163738887523619,,
,1.717670503002262,
1.0224283711854865,,
,,2.4188065690947886
,,0.291701770729981
1.1931245983544616,,2.260786668654976
,,2.291701770729981
0.9712758487381052,0.5976951859255123,1.2055156231136976
0.8450980400142568,,
1.0026843129897294,,
2.0417754851734187,,3.5391840314070357
0.1473671077937864,0.3692158574101428,
1.0413926851582251,2.1903316981702914,
0.9082919562029194,,
1.424881636631067,,1.8727388274726688
1.816373888752362,,
1.8341026557127933,,
1.7255285985607878,,2.244978107397285
,,1.6989700043360187
2.203954376313984,,
0.3010299956639812,,
3.333946778463772,3.766353350642425,4.030006563804085
,2.0211892990699383,
,1.5563025007672873,
,2.3380578754197563,2.9331758812340807
1.5866998016240492,,
2.1488123486679678,,2.383720241482778
0.670245853074124,2.8691143269793757,
1.5996647787884168,,
1.1821292140529984,,
1.5352941200427703,,2.523486332343228
,1.6031443726201824,
1.4913616938342726,1.4471580313422192,
1.2405492482825995,,2.6920533650340808
-0.1536628878701947,0.1003705451175628,
1.530199698203082,,3.43123506524505
1.5440680443502757,2.0791812460476247,
2.0126685338963304,,
,,2.5563025007672877
0.6232492903979004,,
2.1939923198856883,,2.9341662909721022
1.670245853074124,1.8573324964312683,
0.7075701760979364,,2.5350408132511606
0.5185139398778874,,2.6483600109809315
0.8845121591903939,,
1.9819997141298784,,2.412275701935831
0.9712758487381052,,
1.2442771208018428,1.5976951859255124,
1.4831592097169797,,
,,2.26482962432968
1.816373888752362,,
,,0.8937617620579434
1.4756711883244296,,
0.670245853074124,,
1.1095785469043866,,
,1.1528995963937476,1.4903588576844036
1.7081701097877502,,
1.4299136977637543,,
,4.823474229170301,
,1.9712758487381048,2.7717087136871315
2.250420002308894,2.322219294733919,
-1.6020599913279625,,
,,1.796851749049887
1.9800033715837464,,3.057171441547266
,2.4983105537896004,
1.5888317255942073,,1.5670263661590604
1.462637542572378,2.101609617233111,
1.255272505103306,,1.975431808509263
0.9542425094393248,,
1.0791812460476249,1.591064607026499,
1.8085485512404056,,
1.3424226808222062,1.6232492903979006,
,,
0.6627578316815741,,2.3988077302032647
,,2.0788191830988487
1.3282572497312364,1.7698202577635922,2.15857958506748
0.7160033436347992,,2.52750101098112
2.390405156480081,,
1.7610327810233917,,
1.6127838567197357,2.7323937598229686,
2.105612359686785,2.100370545117563,
2.178169156566054,,
,1.503790683057181,
,2.3823773034681137,
2.472506328967893,,
1.1174038844163432,,3.023612712846853
,,3.456054626514418
,0.8573324964312685,
2.006893707947901,,2.902546779313991
1.7075701760979365,,2.7038929536325447
,0.8234742291703011,
2.091438321379873,,
,1.4014005407815442,
2.1095785469043866,,3.0240955305529496
1.2442771208018428,1.4313637641589874,1.7688230254496435
0.8920946026904804,1.255272505103306,
2.1382237283539167,,3.1101915929341946
2.405844752772304,,
0.7850235850456861,,
2.173186268412274,,
2.090610707828407,,2.60788374435699
,,2.653429606747574
0.8877297972880304,0.8350561017201162,
1.4668676203541096,,2.9354568807116097
-0.2328441339178195,-0.0457574905606751,
,,1.701567985055927
2.0342272607705505,,2.979457318097848
1.6965747917964733,,2.032064460224225
,,
1.250420002308894,,2.0576661039098294
1.797959643737196,,2.64738297011462
,2.534026106056135,2.785856364748424
0.9712758487381052,,
2.188200113824229,,
1.0492180226701815,,2.9740970037941312
1.413299764081252,,2.13640344813399
0.4771212547196624,1.3979400086720375,
2.05045709478573,1.7323937598229686,
1.93786879656386,2.0211892990699383,2.1784877310473982
1.4471580313422192,1.9294189257142929,
,,
0.4313637641589873,,2.686546899063006
1.765668554759014,,2.831677849191467
0.5453071164658241,,
0.8463371121298052,,1.291701770729981
1.5996647787884168,,2.7423849565286607
2.010299956639812,,2.806519134080705
1.7160033436347992,,
,,
,,3.1573978306460515
0.9444826721501688,,2.3725438007590705
0.6720978579357175,,2.64738297011462
2.3188977146274867,,2.243534101832062
,,
1.1580909731855595,,
0.9294189257142929,,2.0354297381845483
,,1.5430966207700851
1.860577551244416,,
0.9132839017604184,,
0.9444826721501688,,
0.9242792860618816,,
0.8129133566428556,,2.0170333392987803
1.072507235528804,,
1.600685447840824,,1.902361933819861
,,2.959041392321093
,2.118595365223762,
1.2442771208018428,,
1.5595475555804343,,
,,0.8231806877722362
2.410608542568368,2.296665190261531,
,1.6354837468149122,
1.3082356338588093,,
1.173186268412274,,2.2915908256580013
1.662608999628849,2.0412582962869887,
1.2695129442179165,,
1.5866998016240492,,
1.2329961103921538,,2.373279893277496
1.6812412373755872,,2.4668676203541096
0.6334684555795865,,2.326335860928751
0.3692158574101428,0.255272505103306,
2.9622130183603903,3.4771212547196626,
4.390405156480081,,
,,1.3251255262169308
,1.534026106056135,
1.0,1.146128035678238,
1.5733358400660675,,
2.552485701092948,1.7867514221455612,
0.6122539060964373,,
1.7671558660821804,2.9419087743655994,
1.1473671077937864,,
2.1473671077937864,2.2329961103921536,
0.568201724066995,,1.72916478969277
,2.3521825181113627,
2.831613855309099,,3.3003019424918985
2.1473671077937864,,
0.3010299956639812,,1.3242824552976926
0.9030899869919436,,
0.8463371121298052,1.334453751150931,
2.2723058444020863,,
,1.6334684555795864,
,1.954242509439325,
0.5563025007672873,,1.4471580313422192
2.1382237283539167,1.7558748556724917,2.291701770729981
1.868215220990296,,
1.235528446907549,,1.2695129442179165
1.3082356338588093,,
1.6614719287666189,1.7070589406275962,2.5231713611606623
1.585381759696136,,1.9410366294421229
0.7781512503836436,,
,,1.701567985055927
,,1.0240955305529496
1.410608542568368,,
,,1.1947917577219247
1.5786392099680724,,2.651762447380111
0.7481880270062004,,2.2030328870147105
2.3258644366153463,,
1.2723058444020865,1.2966651902615312,
4.92551835817743,,
1.4082399653118496,,
0.8388490907372553,,1.167317334748176
1.3692158574101427,,
1.7309436934277358,,
1.155336037465062,,2.702171950857711
1.2187979981117376,,
2.647969458362972,2.73814608871206,
0.4483971034577676,2.459392487759231,
1.5440680443502757,,2.300812794118117
2.389343311252078,,3.653656232494785
2.027227254067255,,
1.1787755720454105,,
1.499549625905149,,
1.3979400086720375,,2.475816413031318
4.997604787460454,,
,,
2.187520720836463,,
1.260071387985075,,2.039414119176137
1.8535156967569288,,
1.7323937598229686,2.5943925503754266,
-0.0969100130080563,,2.032215703297981
1.1095785469043866,,
1.307496037913213,,
1.9976047874604543,1.8785217955012063,
,1.4593924877592308,
2.1398790864012365,,1.724275869600789
1.1821292140529984,,1.7388598020722
1.3636119798921444,,
2.0126685338963304,,
0.5314789170422551,,2.35314654621398
2.658135463071869,,
2.0860037056183818,,2.637989780784685
0.0,,
2.1952906601109694,2.061452479087193,
0.6901960800285137,,0.7160033436347992
1.276461804173244,,2.526339277389844
1.0681858617461617,,
0.8864907251724818,,
,1.6532125137753435,
,2.3624824747511743,
1.3031960574204888,,2.688330818112266
0.670245853074124,,
1.2695129442179165,,2.907733736997656
,2.9445813642269263,
1.5996647787884168,2.1997551772534747,
1.9478550673782151,,
1.4831592097169797,,
1.1095785469043866,,
1.7543483357110188,,2.7561033715851053
2.4184338800803244,,
,,2.146128035678238
1.130333768495006,,2.9002578584377776
0.6627578316815741,,1.235528446907549
,0.3692158574101428,
1.894260664446988,,
1.515343893088381,,
1.335858911319818,,
0.6720978579357175,,1.9969492484953808
1.51627088272934,,
-0.2448877336049288,,0.3492775274679552
0.9208013818256542,,
1.0490977995230053,,
1.1473671077937864,,1.634124451552187
0.7481880270062004,,2.2030328870147105
1.1095785469043866,,
2.232538717530599,,
1.5866998016240492,1.4313637641589874,
2.7811088357294667,,3.594933699846281
1.0791812460476249,,2.82033284489941
1.3469394626989906,0.94546858513182,
1.0413926851582251,,
1.5595475555804343,1.760422483423212,
0.724275869600789,,1.2787536009528289
2.0175758683910745,1.94546858513182,
2.097569639431371,,
,,2.7830634645642536
0.380211241711606,,0.6434526764861874
1.2278867046136734,,2.7396514437093766
1.3944516808262162,,2.4429498695778618
1.6020599913279625,,
0.724275869600789,,
1.697519937940786,,
1.6334684555795864,,2.520483532740792
2.3258644366153463,,
1.5390760987927767,,
1.3617278360175928,1.8195439355418688,
0.9208013818256542,,
1.354108439147401,,2.941610802153634
-0.0625824185228622,0.6170003411208989,
1.271841606536499,,1.8785217955012063
,,1.2739730037695494
2.208379540324793,,
1.2528772925637603,,
0.5835388192543521,,
0.7160033436347992,,2.172310968521954
1.530199698203082,,2.26528962586083
2.646109521978848,,
1.9938769149412112,,3.453180689702094
1.4483971034577676,,
1.841359470454855,,2.335257256434532
1.0180635657830364,,
1.2174049744015416,,1.799557642425812
1.1760912590556811,,
,0.5105450102066121,
1.860577551244416,,
,2.110185527411162,
1.4471580313422192,,
1.1430148002540952,,2.7294887691795613
0.5092025223311029,,
1.2219355998280053,,
2.4914317356829696,,3.320273023422519
1.7853298350107671,,
1.1095785469043866,,
0.8463371121298052,,
0.8692317197309762,2.1760912590556813,
1.8316138553090988,,
1.3424226808222062,,
1.3617278360175928,1.662757831681574,
1.4299136977637543,,
2.9800488450649567,,3.061150780928549
1.0969100130080565,,1.7193312869837267
,1.7781512503836436,
,,1.8976270912904416
1.2041199826559248,2.0791812460476247,
1.775756037844098,2.1473671077937864,
,,3.1502389682996204
0.9132839017604184,0.255272505103306,
1.0969100130080565,,
2.4099331233312946,,
,,2.592731766393962
0.9595183769729982,,1.582971929104806
1.4727564493172125,,2.351409751925439
2.185457157401926,,2.765918034806236
1.1335389083702174,,1.8790958795000727
1.2041199826559248,1.5563025007672873,
1.2442771208018428,,
1.3234583668494675,,
,,0.9906717750659998
,-1.744727494896694,-1.4559319556497243
0.6883219167199193,,
1.3654879848908996,,1.3891660843645324
1.7116385382323491,2.8441042306975133,
1.7213983755215052,2.219060332448861,2.1837963734204613
,,0.6341244515521873
1.847572659142112,,2.640779477344857
0.9132839017604184,,
1.390405156480081,,
,,
4.931508721866617,,
1.563243701140398,,
0.8810992183890173,,
0.8388490907372553,,2.945419342603063
1.0459094670350093,,
1.0224283711854865,,
,,1.124210683436217
,1.6720978579357175,
1.3673559210260189,,2.148602654806093
1.1920375027132477,,
2.185457157401926,,
1.0,,0.9030899869919436
1.4859066008218458,,
1.238154035743054,,
1.0253058652647702,,2.210318519826232
,1.9365137424788936,
1.7494270991217489,,
,0.6866362692622935,
,,1.671913012441587
0.9574875642524718,,
0.1821292140529984,,
2.318605864055056,,
1.701654317325748,1.3692158574101427,
2.298634783124436,,
1.252853030979893,,2.914818980447473
-0.9913998282380824,,
2.1473671077937864,,
1.3234583668494675,,
1.9532763366673045,,
2.105612359686785,2.2375437381428744,
1.2278867046136734,,2.559188189004776
,,0.7388598020722001
1.9924651478080435,,
1.3234583668494675,,
1.390405156480081,,
2.201724770116379,,
,,1.9084850188786493
1.100370545117563,,2.398981066658131
,0.2380461031287954,
,3.215901813204032,
1.665580991017953,,2.8521749044203037
,2.0161136663589083,
,,1.7388598020722
1.4785664955938431,,2.730701544281845
0.6627578316815741,,2.8361341494653747
,,1.1139433523068367
0.0791812460476248,,2.4523998459114416
2.903089986991944,2.522874402313803,3.5228783109856385
,,2.084093460228235
1.4483971034577676,,
2.2640855141553957,,
1.3451069938119355,2.7764105888073423,1.7026476294177555
0.6479694583629718,,
0.7671558660821804,,
1.2723058444020865,1.9084850188786493,
0.6720978579357175,,3.1252209363165644
2.290902332893745,,
1.0767860335080792,1.255272505103306,
0.9637878273455552,,2.956408571195833
2.023252459633712,,3.3407612917626723
1.3944516808262162,,2.739967696759509
1.6211762817750353,,2.534026106056135
1.6020599913279625,,
,2.773786444981193,
1.894260664446988,2.6444385894678386,
2.0681858617461617,,
1.1821292140529984,,
0.8388490907372553,,
1.691435152144062,,
0.6720978579357175,,0.8325089127062363
0.9344984512435676,,
1.3747483460101038,,2.3494717992143856
1.0681858617461617,,
2.5397032389478253,,
0.380211241711606,,
1.431797841638306,,
,1.669037800885156,
2.3713819191666503,2.3416323357780544,
1.4661258704181992,,2.6790915970687106
2.374381698050882,,2.8903092168999485
2.1903316981702914,,
0.6812412373755872,,
1.1931245983544616,,2.6484575942825224
1.5786392099680724,,3.170672340315576
,,1.796851749049887
0.7075701760979364,,1.675778341674085
1.2576785748691846,,2.67052415778208
1.1139433523068367,,
1.271841606536499,,2.0073209529227447
1.7402837196818792,,
2.0638210563437114,,
1.9976047874604543,,2.4677930297856623
1.7678976160180906,,3.227398169873655
-0.1536628878701947,,1.5799509963019671
2.4496619520211915,,2.975109069862076
2.0594119374386564,,
1.4661258704181992,,
0.9444826721501688,,
1.3469394626989906,1.4014005407815442,
1.4299136977637543,,
2.367970581043394,,2.845098040014257
2.335798783325365,,2.500606922065987
1.52283531366053,2.0,
1.3306369514765912,,1.8737651336416896
0.2723058444020864,0.6170003411208989,
0.8864907251724818,,2.1055101847699738
,,0.6719130124415871
1.0791812460476249,1.9242792860618816,
0.9493900066449128,,
2.309204179670408,,3.3578014905028684
2.333003684755698,,
,,0.7781512503836436
1.4483971034577676,,
,,0.8431517687028562
0.5453071164658241,,
0.6901960800285137,,2.3684728384403617
1.3469394626989906,1.7993405494535817,
2.185457157401926,2.3308194664958366,
3.846337112129805,,
,,0.7688230254496434
2.979092900638326,3.036748629172202,
1.380211241711606,,2.101059354908116
1.9315087218666176,,2.967480112404066
3.7659165457982855,3.8016321176570633,4.194976695619126
,,1.706675118700799
,,1.4315808571312176
2.1363717234923234,,
1.5314789170422551,,
1.6122539060964374,,
2.052262895648993,,
1.4661258704181992,,
1.4299136977637543,1.8680563618230417,
1.1821292140529984,1.534026106056135,
1.5595475555804343,1.3692158574101427,
,1.534026106056135,
1.2723058444020865,,
1.2787536009528289,,2.53198955141255
1.701654317325748,,
0.5797835966168101,,2.06595298031387
1.1473671077937864,,
,-0.1592667653881933,-0.2564902352715702
0.8260748027008264,,2.3001605369513523
,,1.5927317663939622
2.2218574354191367,,3.374137705681351
,,2.149034267161249
2.121264305229581,,2.6999417360418305
,-1.1029229967905798,
2.3483048630481607,,
1.9819997141298784,,
1.4661258704181992,,
,,0.1522883443830564
1.271841606536499,,2.6403820447095683
,,1.7388598020722
1.5440680443502757,,
0.7671558660821804,,
,,1.6180376316587324
,,2.5839578420864573
1.4821586954112764,,
0.9493900066449128,,1.9556877503135053
1.3783979009481375,,2.785543369956593
1.5390760987927767,,2.2895889525425965
2.1934029030624176,,2.948559662108962
3.2078766215919723,,
2.758381941774675,3.485976818715875,
0.6812412373755872,,2.1883659260631485
1.434568904034199,,2.600537294364469
1.863322860120456,,3.5611133146522547
1.8536982117761744,,3.060320028688285
1.2041199826559248,,
,4.954242509439325,
2.024834440951365,,
1.5550944485783191,,3.039414119176137
2.1631613749770184,,2.598133645813238
1.7136081310952536,,
1.8639173769578603,,
2.6852937813867843,,2.7797407511767407
,,1.5927317663939622
0.6989700043360189,,2.1489109931093564
0.7481880270062004,,1.9508514588885464
1.5733358400660675,,
1.1583624920952498,,1.890979596989689
0.7708520116421442,,2.344785122632661
,,4.959714742371813
2.790052821214746,3.5096500318200814,
0.8061799739838872,,2.8663464227496016
2.1806992012960347,,3.326581618446525
0.9712758487381052,,
1.7481880270062005,,
1.7566056837488722,,
2.0,3.380211241711606,
,,1.796851749049887
2.165095874754218,,
1.6479694583629718,,
0.7403626894942439,,1.3560258571931227
1.2986347831244356,,
,1.2966651902615312,
1.3469394626989906,,1.3708830167776058
2.0569048513364727,,3.5192371614969837
1.8668778143374989,,2.4446692309385245
0.8463371121298052,,
1.4483971034577676,,
1.7309436934277358,3.249442961442582,
-0.9913998282380824,,-0.3746875490383261
1.2648178230095364,,2.5496162395190853
,1.534026106056135,
1.2227164711475833,,1.7752462597402363
,,
3.435525851498655,,
1.173186268412274,,2.426673888021373
0.907034952483417,1.675228253593064,
2.714589587969231,2.3380578754197563,
0.9132839017604184,,
1.4082399653118496,,2.2174839442139063
,,1.9493900066449128
,1.510545010206612,
2.3136563466180315,,2.7377490738915573
,1.9030899869919435,
1.8316138553090988,1.99563519459755,
,0.7781512503836436,
1.8535156967569288,,
1.6479694583629718,,
2.182129214052998,,
1.7213983755215052,,
-0.2218487496163564,-0.6478174818886375,
0.9712758487381052,,
1.6809697184658972,2.17435059747938,
1.5211380837040362,,2.2612628687924934
1.3692158574101427,,
,1.6354837468149122,
,1.669037800885156,
1.6479694583629718,,
,1.4313637641589874,
1.2787536009528289,,2.53198955141255
,1.7671558660821804,
1.2013971243204515,,2.707058940627596
1.812913356642856,2.6232492903979003,2.7558748556724915
1.2442771208018428,,
1.775756037844098,,
0.8195439355418687,,1.6532125137753435
,0.7867514221455612,
-0.5114492834995558,,
1.390935107103379,,2.75495958772171
0.7671558660821804,,
1.4661258704181992,,
0.17539583139403,0.7698202577635922,
1.2227164711475833,,1.7752462597402363
,,1.7626785637274365
1.410608542568368,,
,3.018700498666244,
1.591064607026499,,
1.499549625905149,,
-0.0969100130080563,,2.541953474458236
1.3463529744506386,,2.4222614508136027
1.6989700043360187,1.591064607026499,
2.4848263690844425,3.125676410382333,3.570912283331376
0.8633228601204559,,1.952792443044092
,2.194097885578952,
1.0413926851582251,,
1.6122539060964374,,
2.792461731346951,,
1.6592504687726608,1.91803033678488,
4.92551835817743,,
1.6680689338198496,,
,,3.7388598020722
1.285557309007774,,1.9469432706978256
1.1760912590556811,,
,,1.8512583487190752
1.3222192947339193,1.568201724066995,
1.9618954736678504,,2.7813963051967905
1.2143138974243997,,1.9149510611278813
0.7481880270062004,,2.7155855518931964
-0.1970143086649913,,
1.1139433523068367,,
1.2143138974243997,,
0.9822712330395684,,
2.0017337128090005,,3.054919327123814
1.2183280235947205,,
1.824060717418653,2.8573324964312685,
1.9374175814771373,,2.4735453586747536
0.9658129530366032,2.413936485917296,
2.479805567709392,,
1.7972675408307164,,2.3525683861793087
2.0051805125037805,,3.334011188761349
1.6570175873403687,3.093491727010932,
1.021189299069938,,
0.6720978579357175,1.3979400086720375,
2.167521139432119,,3.408973066385746
0.9194442104652368,,1.2685101080680472
0.9242792860618816,,1.8920946026904804
1.3282572497312364,,
2.1719895827021185,,
0.5733358400660676,,1.579503500660207
2.5289167002776547,,
3.1661369327403115,3.616622529455572,3.944334838813091
2.7799930907873525,,
1.4483971034577676,1.6170003411208989,
1.085219201044942,,
1.5733358400660675,,
1.0224283711854865,,
1.5224442335063195,,
2.2329961103921536,,
0.7708520116421442,,1.4014005407815442
2.624488362513449,,
-1.0,-1.00436480540245,-0.7619538968712046
1.8341026557127933,,
2.4881416102359197,,
2.548192804703312,2.9094490469812664,
,,3.456054626514418
2.0893751608160995,,
1.469822015978163,,2.693023067923694
1.1139433523068367,1.2041199826559248,
-0.6530605373010094,,
2.334373318799205,3.3533140687557244,
1.1095785469043866,,
1.3082356338588093,,
1.1583624920952498,,1.890979596989689
1.606381365110605,,2.2821687783046416
2.4831592097169795,,
1.535053482100271,,
1.4983105537896004,,
0.9444826721501688,,1.6211762817750353
1.2253092817258628,,1.582063362911709
1.1760912590556811,,
0.380211241711606,,3.0236639181977933
-0.5228787452803376,,0.5185139398778874
,0.0791812460476248,
1.173186268412274,,2.426673888021373
1.7671558660821804,,
1.6581354630718694,,
1.499549625905149,2.100370545117563,
0.1139433523068367,,1.9003671286564705
0.1095785469043867,0.5774917998372253,1.522150692108255
0.4771212547196624,,1.4638929889859074
1.1583624920952498,,2.4513258084895195
1.5781943746863965,,
1.271841606536499,,
1.6592504687726608,,
,1.338057875419756,
1.2227164711475833,,2.52750101098112
0.7481880270062004,,1.7226339225338123
1.5185139398778875,,3.553761698390004
1.0224283711854865,,
1.1821292140529984,1.3692158574101427,
1.8810992183890167,,2.136799810744238
,,
0.1139433523068367,,1.0453229787866574
,,2.501216785272612
-0.0287241512618947,0.1003705451175628,
1.2442771208018428,,2.7326108527951987
1.7781512503836436,,
1.2648178230095364,,2.5496162395190853
1.422294300893563,,
1.5987905067631152,,2.570776368794748
1.5733358400660675,2.184691430817599,
1.8639173769578603,,
0.879090142414862,,1.6790915970687104
,1.9700212658283656,
2.2425414282983844,,3.865879442568767
1.701654317325748,,
1.4483971034577676,,
1.0791812460476249,,
1.036668810300097,2.675063091209669,
1.3904051564800808,1.5976951859255124,1.9351544472161684
4.147367107793786,,
1.7411515988517852,,
2.060697840353612,2.230448921378274,
3.4303053302821365,,
0.7403626894942439,,1.3031960574204888
1.1616075469083966,0.9084850188786496,1.405645123036818
,1.6434526764861874,1.4471580313422192
0.9712758487381052,1.255272505103306,
2.9206450014067875,,
2.1760912590556813,,
0.7781512503836436,,
2.355987591676388,,2.939084740844601
1.4582373582051489,,
2.144885418287142,,1.9849771264154936
,,1.9493900066449128
0.9344984512435676,,1.2624510897304295
1.0086001717619175,,2.439332693830263
1.7365717784361618,1.5957166199434245,2.12548614538646
1.92551835817743,,
0.6989700043360189,,1.6020599913279625
,,2.3989117403778493
4.147367107793786,,
,1.6866362692622934,
,2.2420442393695508,
0.8450980400142568,,
0.6434526764861874,,1.765668554759014
1.9912260756924949,,
0.3117538610557543,,
1.0224283711854865,1.9084850188786493,
0.7923916894982539,,2.612253906096438
,1.9365137424788936,1.634124451552187
1.4771212547196624,,
1.899273187317604,,2.672836454171397
1.2986347831244356,,2.27397300376955
2.624488362513449,,
0.2723058444020864,0.6532125137753437,
,,2.665890421102461
1.745855195173729,,3.627898155557663
0.6232492903979004,,2.443888546777372
,1.7323937598229686,
0.4661258704181992,,
1.58814504249823,,
1.8055008581584,,2.8990540679981707
2.379303704408667,,
1.4661258704181992,,
2.271841606536499,,
-0.2416180582253246,1.0490628897941248,0.7133056975998121
0.1760912590556812,,2.004321373782642
1.3469394626989906,2.369215857410143,
1.6592504687726608,,3.01268751488372
1.657055852857104,,2.583425500406507
1.0530784434834195,,3.419344333673843
,,2.149034267161249
1.4593924877592308,,
1.130333768495006,,
1.64738297011462,,1.3747483460101038
1.4831592097169797,,
1.0681858617461617,,
1.1095785469043866,,
1.211200662000257,,
2.201285531811267,,3.830615306093279
,,1.7788744720027396
1.6122539060964374,,2.4439901151130377
2.165095874754218,,
1.894260664446988,2.4831592097169795,
1.0,,
2.101609617233111,,
0.8260748027008264,,1.5024271199844328
1.2723058444020865,,
1.3881243017264702,,
1.758381941774675,,
2.410608542568368,,
1.5866998016240492,,
1.7972675408307164,,2.3525683861793087
2.2010856316906446,,
0.7323937598229685,,1.5477747053878226
2.9529812256951424,,
,,1.3053513694466237
1.904715545278681,,3.171170434901621
0.6720978579357175,,1.7427251313046983
2.795727118774718,,4.136427398703207
1.0224283711854865,,
1.4517864355242902,,2.6424645202421213
1.740362689494244,,
1.3424226808222062,,
0.9712758487381052,1.1846914308175989,
,1.4313637641589874,
1.515873843711679,,2.6655809910179533
,,1.1139433523068367
1.08278537031645,,1.714329759745233
2.336061281065059,,
1.0224283711854865,,
1.740362689494244,2.303196057420489,
1.5305838596451178,1.823474229170301,
0.6989700043360189,,1.6232492903979006
,1.7708520116421442,
0.8692317197309762,,1.944975908412048
1.5733358400660675,1.9628426812012425,
0.8692317197309762,1.568201724066995,1.813580988568192
3.369215857410143,4.158362492095249,
,,2.2055156231136976
,,3.41217988740631
1.8499412363986305,,2.748977956791306
1.8675264111997432,,
,,1.7634279935629371
,,2.456054626514418
0.5797835966168101,,
1.5866998016240492,1.4313637641589874,
1.3502480183341627,1.9590413923210936,
,,1.990671775066
0.9712758487381052,,
0.8163738887523619,,1.990671775066
1.8481891169913989,,3.077149794716969
1.1760912590556811,,1.5440680443502757
,,3.633666872725386
1.9763499790032737,,3.356675855658637
2.4379090355394983,,2.27207378750001
1.6821450763738317,,2.781970673912552
,,2.0551297642929183
1.410608542568368,,
1.7234556720351857,,2.4983105537896004
1.307175012040345,1.792391689498254,
2.5153438930883807,,2.871485367346791
,1.7781512503836436,
2.355987591676388,,
1.7323937598229686,1.0791812460476249,
0.5185139398778874,,2.7415455167762093
1.2442771208018428,,
0.7781512503836436,,
1.3617278360175928,,2.3912880485952974
1.255272505103306,,1.9339931638312424
1.499549625905149,,
,1.5563025007672873,
2.454863145707,,
1.6422171294738803,,
2.0077051143647804,,
1.775756037844098,,
,1.8452221064290133,
2.241372130158436,,
,,1.944482672150169
,1.9628426812012425,
0.5996647787884168,,
0.9546765869186437,0.7323937598229685,0.9149510611278816
,,
2.076786033508079,2.42845877351558,
1.3263358609287514,,2.3778524190067545
,,3.4762517960070336
4.612253906096437,,
1.209515014542631,,3.2843179154306097
1.5595475555804343,,
,1.8785217955012063,
,,3.0
-1.589391457431632,-0.390619055749293,-0.6364162219638936
0.6532125137753437,,1.82865989653532
0.0,,1.167317334748176
2.2049064289025684,2.994844849553398,
1.545307116465824,,2.876032995097512
2.6756408849608304,,
1.390405156480081,,
1.2430380486862944,,2.4583356259919475
1.1702617153949575,1.739572344450092,1.8887409606828929
1.3053513694466237,,3.067033639842262
2.0755469613925306,2.4409090820652177,2.8615344108590377
1.235528446907549,1.667452952889954,
,1.6294095991027189,
,2.650598898172657,
1.7860412102425542,,1.7528164311882717
1.5866998016240492,2.6898414091375047,
1.806179973983887,,
,,2.8652695437691995
1.57978359661681,,
2.0770043267933502,,3.334815512506212
0.895422546039408,,
1.3234583668494675,,
2.105612359686785,2.100370545117563,
1.5275783495053925,,2.455459294711937
-1.744727494896694,,
1.410608542568368,,
,1.255272505103306,
1.5305838596451178,,
2.07059193151204,3.092018470752797,3.5921767573958667
,0.255272505103306,
2.4881416102359197,,
1.545307116465824,,2.26482962432968
1.6479694583629718,,
1.2723058444020865,1.2966651902615312,
,,1.0698530211136246
,,0.9801215927326916
,1.0606978403536116,
1.5440680443502757,,1.9030899869919435
,,3.633666872725386
0.6720978579357175,,1.5024271199844328
1.100370545117563,,1.8926510338773004
2.4164907247943224,,
1.1821292140529984,,
1.5092025223311027,,2.791620482692814
,-0.0457574905606751,
1.5786392099680724,,3.0692980121155293
1.9822712330395684,,
0.9684829485539352,,
1.8675264111997432,,
0.3692158574101428,,
1.1760912590556811,,2.424881636631067
1.691435152144062,1.9795483747040952,
0.8864907251724818,,1.7589118923979734
1.7309436934277358,,
0.8692317197309762,,1.0969100130080565
1.3692158574101427,,
1.5599066250361124,,3.4835872969688944
1.0224283711854865,,
0.7850235850456861,,
1.2648178230095364,,2.249931756634195
1.636387585813157,,
0.7583819417746753,,
1.9315087218666176,,
,1.821120323776824,
,,2.506545618777679
0.9777236052888476,,
,,2.7388598020722004
,1.2237554536572413,
0.5996647787884168,,
1.0791812460476249,,2.5162708827293403
,1.1357685145678222,
,1.7024305364455252,
0.0681858617461616,0.8573324964312685,
1.951823035315912,,2.934649922900711
,2.300595483889964,
0.7923916894982539,,2.339053735709139
2.3541084391474008,,3.587037117743456
2.0549575960124065,1.823474229170301,
1.6756408849608302,,
-0.4546928835341759,0.527114111639805,
1.3469394626989906,1.7737864449811935,1.706675118700799
1.7924617313469506,3.083287569327283,
1.701654317325748,,
0.041392685158225,,1.575187844927661
2.05045709478573,,
0.414973347970818,1.6434526764861874,
0.670245853074124,,1.3708830167776058
0.7708520116421442,,2.185825359612962
2.0594119374386564,,
1.2986347831244356,0.8573324964312685,1.7688230254496435
0.670245853074124,,1.3708830167776058
,,1.517011052455844
1.306231964874957,,
1.0,1.3617278360175928,1.2787536009528289
2.097569639431371,2.503245771465113,
1.6232492903979006,2.492760389026837,
0.0681858617461616,,
1.5866998016240492,,
4.599664778788417,,
2.0594119374386564,,
2.1122697684172707,,2.6582976503081897
1.1821292140529984,,1.972943008105568
,,1.9084850188786493
,3.018700498666244,
4.252877292563761,,
,,1.0698530211136246
,1.8115750058705933,
2.011147360775797,,
,,2.561214714947897
,1.6354837468149122,
1.6122539060964374,,
,,2.412275701935831
,,0.8937617620579434
2.55509444857832,,
1.8864907251724816,,
0.0504570947857299,0.48572142648158,
2.2295538639811365,,
1.846337112129805,,
0.6232492903979004,,1.82865989653532
-0.638272163982407,,0.5797835966168101
1.2442771208018428,1.4313637641589874,
,2.130333768495006,
,0.7781512503836436,
1.6148972160331343,,3.220395778231596
0.8195439355418687,,
,2.1009905230699646,
1.624488362513449,1.8115750058705933,
1.998695158311656,,2.381656482585787
2.0580462303952816,,3.0420239272488674
3.846337112129805,,
1.7924617313469506,,
1.660917628140124,,
1.701567985055927,,2.115943176939055
0.6020599913279624,,0.5185139398778874
1.1181787186663044,,
0.2304489213782739,,1.8573324964312683
1.5314789170422551,1.869231719730976,
1.9546765869186435,,
,,2.004321373782642
1.1174038844163432,,
1.4299136977637543,1.8350561017201164,
4.636387585813156,4.888740960682893,
2.17539583139403,,
,,2.437829806408219
1.3234583668494675,,
1.757169331694539,,2.975776189242501
,0.5774917998372253,
1.130333768495006,,2.100370545117563
0.7016543173257481,0.9365137424788932,
,,
1.380211241711606,,
1.5866998016240492,2.1690863574870227,
0.8920946026904804,,2.6942541120252783
1.4899584794248346,,
0.8633228601204559,,2.6483600109809315
1.2143138974243997,1.670245853074124,
0.7168377232995244,,
0.0,,
1.636387585813157,,
0.255272505103306,,1.8591382972945307
,,2.3324384599156054
1.0224283711854865,,
4.775756037844098,,
0.2787536009528289,,
1.410608542568368,,
2.024834440951365,,
0.3424226808222063,,1.7664128471123994
1.4483971034577676,,
2.087781417809542,,3.2303211689190783
1.146128035678238,1.4913616938342726,
2.603479981788932,2.8907562519182184,
2.0569048513364727,,
1.9882047777750764,,
1.0319736890917168,,1.796851749049887
0.9542425094393248,1.1760912590556811,
0.670245853074124,,
1.5658478186735176,,3.0681116170273035
1.839037873388306,1.91803033678488,
1.1473671077937864,,2.069853021113625
1.211200662000257,,
0.380211241711606,,2.544316141747428
1.146128035678238,1.4913616938342726,
4.109578546904387,,
2.585381759696136,2.8175653695597807,
1.5866998016240492,,
0.691435152144062,,
1.3159703454569178,,2.6269559514354475
1.5786392099680724,,3.0692980121155293
1.624488362513449,,
,,1.5927317663939622
,2.537819095073274,
1.4885507165004443,,2.420945405921972
0.6989700043360189,,1.6232492903979006
,,1.864511081058392
2.1887597929520117,,
2.1249278791105333,2.4771212547196626,
1.1473671077937864,,
1.5996647787884168,,
1.740362689494244,2.8981764834976764,2.954724790979063
,,1.7634279935629371
1.743597555461025,2.0277409081565865,
0.900694774452398,,1.501216785272612
1.1095785469043866,,1.5927317663939622
-0.5228787452803376,,2.3896975482063856
1.9432471251378616,1.255272505103306,2.4252406791001984
1.2442771208018428,,2.136799810744238
1.2695129442179165,,2.170261715394957
,0.90655051910145,
,1.7024305364455252,
,,1.405645123036818
2.076786033508079,,
,1.673665876245702,
2.698448538015329,,3.4363057974508537
,1.209515014542631,
1.7782185608119152,,
,0.5105450102066121,
2.2833012287035497,,
2.2377949932739227,,2.8776592441116087
,2.300595483889964,
4.298634783124435,,
0.6989700043360189,,1.6020599913279625
1.4831592097169797,,
1.80057962156913,,
0.5880138555218803,,
2.2833012287035497,,
1.136720567156407,,1.9836262871245345
2.551059445354916,,
2.0681858617461617,,
3.117403884416343,,
2.343727550147471,,
2.344647665919406,,
2.076786033508079,,
4.147367107793786,,
1.3443922736851108,,2.542451947375977
1.0969100130080565,1.730782275666389,1.568201724066995
1.2986347831244356,,
0.414973347970818,,2.307923703611882
,1.984437294796076,
,1.7323937598229686,
0.7708520116421442,,2.344785122632661
0.4661258704181992,,
1.1821292140529984,2.1942922815519728,2.27397300376955
,,2.9065989867631155
0.5394775728051002,0.8115750058705934,1.796851749049887
1.2695129442179165,,2.907733736997656
1.3234583668494675,,
4.448397103457768,,
2.128883702099773,,
1.2227164711475833,,2.8558824300360355
1.7371926427047373,,3.365207100231823
3.2723058444020863,,4.004351472357192
0.6232492903979004,,2.443888546777372
1.5843312243675307,,3.456198964659237
2.566496415535762,,
,2.3725438007590705,
,,1.869231719730976
,,2.52723021763753
2.093491727010932,,
0.568201724066995,,2.539201599294128
,,2.1112457062718497
2.223521899211224,,
1.6263403673750425,,0.6627578316815741
1.7791489807414371,,
2.238447577141119,,
0.1760912590556812,,1.5954962218255742
1.701654317325748,,
2.0077051143647804,,
0.8808135922807914,,2.0472748673841794
1.3136985295603114,1.6668922110665363,
1.7160033436347992,,
2.15454569242091,,
0.5797835966168101,,1.9503648543761232
0.9493900066449128,,
0.9132839017604184,,
,-1.3872161432802643,
2.0310042813635367,,2.4212747912103465
-1.1191864077192086,,-0.2549252084179425
1.1473671077937864,,2.1837963734204613
1.2723058444020865,,2.2159810567918625
1.354108439147401,,
1.5092025223311027,,2.888179493918325
0.9294189257142929,,2.6476763132408707
,,
,0.2095150145426309,
1.8512583487190752,,2.100370545117563
1.8675264111997432,,
3.767155866082181,,
2.3965654651848998,,
1.9786369483844743,,3.0609621130938325
,,2.7830634645642536
,,1.8937617620579432
1.6122539060964374,1.9712758487381048,
2.0051805125037805,,3.334011188761349
0.6901960800285137,,1.8904210188009145
1.1095785469043866,,
1.3469394626989906,,
1.9995654882259823,,2.6893976628212823
1.4299136977637543,1.9876662649262744,
1.7402837196818792,,
1.0413926851582251,1.2787536009528289,1.7160033436347992
1.6532125137753435,2.0791812460476247,
0.7671558660821804,,
1.359835482339888,,2.755951041004132
,1.7160033436347992,
0.4831592097169795,0.9876662649262749,
0.5394775728051002,,
,2.696129132976552,
2.389343311252078,,3.653656232494785
0.670245853074124,,
0.8254261177678232,1.919078092376074,2.049218022670181
2.208064948147398,,
-1.0362121726544449,,-0.6216020990518624
1.845098040014257,,
1.5595475555804343,1.7466341989375789,
1.1985196302411678,,
0.4913616938342727,,1.8709888137605752
0.2041199826559248,,2.692582562274909
2.1172712956557644,,3.660903405996723
0.3904051564800809,0.401400540781544,
2.752132992497674,,
1.9268567089496924,,2.5596672783880576
1.7782185608119152,,
,2.018700498666244,
,,0.291701770729981
1.6122539060964374,,2.0240955305529496
1.6387288016280592,,
2.4213324079601413,,
2.024074987307426,,3.2890981990566166
1.7032036503732757,,2.7433787902999263
,,2.7802524872304253
1.7664128471123994,,2.278524964737018
1.0681858617461617,,1.5927317663939622
0.4771212547196624,1.3979400086720375,
1.6138418218760693,,2.345961541813141
1.6294095991027189,,2.87742894078822
0.6901960800285137,,2.3242824552976926
1.1616075469083966,0.9084850188786496,1.405645123036818
1.1643528557844371,,2.380211241711606
1.1821292140529984,,
0.8976270912904415,1.3138672203691537,
,2.2375437381428744,
1.4913616938342726,,
1.2668429487005843,,1.5195884753436544
,,
1.0791812460476249,,
1.2986347831244356,,
2.0188427442506724,,3.017450103725529
0.6122539060964373,,
1.3502480183341627,,2.574494268285328
1.2723058444020865,,
1.0,,2.12985095078891
1.860577551244416,,
1.426023015689876,1.9294189257142929,
1.5314789170422551,,
-0.1191864077192086,,-0.0362121726544447
1.797959643737196,,2.64738297011462
,,2.392072315847544
1.390405156480081,,
0.9822712330395684,,2.578639209968072
1.784189205380961,,
2.173186268412274,,
,,1.7708520116421442
2.1934029030624176,,2.948559662108962
1.4299136977637543,,
1.8535156967569288,2.064832219738574,
1.667452952889954,,1.7686381012476144
1.2787536009528289,,
1.824060717418653,,
3.0681858617461617,,4.7388598020722
,,1.568201724066995
1.377670439334323,,
,,2.45783574103509
2.0082040167538247,,
1.968482948553935,,
-0.9546770212133424,-0.7670038896078462,
2.2380461031287955,,
1.6592504687726608,1.4313637641589874,1.990671775066
1.085219201044942,,
1.6681780393302597,,
,,2.136799810744238
1.3159703454569178,,2.1489109931093564
0.2442771208018428,1.3888114134735237,
1.5581443411709963,,
1.146128035678238,,1.7323937598229686
1.2483117369102157,,
0.6720978579357175,,1.9969492484953808
0.7671558660821804,1.717670503002262,
3.971275848738105,,
2.3138672203691533,,
0.7634279935629372,,1.130333768495006
3.010483877876553,,4.026867409915424
0.4661258704181992,,
2.602211967802297,,
1.6122539060964374,,2.4439901151130377
1.5289167002776547,,2.549248556854056
1.1139433523068367,,
2.394521722674913,,
1.6122539060964374,,
1.6955517183388942,1.8115750058705933,
,,0.4378298064082189
2.318605864055056,,
1.670245853074124,1.94546858513182,
2.2174049744015414,,
1.7213983755215052,,
1.8316138553090988,,
1.380211241711606,,1.8603380065709936
1.7494270991217489,,
0.7781512503836436,,0.6532125137753437
1.434568904034199,,2.600537294364469
0.9822712330395684,,2.281260687055013
1.804582364022804,,1.9211113698327
0.7481880270062004,,
2.2217792569396893,,
1.4374017191563044,,1.8504103412631467
-1.193820026016113,,-0.4271283977995198
1.8535156967569288,,
1.1473671077937864,,
-0.0867160982395816,0.94546858513182,
1.2442771208018428,,
1.7671558660821804,1.7466341989375789,2.27397300376955
,,1.863322860120456
0.505149978319906,,2.3634239329171765
0.9432471251378616,1.545307116465824,
-0.2328441339178195,-0.0457574905606751,
-1.164943898279884,,
,1.6532125137753435,
1.7076723510147476,,
0.670245853074124,,
1.8506462351830664,,2.601190532615333
1.1473671077937864,,
,1.7767011839884108,
1.499549625905149,,
1.8656960599160703,,1.863322860120456
,,0.796851749049887
1.414973347970818,1.7708520116421442,
0.7402837196818791,,
2.627625638573865,,3.3104022693962243
0.1473671077937864,0.3692158574101428,
2.0224283711854865,,
2.8614746688571686,,3.767897616018091
1.3424226808222062,,
1.8877297972880305,,
2.0873021521932347,,
0.6812412373755872,,2.166133970305109
,1.255272505103306,
1.845098040014257,,
,1.8920946026904804,
1.1760912590556811,,1.812913356642856
1.4941545940184429,,2.137986732723532
1.900694774452398,,
,0.4593924877592308,
2.2113096024944365,,4.039205379614325
,,2.4735453586747536
2.5595475555804343,,
1.3469394626989906,,
1.1095785469043866,,2.4500642628252307
,,
,,2.214843848047698
1.92551835817743,,
2.020361282647708,,3.0662513619689618
2.733999286538387,,
1.5305838596451178,,
,,1.7708520116421442
1.505149978319906,,
1.2442771208018428,,
0.2830297097938595,,1.0882761039404107
-0.3010299956639812,,1.667452952889954
,,1.8959278238144512
2.7634279935629373,2.7634279935629373,
1.5327543789924978,,2.570192561095726
1.6232492903979006,,
2.5814034618141006,,2.958219751284862
2.542402125822417,2.315970345456918,
1.715167357848458,,2.6597260952377915
,,0.8231806877722362
,1.1637575239819558,
1.4299136977637543,1.534026106056135,
2.105612359686785,,
2.4814856258274136,,
,4.158362492095249,
1.1335389083702174,,3.888987776287218
1.2787536009528289,,2.752509400788843
2.0175758683910745,,
0.4471580313422192,,1.7427251313046983
1.3924683170438543,,2.2934354835389814
1.624488362513449,,
1.3234583668494675,,
2.550105999347593,,3.4837584137882485
,1.5563025007672873,
1.0681858617461617,,
,1.91803033678488,
,2.462098381135156,
0.7403626894942439,,1.7671558660821804
1.804582364022804,,2.303694885389238
1.6374897295125106,,2.671728088239558
0.9712758487381052,,
1.6866362692622934,,2.682686478249768
1.9315087218666176,,
,1.676876431973137,2.8577855548979767
,,1.4458212962458277
1.569373909615046,,2.959804316508338
,,3.112559760169681
,,2.392072315847544
3.493948255130172,,
1.3384564936046048,,2.5174598265402324
1.690399884712457,,
0.9712758487381052,,
,1.823474229170301,
1.4313637641589874,,2.133538908370217
0.4661258704181992,,0.3708830167776059
0.6334684555795865,,
2.779668627207148,,2.9321184720291225
0.6532125137753437,,
1.3469394626989906,,
1.334453751150931,,1.9474337218870508
1.0791812460476249,1.5563025007672873,
1.7671558660821804,,
0.7160033436347992,,1.5670263661590604
0.7671558660821804,,
,1.948119424380536,
2.651278013998144,,
,,2.424881636631067
1.6479694583629718,1.760422483423212,
1.5831987739686226,,1.505149978319906
1.1821292140529984,,
0.255272505103306,,1.5705429398818975
0.724275869600789,,
1.8444771757456817,,2.02201573981772
2.5595475555804343,,
-0.4814860601221125,,0.3617278360175928
2.1685564068637246,,
0.8877297972880304,1.1360860973840974,
1.2174839442139065,,2.40226138245468
0.9712758487381052,,
1.2810333672477277,,2.6259294927162946
1.1821292140529984,0.255272505103306,
,2.308350948586726,
1.824060717418653,,
1.6581354630718694,,
1.021189299069938,,2.3161800988934527
1.3692158574101427,1.3692158574101427,
2.452001227726593,,
0.9242792860618816,,1.4487063199050798
0.6334684555795865,,3.297147471801269
1.3469394626989906,,
1.0128372247051722,,2.0681858617461617
1.3469394626989906,1.7737864449811935,1.706675118700799
,,1.3424226808222062
1.1760912590556811,1.591064607026499,1.8512583487190752
1.8743658357300488,,
0.7923916894982539,,1.8767949762007008
1.4471580313422192,,2.52865964523499
-1.6777807052660807,,
,,0.7388598020722001
1.252853030979893,,2.202215775801132
1.6479694583629718,2.45117215751254,
,1.5563025007672873,
2.359835482339888,,
1.6809697184658972,,
1.3502480183341627,1.9590413923210936,
1.410608542568368,,2.545362791676708
2.2095150145426308,,
1.9712758487381048,,
1.7924617313469506,,
2.0224283711854865,,
1.839037873388306,,
1.5733358400660675,2.17435059747938,2.4735453586747536
,2.85076872692888,
1.503790683057181,,2.14674801363064
1.0791812460476249,2.225309281725863,
1.5526682161121932,,3.0390967104414504
1.3353575901491754,,
0.7923916894982539,,
0.6901960800285137,,1.8904210188009145
1.4299136977637543,,2.706675118700799
2.889699390150935,,
2.105612359686785,,3.4601992542530136
-0.0867160982395816,0.94546858513182,
4.369215857410143,,
0.9542425094393248,1.0791812460476249,
1.421603926869831,,2.6330642726914992
,1.3982873053574012,
,,1.8864907251724816
3.2458579920071973,,
0.9712758487381052,,1.4378298064082191
1.085219201044942,,
2.376576957056512,,
0.5563025007672873,,2.4410664066392638
0.5185139398778874,,1.5185139398778875
1.1139433523068367,,
0.3234583668494676,,1.634124451552187
1.379939722801916,,
0.9084850188786496,,
0.9030899869919436,1.7481880270062005,
0.5910646070264992,,1.5185139398778875
2.594783570849614,,2.837256277964046
2.2112006620002567,,
1.252853030979893,,2.6851144690465394
1.464385208841898,1.4196253608877432,
2.1095785469043866,,
1.9479236198317265,,2.824060717418653
1.287801729930226,,2.7137424784090824
1.701654317325748,1.7867514221455612,
,1.1180000334212807,
1.960280464436642,,2.5883669609915123
0.7708520116421442,,2.2062860444124324
,,1.507855871695831
,1.724275869600789,
,0.9400181550076632,
1.808153558505671,,
,1.4771212547196624,
0.9444826721501688,,2.061829307294699
2.399673721481038,,2.619719265611727
0.670245853074124,,
1.5954962218255742,,3.295171106790104
,1.8260748027008264,
0.3692158574101428,1.510545010206612,
0.9294189257142929,,1.640481436970422
1.557507201905658,,1.541579243946581
1.6809697184658972,,
1.410608542568368,,
2.104145550554008,,2.57978359661681
2.5996647787884166,,
1.8140410569198904,,
0.8388490907372553,,
1.5305838596451178,,
2.2174049744015414,,
,,1.2041199826559248
1.0681858617461617,,2.4022914810292297
1.3961993470957363,,2.4951278812429334
-0.91721462968355,,-0.623423042943488
1.4712917110589383,,2.5073160400764136
1.9315087218666176,,2.967480112404066
1.3469394626989906,,
,1.823930455125564,2.583572809143774
2.130976691605617,,2.515741416669365
0.3617278360175928,,1.146128035678238
,1.189770956346874,
2.4946971231107367,,3.0506136631279546
1.285557309007774,,2.386498965550653
1.173186268412274,,2.2915908256580013
3.971275848738105,,
0.8463371121298052,,
0.8692317197309762,,1.0969100130080565
1.5781943746863965,,
0.6334684555795865,1.2787536009528289,
2.244277120801843,1.255272505103306,
,2.0681858617461617,
1.0791812460476249,1.3979400086720375,
,,3.030239346869968
1.6647829573726218,,
1.5706129817305945,,
,,3.0
-0.5228787452803376,,1.7693773260761383
2.5593080109070123,,3.692132785740336
1.0606978403536116,,
1.187520720836463,,
0.4771212547196624,,2.095169351431755
2.724275869600789,3.1760912590556813,
,0.8573324964312685,
1.1760912590556811,,
1.7972675408307164,2.0211892990699383,2.6414741105041
,,1.5927317663939622
,,3.9311882599985672
,1.8659326681931856,
1.1271047983648077,,2.55942779975949
2.1398790864012365,,
,,2.136799810744238
,1.4831592097169797,1.9765471323743933
1.2631624649622166,,
1.230448921378274,,
1.2027606873932,,
,1.534026106056135,
,0.3692158574101428,
1.5866998016240492,,
1.3692158574101427,,
1.6809697184658972,,
2.0860037056183818,,3.032175376961363
3.15809097318556,,
2.600755149639618,,3.070555015835032
2.4914317356829696,,
0.8390378733883058,1.717670503002262,
1.3234583668494675,,
1.7234556720351857,,2.4983105537896004
,0.8680563618230415,
1.6614719287666189,,
1.235528446907549,,2.091315159697223
0.9132839017604184,,
2.394521722674913,,
2.0791812460476247,2.9020028913507296,
2.308735110028761,2.5563025007672877,
0.8836614351536176,,1.1846914308175989
2.2049064289025684,,
1.6570175873403687,,1.955967570877656
,,0.6719130124415871
,,2.0551297642929183
3.0324454919430104,2.5247854493212225,
1.1430148002540952,,2.7294887691795613
1.678518379040114,,2.371621927176021
1.6122539060964374,,
0.9444826721501688,,1.608526033577194
1.60959440922522,,2.020361282647708
1.701654317325748,,
0.9790929006383264,1.6522463410033232,1.9532763366673045
0.7781512503836436,,
1.1430148002540952,,1.734799829588847
2.808548551240406,,
4.530583859645118,,
2.311223910432456,,
1.38524868240322,,1.2242740142942576
,0.7604224834232121,
0.7671558660821804,,
0.0791812460476248,,1.4014005407815442
1.5866998016240492,,
,1.577491799837225,
1.4409090820652175,,1.9647309210536297
0.7783032268579779,,
1.2143138974243997,,
-0.1683861446909011,-0.00436480540245,1.0698530211136246
1.499549625905149,,
2.798650645445269,,3.643630306079753
2.0725072355288043,,
1.758204642534857,,
1.410608542568368,,
,,2.1112457062718497
2.389343311252078,,3.653656232494785
2.9800488450649567,,3.061150780928549
0.7781512503836436,,
2.295043432034886,,
1.5394775728051002,,
1.1821292140529984,,2.4848263690844425
1.4065401804339552,,3.047430640155542
1.4483971034577676,,
1.136720567156407,,1.9822712330395684
,1.6532125137753435,
1.81091099305086,,
,,1.7075701760979365
1.155336037465062,,2.4987239707479048
,,1.5976951859255124
0.6122539060964373,1.3590762260592628,
,,1.2648296243296795
,1.9795483747040952,
0.1821292140529984,1.2966651902615312,
1.545307116465824,,
1.839037873388306,,
2.3469394626989906,,
,1.3222192947339193,1.6127838567197357
0.4913616938342727,1.3222192947339193,
1.209515014542631,,2.0211892990699383
1.3234583668494675,,2.2554895980755365
2.7891716058999005,2.97377419397058,
0.9132839017604184,1.209515014542631,
2.4162959302263998,,
1.404645595594691,1.804275767129094,
2.2750117377780112,2.230244499401375,2.6180376316587326
0.7671558660821804,,
0.6532125137753437,,2.8880671134074367
1.2723058444020865,2.467460109507264,
1.755493728415119,,2.361255520058149
2.02201573981772,,2.5953859808091417
1.8316138553090988,,
1.0224283711854865,,
,,1.9149510611278813
0.8463371121298052,,
1.935653349605213,,
2.105612359686785,2.2375437381428744,
1.6433737066738228,2.180584596602956,
1.3469394626989906,,
,2.48572142648158,
1.2183280235947205,,
,,1.3989117403778497
1.618090477599606,,2.059672735032611
0.9395192526186184,,1.7626785637274365
2.0413137153458605,,
,1.6354837468149122,
1.379939722801916,1.88570038012833,2.1893288620204223
1.8388490907372552,,
,,2.27397300376955
,,0.8231806877722362
1.9395192526186185,,
,,3.017613403025029
,,1.848004271497268
0.041392685158225,,0.6989700043360189
1.1473671077937864,,1.823180687772236
,,0.9351544472161684
1.4487063199050798,,3.241222631195891
,0.8061799739838872,
0.7993405494535817,,2.1455071714096627
3.7659165457982855,3.8016321176570633,4.194976695619126
,,2.227886704613673
1.3617278360175928,1.146128035678238,
2.1473671077937864,,
0.3234583668494676,0.1583624920952496,
1.631443769013172,,2.3163897510731952
1.2723058444020865,,
-1.3098039199714864,,
1.5185139398778875,1.6893088591236205,
1.3979400086720375,,2.475816413031318
1.515343893088381,,
1.1238516409670858,,2.5079907248196918
2.5438570500705917,,
0.9444826721501688,,
1.7860412102425542,,1.7528164311882717
,2.9979976364080043,
0.2304489213782739,,2.5171958979499744
1.2787536009528289,,1.4471580313422192
-0.0867160982395816,,-0.1062382379420565
4.346939462698991,4.2552725051033065,
1.7356388146361157,,
3.767155866082181,,
,1.3747483460101038,
1.6809697184658972,,
,2.0681858617461617,
0.9637878273455552,,2.344981413927258
0.7671558660821804,,
0.9912260756924948,,2.561697532653993
2.251881454552528,,2.1970047280230456
,1.5059364245665496,
1.8018645174232493,2.786751422145562,
4.429913697763754,,
2.466125870418199,,
1.4661258704181992,,
0.5440680443502757,,2.041392685158225
1.5563025007672873,1.9084850188786493,2.0791812460476247
1.3283796034387378,,2.7518177877368792
1.0685118579306363,2.198767021009409,2.276907646232285
0.7634279935629372,,2.218010042984363
,,2.377349059026838
0.8692317197309762,,0.5563025007672873
,2.363499161478235,
0.9138138523837168,1.3269499941659988,1.236033147117636
2.8538003866929857,,
,2.1947917577219247,
,,1.7234556720351857
1.8675264111997432,2.2764618041732443,
0.6532125137753437,,2.02201573981772
1.6190933306267428,,2.483729899000024
0.3234583668494676,,1.1837963734204613
1.0791812460476249,,
2.462637542572378,,
,,2.198657086954422
2.425974160919376,,2.937853763611335
2.027227254067255,,
1.9546765869186435,,
0.8463371121298052,,
1.4661258704181992,,
2.193958978019187,,3.035709837827862
0.7858563647484238,2.062807533172159,2.1190710437838063
0.9542425094393248,1.5440680443502757,1.414973347970818
1.0224283711854865,,
1.6190933306267428,,2.483729899000024
0.99563519459755,,2.255272505103306
2.8974896345771866,3.5563025007672877,
1.0413926851582251,1.568201724066995,1.6720978579357175
1.0077051143647802,,
2.522874402313803,,2.8016300604667204
-1.0,,0.9867717342662448
1.3242824552976926,,
4.680969718465897,,
0.9712758487381052,,
-0.3010299956639812,,3.3696239766406326
1.860577551244416,,
3.3839463524118965,3.804643657436483,4.061522028493573
1.846337112129805,,
1.9995654882259823,,2.6893976628212823
,,1.4313637641589874
,1.4831592097169797,1.9765471323743933
1.5733358400660675,,
1.6122539060964374,,
2.5059364245665496,2.668572269184558,
1.92551835817743,,
4.665881047671674,,
1.499549625905149,2.0681858617461617,
2.146128035678238,,
1.4885507165004443,,1.958085848521085
1.110589710299249,,3.4062164678532603
1.3617278360175928,2.496929648073215,
,2.470116353151004,
1.3469394626989906,,
0.6134929782119857,1.143451999021631,1.6999417360418303
,1.255272505103306,
1.2631624649622166,,
1.515873843711679,,2.015778756389041
0.3979400086720376,,1.320146286111054
0.9542425094393248,,3.139154658406904
0.6532125137753437,,1.911690158753861
2.5153438930883807,,
,,
1.4483971034577676,2.03342375548695,
1.1473671077937864,,
0.9132839017604184,,
0.9294189257142929,,2.418301291319745
1.2479732663618066,,2.299725153975637
-0.6962856913462895,-0.0483711061633618,
1.4713063829219797,,
1.2041199826559248,,
1.3636119798921444,,2.2920344359947364
3.0324454919430104,2.5247854493212225,
,,
1.3636119798921444,,2.1583624920952498
1.784189205380961,,
0.6989700043360189,,
1.3010299956639813,,2.924899264014284
-1.0506099933550872,,
,,1.8864907251724816
0.414973347970818,,3.18366835736002
2.5106656308106103,1.823474229170301,
,1.7810369386211318,
0.6720978579357175,1.380211241711606,
2.390405156480081,2.678518379040114,2.412275701935831
-0.0969100130080563,,1.8555191556678
0.7634279935629372,,1.0791812460476249
1.816373888752362,,
1.915927211697116,,3.313128713845194
0.5314789170422551,,2.9045532629767727
2.2062860444124324,,2.550228353055094
2.0873021521932347,,
1.9395192526186185,,
0.8316138553090989,0.6354837468149122,
1.2986347831244356,,
1.7671558660821804,1.954242509439325,
-0.3297541469258759,0.3271545124094315,0.5322510190125807
1.4913616938342726,,2.655042341331202
-1.0,,2.4671639659690903
1.4899584794248346,,
1.2219355998280053,1.6989700043360187,
0.5185139398778874,,2.113609151073028
0.8512583487190752,,1.5854607295085006
1.92551835817743,,
2.100370545117563,,
0.785329835010767,,2.300812794118117
2.424211718939284,,
,,2.660397648368211
1.5866998016240492,,2.3409197934001624
,2.106530853822381,
1.2723058444020865,,
2.4410978647162684,,
,,1.1947917577219247
2.3582204731086795,,
1.535053482100271,,
2.103461622094705,,3.363705972854724
2.5106656308106103,,2.972943008105568
1.8877297972880305,,
0.5996647787884168,,
,,3.35538829665446
,,2.812913356642856
1.3010299956639813,,2.924899264014284
1.6181694729058504,,
0.9684829485539352,,2.409425868671444
,,0.954459602411555
1.146128035678238,,1.5658478186735176
1.255272505103306,,2.1818435879447726
0.6989700043360189,1.380211241711606,
,,1.6374897295125106
0.6020599913279624,,
2.090258052931316,,3.3154665234956533
1.2442771208018428,,
1.499549625905149,1.7323937598229686,1.954459602411555
,-0.6216020990518624,
1.2648178230095364,,2.38147609027503
1.624488362513449,,
1.691435152144062,,
1.8414602100836155,,
0.1821292140529984,0.9876662649262749,
1.0681858617461617,,
2.0499928569201424,,2.7904962769671093
0.99563519459755,,2.345569756056392
1.9854264740830017,,3.0458703924493604
1.5185139398778875,,2.759516759462188
2.110589710299249,2.773786444981193,
0.8512583487190752,,1.5854607295085006
1.2143138974243997,1.510545010206612,
1.9237619608287,,2.7466341989375787
0.9132839017604184,,
1.7323937598229686,,
0.5453071164658241,1.0334237554869496,
2.0156195836332125,,
-1.0,,2.4671639659690903
1.0791812460476249,1.3979400086720375,
,,2.146128035678238
-1.4694161403548822,-0.9058784041594384,-0.5322069702143377
,0.670245853074124,
1.8808135922807911,3.0354297381845483,
1.3617278360175928,,2.747023177451628
1.1861083798132053,1.649334858712142,
,,2.26482962432968
2.711638538232349,,
1.292256071356476,,2.423245873936808
1.2430380486862944,,2.5958267770732237
1.585381759696136,,1.9410366294421229
1.8877297972880305,,
1.1095785469043866,1.689752696139157,1.819708409878961
,1.444513206334043,
,,2.9786953369946594
0.9712758487381052,,
4.429913697763754,,
1.59659709562646,,
,,1.5469742758332872
1.6081397034025584,,
1.4593924877592308,,2.113943352306837
0.380211241711606,,0.6434526764861874
,,2.317007635994752
1.976134383358434,,
1.2723058444020865,,
1.8085485512404056,1.94546858513182,
1.3234583668494675,,
0.7481880270062004,,
0.0681858617461616,1.334453751150931,
-1.6382721639824072,,
,,1.0840934602282348
1.146128035678238,,
2.2723058444020863,,
,,2.308735110028761
1.839037873388306,1.91803033678488,
,,1.5927317663939622
1.6812412373755872,,
1.7213983755215052,,
0.7708520116421442,,2.352953911710088
2.3010299956639813,,
1.6181527333785195,,
2.1386184338994925,,2.4446692309385245
0.7403626894942439,,2.709863317440399
1.0224283711854865,,
1.812913356642856,2.093421685162235,
1.4764258270580113,,
2.0549575960124065,1.823474229170301,
2.0077051143647804,,
1.0043213737826426,,2.230704313612569
1.1095785469043866,,
0.2787536009528289,,1.667452952889954
,,1.944482672150169
2.7512328999850117,,3.785856364748424
,1.7737864449811935,
2.05045709478573,,
2.006893707947901,,2.902546779313991
1.1139433523068367,1.4913616938342726,1.6020599913279625
2.618414214801256,,
2.05045709478573,,
1.4299136977637543,1.534026106056135,
,,
0.6720978579357175,,2.246005904076029
1.2648178230095364,,
1.591064607026499,,
,2.681241237375587,
1.6592504687726608,,
,,2.723865964443504
-1.3098039199714864,,
1.9025467793139912,,2.196176185039973
1.0224283711854865,,
2.15259407792747,,2.623042434246382
2.638144679842756,,
,,2.330413773349191
0.4828735836087537,-0.0604807473813814,
2.15454569242091,2.688241795977712,
0.4771212547196624,,1.4082399653118496
,3.113809702672945,
1.0170333392987805,,2.037824750588342
,2.6086116004146107,
1.860577551244416,,
1.3353575901491754,,
1.390405156480081,,
,,1.796851749049887
1.860577551244416,2.577491799837225,2.2361844428801496
1.9976047874604543,,2.4677930297856623
1.0681858617461617,,
1.7626785637274365,,2.089198366805149
1.3186058640550555,,
,,1.634124451552187
2.40862997658628,,
2.276231957921833,,1.9122220565324155
2.097569639431371,,
2.912663037491843,,
0.7267272090265723,,
1.515343893088381,,
,,0.8480042714972682
2.8612774619227417,2.611298362296429,
0.7323937598229685,,2.2773799746672547
,,0.7688230254496434
1.6009728956867482,,2.5928426831311
,,2.3409197934001624
2.151859955512512,,
2.201724770116379,,
0.6981136003715231,,
0.6989700043360189,0.9542425094393248,
,,1.671913012441587
,1.3005954838899636,
,1.6170003411208989,
1.0791812460476249,1.6989700043360187,
0.4771212547196624,,2.741387992479269
2.646109521978848,,
1.1095785469043866,,2.9783380399922743
1.1095785469043866,,1.7388598020722
1.4265112613645752,,2.5021538928713607
0.9294189257142929,,1.9867717342662448
,1.255272505103306,
1.0170333392987805,,2.7085908451503435
,1.724275869600789,
4.244277120801843,,
1.06707085604537,,
,,2.084093460228235
,,4.925604303788886
,1.6294095991027189,
1.252853030979893,,2.6851144690465394
2.4848263690844425,3.125676410382333,3.570912283331376
1.691435152144062,,2.802246780936593
,1.3434085938038574,1.1947917577219247
1.8506462351830664,,3.014310480963307
1.0893751608160998,,2.032064460224225
,1.651278013998144,
,,3.2766788971454743
,,2.780317312140151
1.457351946110694,,
1.7402837196818792,,
1.1821292140529984,,
,,2.4188065690947886
1.3944516808262162,,2.498999363580153
1.1095785469043866,,1.7688230254496435
0.7558748556724915,,
1.7259116322950483,,2.8003045775561985
1.3010299956639813,,
2.310727290044546,2.807940721215499,
1.900694774452398,,
4.853515696756928,,
1.130333768495006,,3.09321149181366
0.2442771208018428,0.1003705451175628,
2.1095785469043866,1.7737864449811935,
2.69246795758183,2.7352794480604565,
1.5888317255942073,,1.5670263661590604
1.410608542568368,,2.317007635994752
,,1.7388598020722
2.411988194907817,,2.5277349178476167
2.724275869600789,3.1760912590556813,
0.7993405494535817,,2.3244882333076564
1.3469394626989906,,
,0.4593924877592308,
1.824060717418653,,
1.8846254632562345,2.788875115775417,2.7256421555144184
1.2648178230095364,,1.5327543789924978
-1.0,,1.4608978427565478
2.108194497759704,,
2.612253906096438,,4.077600799114364
2.0224283711854865,,
,,2.4489771671840166
1.2041199826559248,1.6334684555795864,1.8195439355418688
1.503790683057181,,2.14674801363064
2.392169149489736,,3.3675236418690195
0.2986347831244356,1.04766419460156,
1.3469394626989906,,
1.0293837776852095,,2.4326486600131068
1.6020599913279625,,
1.6614719287666189,1.7070589406275962,2.5231713611606623
1.3521825181113625,,2.728678366850914
1.965812953036603,2.48572142648158,
0.2723058444020864,,
1.534026106056135,,2.9701608430373136
1.791690649020118,,3.0273496077747564
1.4831592097169797,,
1.649334858712142,,2.6637951222194074
1.2143138974243997,,
2.105612359686785,,
,,2.0791812460476247
1.6294095991027189,,2.87742894078822
,1.0128372247051722,
1.9030899869919435,,2.882979654037299
1.9334872878487053,,
0.6592504687726608,0.7604224834232121,
-1.744727494896694,,
2.3312247810207323,,2.6693168805661123
1.7075701760979365,,
4.390405156480081,,
1.390405156480081,,
0.5185139398778874,,2.838849090737255
1.758381941774675,,
1.701654317325748,1.7867514221455612,
1.545307116465824,1.954242509439325,2.0551297642929183
1.546752357340005,2.07018568637838,2.100587638089793
1.7671558660821804,,
,1.4941545940184429,
2.3400274682826607,,
0.9867717342662448,,1.7715874808812553
1.3159703454569178,,2.6415732531781755
1.136720567156407,,1.9822712330395684
1.8055008581584,,3.00264114900004
,,-0.8124792791635369
2.036668810300097,,
1.0685118579306363,2.198767021009409,2.276907646232285
1.5305838596451178,,
1.7781512503836436,,
1.1139433523068367,,1.6901960800285136
1.328853398736174,,
2.499687082618404,,3.463445031770428
1.6148972160331343,,2.561101383649056
2.0175758683910745,2.369215857410143,
1.6122539060964374,2.040602340114073,
2.263233538439489,2.397940008672037,3.367976164873463
4.961947623804105,,
,,-1.0757207139381184
0.414973347970818,0.919078092376074,
,2.719165494089214,
1.2986347831244356,,
,1.9273703630390235,1.9149510611278813
0.9132839017604184,,
-1.0506099933550872,,
1.1139433523068367,,1.4913616938342726
2.5438570500705917,,
1.83310884639605,,
1.8312296938670631,,3.315172357208987
,,2.0551297642929183
1.758381941774675,,
1.6122539060964374,,
1.383815365980431,,1.4517864355242902
0.6532125137753437,,3.329926440795452
1.17539583139403,,1.634124451552187
1.3234583668494675,,2.490358857684404
,,0.796851749049887
1.1616075469083966,0.9084850188786496,1.405645123036818
2.05045709478573,1.7323937598229686,
1.0,,0.9030899869919436
1.972360230030325,,
1.3617278360175928,,2.747023177451628
1.110589710299249,,2.375297738217339
-1.3187587626244128,,
0.8450980400142568,1.505149978319906,
1.1139433523068367,0.4771212547196624,
1.1821292140529984,,
2.008600171761917,,2.281033367247728
1.900694774452398,,
2.3604419331026376,2.719165494089214,
,,1.2262002219735486
3.0681858617461617,,4.7388598020722
0.9658129530366032,1.0261245167454502,
,,0.8714853673467912
1.0413137153458605,,
1.7767011839884108,,2.9161906599805376
1.8877297972880305,1.94546858513182,
1.0413926851582251,,1.792391689498254
1.5211380837040362,,3.0971184243446497
1.8573324964312683,,3.1923165047027373
1.1095785469043866,,
1.675778341674085,,2.6262376851469003
,1.2966651902615312,
1.4483971034577676,2.204662511748219,
2.160468531119037,,2.458033192496506
1.4712917110589383,,2.327971623623011
1.827369273053825,,2.2949069106051923
2.079543007402906,,2.237040791379191
-1.3098039199714864,,
1.3469394626989906,2.547528576459782,2.6571897556208808
1.089905111439398,,
2.198519630241168,,
2.03342375548695,2.973589623427257,3.3394514413064407
,,3.456054626514418
1.0180635657830364,,
1.499549625905149,,
0.7583819417746753,1.9084850188786493,
1.078061495458322,,
1.6047443043176917,,
0.9731278535996988,,
,-0.2020403562628038,
1.739572344450092,,2.191730393362856
2.397940008672037,2.920817016770973,
-0.9829666607012196,,
0.6020599913279624,,
4.599664778788417,,
,,3.5386924699715308
1.0863598306747482,,1.9122220565324155
1.624488362513449,,
1.255995726722402,,
1.5305838596451178,,
1.8179221773152228,,
2.9022749204745018,,2.869818207979328
1.8810992183890167,,
0.6479694583629718,,
1.3673559210260189,,3.654590416951599
,,1.671913012441587
1.5866998016240492,1.4313637641589874,
0.2986347831244356,,
-0.3010299956639812,,0.4623979978989561
1.863322860120456,,
1.8898617212581883,,1.6766936096248666
,,2.126131407261984
2.1357685145678222,,2.9540977204791896
2.296072566359835,,
1.2723058444020865,1.4593924877592308,
1.331427296520743,,
4.244277120801843,,
,,1.706675118700799
0.7634279935629372,,1.2671717284030135
1.792391689498254,,3.640103625305095
,,1.0551297642929185
0.4483971034577676,,
1.2013971243204515,,1.8506462351830664
0.2986347831244356,1.7466341989375789,
,1.7671558660821804,
,,2.27397300376955
1.6479694583629718,,
1.6830830777792962,,
0.5314789170422551,,2.9045532629767727
1.2041199826559248,,1.591064607026499
0.7688895788911809,,
0.9030899869919436,1.0413926851582251,
1.2613104601006233,,
1.287801729930226,,2.71758729685546
1.3234583668494675,,
1.960280464436642,,
2.298853076409707,,
,2.2624510897304293,
,-0.2676062401770314,
2.6547731664179164,2.839603729470837,
2.2723058444020863,,
2.645677661583387,2.0034605321095063,
1.4483971034577676,1.91803033678488,2.1242106834362176
1.1473671077937864,,
0.6122539060964373,,
3.1257378628006944,,
0.4106085425683679,,
0.2143138974243995,1.477988976250889,
1.99519629159718,,1.7634279935629371
1.3222192947339193,2.041392685158225,
,,1.1609334904609572
1.0934216851622351,,
1.8325089127062364,,
0.670245853074124,,
2.5634810853944106,,2.708420900134713
2.81003078640584,2.7648483571934106,
1.0791812460476249,,2.8195439355418688
1.3673559210260189,,3.2345425913115284
-0.224243962155902,0.7055216134226672,
1.1382237283539167,,
0.2986347831244356,1.375846436309156,
,,
1.6989700043360187,2.3010299956639813,
1.2986347831244356,,
1.5075185555764243,,
1.9637878273455551,,
1.3636119798921444,,2.2920344359947364
1.5996647787884168,,
1.0791812460476249,,
,1.8496650554787328,
1.0644579892269184,,
0.9082919562029194,,
1.2183280235947205,,
1.6532125137753435,,
1.2810333672477277,,2.158060793936605
1.0413137153458605,,
0.670245853074124,1.3692158574101427,
2.518434970065522,,
,,2.511809858770036
0.9242792860618816,,2.407900540142635
,,
1.6812412373755872,,
2.2086624785762954,,2.6122634509252176
1.0086001717619175,,2.439332693830263
,,1.812913356642856
,,2.1112457062718497
2.1887597929520117,1.717670503002262,
1.390405156480081,,
1.4207806195485653,2.271841606536499,
2.0459094670350093,2.300595483889964,
1.7323937598229686,,
1.5378190950732742,,2.2657609167176105
1.410608542568368,,2.8504103412631467
1.0334237554869496,,2.7753191218294777
1.230448921378274,,1.6503075231319364
,2.8067225030761813,
1.285557309007774,,2.4858633295973345
2.2706788361447066,,3.465010864717408
1.130333768495006,,
2.3280895691708583,,2.8242544591434227
1.0,,
1.2986347831244356,2.011147360775797,
,,
1.5171958979499742,,1.88309335857569
1.9493900066449128,,3.3386556655787003
1.2723058444020865,,
0.4661258704181992,,
4.606004956819436,,
2.4913616938342726,2.59659709562646,
,,2.3766353456666973
,,1.634124451552187
2.4355417827721806,,3.560747480387604
0.9030899869919436,,
2.0549575960124065,,
1.9566485792052035,,3.36087729710204
0.919078092376074,,1.9350031514536548
1.2986347831244356,,
1.0413926851582251,,2.1775364999298623
1.960280464436642,2.2723058444020863,
1.4299136977637543,,2.27397300376955
1.2143138974243997,,
1.863322860120456,2.718501688867274,
0.6989700043360189,,1.5314789170422551
2.269582986066613,,
0.7923916894982539,,2.612253906096438
1.919444210465237,,
0.8750612633917001,,1.846955325019824
1.1473671077937864,,-1.5528419686577808
0.1854571574019259,,0.9044856274497164
1.1181787186663044,,
1.0413926851582251,1.414973347970818,
2.208064948147398,,
0.8085485512404055,,
1.0,,
1.784189205380961,,
1.14921911265538,,2.229681842317676
1.667452952889954,,3.556796832486183
1.462637542572378,1.771146348814985,
0.9432471251378616,,
1.0718820073061257,,2.271376871894075
0.9294189257142929,,
,1.2237554536572413,
2.0413137153458605,,
1.5314789170422551,,
0.4483971034577676,0.99563519459755,
1.2143138974243997,,2.136799810744238
1.1952906601109694,,
,,2.3989117403778493
0.9084850188786496,,2.3820170425748683
1.3782415994970532,,
3.459894350670316,4.000723366143026,
1.1760912590556811,,
,2.0681858617461617,
0.8750612633917001,,2.7126497016272118
4.850378899488117,,
,2.462098381135156,
,,4.210853365314893
3.301689622087296,3.724505247609918,3.8967912326115615
1.0086001717619175,,2.1072099696478683
0.9194442104652368,,1.52723021763753
1.3463529744506386,,
,,1.7781512503836436
1.136720567156407,,1.9836262871245345
0.8325089127062363,,3.015904377895553
0.7520484478194386,1.276461804173244,1.6324572921847242
1.557507201905658,,2.394801777162711
1.1616075469083966,,
2.8061731880795926,,1.9656437693640687
,0.8573324964312685,
0.6479694583629718,,
1.2430380486862944,,2.9566005882131767
2.0389974726186795,,
1.0638210563437116,,
,,2.619792232630352
0.7634279935629372,,2.218010042984363
1.598129263404831,,
1.2986347831244356,,
1.5634810853944108,,2.8120438979302267
,,
0.7841892053809608,1.442793225939769,
0.3617278360175928,,1.0043213737826426
1.5526682161121932,,3.0390967104414504
1.2143138974243997,1.1360860973840974,2.0077051143647804
2.322008300454235,,2.5498599640707758
1.1702617153949575,1.5024271199844328,
0.9294189257142929,1.3010299956639813,1.6532125137753435
,,2.8790958795000727
,3.1950689964685903,
1.6334684555795864,2.361727836017593,
2.3560258571931225,,
1.4969296480732148,,2.537819095073274
2.247162809039331,,
1.0681858617461617,,1.958085848521085
1.6127838567197357,,2.57611089412084
1.5733358400660675,,
1.5996647787884168,,
0.9444826721501688,,2.6901074394563307
1.3692158574101427,0.9542425094393248,
1.0681858617461617,1.534026106056135,2.0398897977361816
,,0.291701770729981
,,1.634124451552187
1.7634279935629371,,
,0.7923916894982539,
1.6433737066738228,,2.0445182019182524
1.583538819254352,,
1.2253092817258628,,2.5179872030250783
1.2741578492636798,,2.230959555748569
1.711807229041191,,
0.2723058444020864,-0.0457574905606751,
1.0459094670350093,,
,,0.1702617153949573
,,1.944482672150169
1.499549625905149,1.8115750058705933,
1.5624796304114943,,
,1.2511513431753545,
0.380211241711606,,
2.0026843129897296,,
1.1522883443830565,,0.041392685158225
0.9542425094393248,,
-1.2613779720820577,-1.2643212740940954,-1.1301231867332335
1.7494270991217489,,
,,2.561214714947897
0.0681858617461616,,
,,2.852803154379037
2.881766850314353,,4.329924409098699
2.2500294496909343,,
1.410608542568368,,
,,3.35538829665446
1.173186268412274,1.6857417386022635,
0.8450980400142568,1.505149978319906,
,1.6354837468149122,
,,2.4735453586747536
2.410608542568368,,
1.2557065825826248,,
3.6585037315122886,,
2.1887597929520117,,
1.5733358400660675,,
,,2.864573372930461
0.4313637641589873,,1.5185139398778875
2.072249897613515,,2.4435758797502576
1.0128372247051722,,1.4785664955938431
0.2640855141553954,,1.078453192875542
2.185457157401926,,
1.7539276003484252,,
1.775756037844098,2.106530853822381,
1.1430148002540952,,2.7294887691795613
,,1.0551297642929185
1.7512791039833422,,2.260786668654976
2.7126497016272118,2.170261715394957,2.7902851640332416
1.6434526764861874,,
-0.1536628878701947,,1.6571897556208808
1.9380040697254897,,
0.4471580313422192,,2.068556895072363
,,
1.6433737066738228,,2.0445182019182524
1.3636119798921444,,3.1235903326066734
4.881099218389017,4.760422483423212,
1.9995654882259823,,2.6263403673750423
2.2001251569565863,,
,,0.5927317663939622
1.3053513694466237,,1.899273187317604
2.1952906601109694,,
0.9712758487381052,,
0.9395192526186184,,1.658964842664435
,,1.634124451552187
1.5314789170422551,,
0.5453071164658241,,
4.636387585813156,4.888740960682893,
,,3.11293997608408
,2.3624824747511743,
1.2413721301584355,,
1.1903316981702914,,3.3206447113553983
0.0681858617461616,,
0.9712758487381052,,
1.1181787186663044,,
1.6809697184658972,2.2638726768652235,2.60133193815588
2.34921922899389,2.4779889762508893,
1.9712758487381048,2.1528995963937474,
0.6020599913279624,,
0.1139433523068367,,1.7641761323903309
1.6989700043360187,,
1.235528446907549,,2.325104982971407
0.7481880270062004,,1.6503075231319364
,,1.972943008105568
2.582063362911709,,3.03992941410856
1.9819997141298784,,2.412275701935831
,,2.812839854434017
1.9546765869186435,2.1528995963937474,
2.2613104601006238,,
,1.334453751150931,
1.2723058444020865,,
1.3010299956639813,,
2.185457157401926,,2.765918034806236
1.2986347831244356,,
2.2329961103921536,,3.22716656673143
0.9542425094393248,,1.7853298350107671
2.5814034618141006,,2.958219751284862
0.4913616938342727,,2.7786576319473557
2.2882939497862167,,
4.48315920971698,,
2.551059445354916,,
-1.0,,1.1818435879447726
1.3469394626989906,2.547528576459782,2.6571897556208808
0.5910646070264992,,2.6586790285824486
-0.7351821769904635,,
1.3747483460101038,,
1.1760912590556811,1.6434526764861874,1.9030899869919435
-0.1536628878701947,,0.8893969566554933
2.097569639431371,,
1.1139433523068367,,
1.2986347831244356,1.209515014542631,
1.3692158574101427,,2.6830470382388496
0.6627578316815741,,1.9845273133437928
,,2.071882007306125
1.5524857010929476,,
,,
0.8450980400142568,,2.2008504980910777
2.0681858617461617,2.752202153176521,
4.559547555580434,,
0.5797835966168101,,2.2329961103921536
1.2143138974243997,,
1.4848263690844423,,
,0.8350561017201162,
1.4299136977637543,,
3.545307116465824,,4.437829806408219
2.2187979981117376,,3.445168133327569
1.9493900066449128,,
,,
2.1409320744245472,,
0.9712758487381052,,
,3.0621305346221237,
1.0791812460476249,3.1760912590556813,
,,
1.484299839346786,,2.3634239329171765
0.7708520116421442,,1.8228216453031043
0.8573324964312685,,1.4771212547196624
1.1846914308175989,,1.8785217955012063
1.0086001717619175,,2.454234895748266
2.0681858617461617,,
1.410608542568368,,
,,1.3989117403778497
,,1.5976951859255124
2.298634783124436,,
,,2.6836948429896936
0.8463371121298052,,
1.0,1.7634279935629371,
2.8282731120520697,,3.2166144855012773
,,2.370883016777606
1.5996647787884168,,
,,2.0863598306747484
0.8463371121298052,,
2.401229891569649,,2.955873476091912
1.7116385382323491,,
0.5453071164658241,,
0.4145388361968002,0.0406023401140731,
1.824060717418653,1.7737864449811935,
1.0606978403536116,,2.595165414790229
2.6908160579809155,,3.067851660512353
0.9712758487381052,,1.1947917577219247
2.105612359686785,,
0.2143138974243995,,
,,1.927883410330707
1.7671558660821804,,2.823148059810694
,,2.1893288620204223
2.359835482339888,,
,-1.5406075122407692,
1.1480903294128824,,
1.7275412570285564,,2.872039667973286
,,2.012837224705172
2.3258644366153463,,
1.469822015978163,,2.693023067923694
2.1563371008708097,2.3010299956639813,2.8750612633917
1.5550944485783191,,3.039414119176137
1.2624510897304295,,1.6720978579357175
1.6809697184658972,,
1.6201360549737576,,3.096666739975382
2.841359470454855,,
1.4548448600085102,,2.827110687466011
4.214313897424399,,4.7388598020722
,,1.7708520116421442
2.7707887030865885,,
0.6232492903979004,,1.4683473304121573
,2.0863598306747484,
1.812913356642856,,
3.899415555613225,,
1.2648178230095364,,2.1749315935284423
,,2.52723021763753
0.4771212547196624,,0.9867717342662448
1.0530784434834195,,
2.2380461031287955,,
1.3729120029701063,,1.4653828514484182
2.011147360775797,,
2.161607546908397,,
1.5866998016240492,,
2.276231957921833,,1.9122220565324155
1.683947130751512,,2.7218106152125467
,2.837335868015015,
1.4299136977637543,2.416640507338281,
0.6127838567197355,,1.1238516409670858
2.3124629825480048,,
0.7671558660821804,,
2.1920375027132475,2.4983105537896004,3.5386924699715308
0.1821292140529984,,
2.4299136977637548,,
1.0224283711854865,,1.748067803859024
1.5595475555804343,,
1.4934580509951885,,2.119090852421722
2.208064948147398,,
1.5866998016240492,,
2.983585696958432,,
0.9493900066449128,,2.4763968267253302
1.80057962156913,,
1.4299136977637543,,2.706675118700799
1.5719765448033427,,
1.9976047874604543,,2.4677930297856623
1.5581443411709963,,
0.568201724066995,,2.0132586652835167
-0.7276941555979136,,0.4252406791001986
1.5733358400660675,,2.818041048119825
0.5797835966168101,1.3010299956639813,1.3222192947339193
0.9240077671521916,2.315970345456918,
,,1.9063350418050904
,0.255272505103306,
1.816373888752362,1.9084850188786493,2.3780616014047293
1.136720567156407,,
2.0681858617461617,,
,2.255272505103306,
1.8316138553090988,,
,,2.06595298031387
1.960280464436642,,
1.757169331694539,,2.975776189242501
,1.1997551772534747,
2.216957207361097,,3.158814646724226
1.1931245983544616,,2.0755469613925306
1.8535156967569288,,
0.6127838567197355,,1.1903316981702914
2.182129214052998,,2.6139210654639005
1.515343893088381,1.4014005407815442,
4.948999454026953,,
1.3234583668494675,,
1.5996647787884168,1.8350561017201164,
,,1.9242792860618816
1.1139433523068367,1.57978359661681,1.6127838567197357
1.3010299956639813,,
2.551059445354916,,
1.2648178230095364,,2.1749315935284423
2.753659647285999,,3.433977733631108
,,1.7688230254496435
1.4563660331290431,,2.5532760461371
,-1.430626090384954,
0.907034952483417,,1.7745753543387348
0.670245853074124,,
0.6720978579357175,,2.246005904076029
1.3692158574101427,,
1.4483971034577676,,
1.2380461031287957,,1.975431808509263
,2.106530853822381,
-0.2218487496163564,,2.185258765296585
,,3.6097651056927424
1.545307116465824,,
,1.6532125137753435,
,,2.0077051143647804
0.5910646070264992,,1.8115750058705933
1.2442771208018428,,
0.6724119148306317,,0.902361933819861
0.7558748556724915,,1.8260748027008264
2.0026843129897296,,
-0.1549019599857432,,0.785329835010767
1.3423437110098415,,
1.3234583668494675,1.4313637641589874,
0.1613680022349748,,
,1.6354837468149122,
0.670245853074124,1.100370545117563,
2.1734776434529945,,3.465709936418241
0.6812412373755872,,2.166133970305109
1.7997746269329005,,
0.7132384615456617,,
1.3944516808262162,,2.739967696759509
0.3010299956639812,,2.2931414834509307
0.9542425094393248,,2.456973013635818
1.6955517183388942,1.8115750058705933,
1.9766708806248112,,
1.9569268224290544,,
2.9315087218666176,,
1.2187979981117376,1.40226138245468,1.884795363948981
1.7494270991217489,3.0780941504064105,
2.165095874754218,,
0.785329835010767,,1.3117538610557542
0.7708520116421442,,2.491781775584166
1.5563025007672873,,
1.0413926851582251,,
,,0.3708830167776059
1.0,,1.7708520116421442
1.1072099696478683,,2.126131407261984
1.08278537031645,,1.714329759745233
0.5440680443502757,,2.1245042248342823
,,2.103803720955957
1.4828735836087537,,2.481442628502305
,-0.7113037394097442,-1.1062382379420566
-1.3872161432802643,,-0.4365189146055893
1.8656960599160703,,3.0872488677956578
,,1.7388598020722
,1.2966651902615312,
,,1.725094521081469
,-1.4236586497942072,
1.7323937598229686,1.0791812460476249,
1.2143138974243997,1.717670503002262,
,0.9542425094393248,
0.670245853074124,,
,,1.5927317663939622
1.4913616938342726,,2.8915374576725643
1.1760912590556811,1.5185139398778875,1.7853298350107671
,,1.6532125137753435
1.5658478186735176,,1.9138138523837167
1.6232803103244808,,3.2565268886133696
1.7309436934277358,2.609380944250707,
,1.5563025007672873,
0.670245853074124,,
0.2143138974243995,,
2.2882939497862167,,
1.606004956819436,1.7764105888073425,
1.1760912590556811,,2.899273187317604
,,3.191522273157078
,2.534026106056135,
1.5733358400660675,,
-0.0287241512618947,,
1.5595475555804343,,
1.5440680443502757,,
1.5305838596451178,,
2.544068044350276,3.367976164873463,
1.845098040014257,,3.1223469662550785
-0.6095948435199191,1.3692158574101427,
1.2648178230095364,,
-0.5228787452803376,,2.906281155772153
1.3210388927260548,,
,,1.3708830167776058
0.1212643052295813,-0.3467874862246563,
,,2.1832698436828046
1.0126685338963304,,
2.8437963097525225,,3.410825635540598
1.545307116465824,2.2638726768652235,
1.2723058444020865,,
2.969462507974637,,2.4112829130173843
0.9242792860618816,,0.146128035678238
0.7583819417746753,,
0.9542425094393248,,
0.3222192947339193,,1.252853030979893
,1.4456042032735976,
1.1821292140529984,2.1942922815519728,2.27397300376955
2.139249217571607,,2.971275848738105
3.335792770068036,3.161368002234975,3.937852260287463
1.4207806195485653,2.271841606536499,
,2.118595365223762,
1.1139433523068367,,1.6901960800285136
1.7781512503836436,,2.9479236198317262
,,0.6341244515521873
2.5153438930883807,,
,,1.705007959333336
1.683947130751512,,2.7218106152125467
1.8970770032094204,,3.113341604795105
1.7824726241662865,,2.390758528738717
1.0334237554869496,1.7867514221455612,
1.307496037913213,,3.0542682395471874
,3.9559773853639055,
2.707672351014748,2.711638538232349,
3.5784962359440318,4.839772212092347,
,2.601625479553945,
1.1473671077937864,,
1.7611758131557314,,2.3260284683370083
0.8535156967569286,0.3344537511509309,
1.2143138974243997,2.551937695364837,
1.7671558660821804,,
,,0.7388598020722001
,,3.41217988740631
1.6989700043360187,,
2.369215857410143,,
,-1.6020599913279625,
0.6268944322793273,1.1769589805869085,
1.0413926851582251,1.3424226808222062,
,1.0170333392987805,
,1.568201724066995,
1.0,,
,,2.060697840353612
2.060320028688285,,3.4938482527122763
,,
2.7780064614235083,,3.4143883269310757
0.5453071164658241,,
,0.5105450102066121,
1.92551835817743,,
1.3626520879077546,,
1.9132839017604184,,
1.0791812460476249,2.225309281725863,
1.5314789170422551,1.5563025007672873,
1.4831592097169797,,2.333094455888206
,2.1921491250185343,
1.5740312677277188,,2.349277527467956
,1.9712758487381048,2.7717087136871315
2.1473671077937864,2.2764618041732443,2.5839578420864573
,2.921686475483602,2.3560258571931225
,,1.796851749049887
1.701654317325748,,
,,0.8480042714972682
0.9132839017604184,-0.0457574905606751,
0.7671558660821804,,
0.9030899869919436,1.6720978579357175,
0.6334684555795865,,3.297147471801269
4.072988562584616,,
1.2442771208018428,1.954242509439325,
1.0492180226701815,,2.6513749439130434
4.068185861746161,,
,,
,,1.2787536009528289
1.5996647787884168,,2.7423849565286607
1.792391689498254,2.7234556720351857,
2.8770717291059738,,
2.486304777400361,,3.0654297209327304
,1.7024305364455252,
1.2668429487005843,,
1.8567288903828827,,2.686636269262294
0.7708520116421442,,1.8228216453031043
1.568788212315347,2.6424645202421213,
1.9222062774390165,,2.9129125511760967
2.0175758683910745,2.369215857410143,
0.9924651478080432,1.355643050220869,
0.7403626894942439,,2.3416323357780544
2.101609617233111,,1.8937617620579432
0.3234583668494676,,0.5469742758332871
0.7045794496962992,1.4771212547196624,1.6812412373755872
,0.9628426812012424,
1.515343893088381,,
1.8535156967569288,,2.871485367346791
2.502427119984433,3.248218561190075,
1.7275412570285564,,2.6942541120252783
2.178169156566054,,
0.5453071164658241,,
2.726996013587268,3.208621379334218,3.204119982655925
3.7659165457982855,3.8016321176570633,4.194976695619126
1.5866998016240492,,
,,3.5054850700652853
1.6809697184658972,,
2.0896232582132512,2.958924928515815,
1.1038037209559568,,2.375663613960885
1.413299764081252,,2.13640344813399
0.6434526764861874,,2.8464608251293324
2.3388646978908683,,2.8110046199654097
2.680969718465897,,
1.2986347831244356,,
1.4578818967339924,1.9429995933660404,
1.2442771208018428,1.4014005407815442,1.7688230254496435
1.670245853074124,,
1.0380675054926616,,
1.271841606536499,,
1.907034952483417,,
,1.8987251815894937,
2.624488362513449,,
2.097569639431371,2.510545010206612,
2.128883702099773,,
0.3010299956639812,0.0,
1.670245853074124,,2.3550682063488506
1.8444771757456817,2.3096301674258988,
1.1821292140529984,,1.972943008105568
2.0413137153458605,,
2.6127838567197355,,3.7051278663044696
2.15454569242091,,2.9889311134896985
1.1613680022349748,,2.385606273598312
2.4608828150058275,,
,,2.4871383754771865
2.2218574354191367,2.4771212547196626,
1.7883451651521185,,2.9628746134450643
0.7356388146361157,,
1.670245853074124,1.7024305364455252,
,,2.60133193815588
1.0791812460476249,,
2.2099490920219496,2.6186964380204825,
1.1430148002540952,,2.409595019396816
1.3617278360175928,,
,1.255272505103306,
1.9232440186302764,,2.9239689648754714
1.454387467146955,,
2.106870544478654,,2.5459253293558426
1.804582364022804,,2.303694885389238
1.5866998016240492,2.1690863574870227,
0.9658129530366032,2.413936485917296,
1.5185139398778875,,
1.3011819721383155,,
,1.0813473078041325,
,1.9132839017604184,
1.3424226808222062,1.6127838567197357,
0.5453071164658241,,
1.670245853074124,,
2.5153438930883807,,
2.184123354239671,,2.867408556522791
,3.911850778090028,
1.9546765869186435,,
2.937853763611335,3.6989700043360174,
1.1473671077937864,,
1.948999454026953,,2.537214438544131
1.0681858617461617,1.1583624920952498,
0.6720978579357175,,2.64738297011462
1.4471580313422192,,
1.354108439147401,,2.166133970305109
1.403120521175818,,3.208521972931434
0.8692317197309762,,2.82210266864692
-0.1549019599857432,,
0.9374175814771378,,
,,2.539675037091788
1.7678976160180906,,3.227398169873655
2.036668810300097,,
1.24551266781415,,3.1346551422776487
1.501155152620567,,
0.9712758487381052,,
,2.493318608232101,
1.5733358400660675,,
,,1.919078092376074
1.3979400086720375,,
2.398634324538392,,3.3971053617490874
1.4483971034577676,,
1.9712758487381048,2.861653870213911,2.713305697599812
1.320146286111054,,2.4765418090274287
2.3282572497312364,2.300595483889964,
1.5538830266438743,,
,,0.954459602411555
2.4881416102359197,,
0.1212643052295813,-0.3467874862246563,
1.0530784434834195,,2.547282307963304
2.127104798364808,3.2778383330020477,
1.5866998016240492,,
,,
2.5027547657803604,,
,-1.744727494896694,
4.214313897424399,,
1.7323937598229686,,
,,1.7570846221783991
2.3469394626989906,1.8785217955012063,
2.468790262099611,,1.980911937776844
1.0224283711854865,1.8987251815894937,
2.1352805726546795,,3.966768542273922
1.499549625905149,1.954242509439325,1.4378298064082191
1.3234583668494675,,
2.255272505103306,,
1.1174038844163432,,
1.4299136977637543,,2.641949789064144
1.948412965778601,,3.3562171342197358
1.80057962156913,,
2.335798783325365,,3.710399184107305
1.337698805964078,,2.153833150043018
1.146128035678238,1.4313637641589874,
0.8808135922807914,,1.5327543789924978
1.5563025007672873,,2.429752280002408
1.4483971034577676,,
1.3053513694466237,,1.551449997972875
0.3424226808222063,,2.829625353358049
1.0224283711854865,,
,0.3979400086720376,
2.050379756261458,,3.5491013965831826
2.268577971882843,,3.091420728992051
,,1.3010299956639813
,,2.303196057420489
1.9479236198317265,,1.9768083373380665
,2.191702463559193,
1.2723058444020865,2.130333768495006,
,0.5563025007672873,
2.027227254067255,,2.649636617730435
2.024074987307426,,3.2890981990566166
1.0077051143647802,,
,,3.01268751488372
0.7481880270062004,,2.7155855518931964
2.0385327379762552,,
,,
1.3159703454569178,,2.5621738633646483
1.5314789170422551,1.869231719730976,
1.1072099696478683,,1.5634810853944108
2.2049064289025684,2.308350948586726,
0.670245853074124,,
,,3.6074550232146687
,2.808210972924222,
2.241372130158436,,
,,
1.3729120029701063,,1.4653828514484182
1.7309436934277358,,
1.5215042017931997,,
0.8920946026904804,,2.277609214304092
0.9712758487381052,,
,,2.1725153630107723
1.691435152144062,2.385606273598312,
1.545307116465824,,
0.8877297972880304,1.1360860973840974,
0.6989700043360189,,2.523616419054371
1.1613680022349748,,0.8061799739838872
0.9542425094393248,,1.6232492903979006
0.568201724066995,,1.9498777040368749
1.824060717418653,2.763128376799137,
,,
2.276231957921833,,1.9122220565324155
2.1095785469043866,,
0.6690378008851559,,
1.8535156967569288,,
1.663682083571736,1.9151887051731564,2.445821296245828
1.968170424295553,,
2.308735110028761,,2.8455847973738555
1.3222192947339193,,
0.9294189257142929,,1.9867717342662448
0.670245853074124,,
2.733766852764115,,2.852803154379037
,,1.2648296243296795
1.2143138974243997,,
0.8260748027008264,1.414973347970818,
,,2.325125526216931
,,0.8480042714972682
0.5305838596451177,,
,2.184691430817599,
,,2.290746715612086
2.185457157401926,2.3308194664958366,
1.6127838567197357,,
1.809559714635268,,2.089905111439398
1.9208013818256544,2.8239109124112995,3.3010299956639813
1.5168921816512415,,
,2.379124146070392,
2.3924683170438543,,2.8307778695227577
0.670245853074124,,1.3708830167776058
0.6020599913279624,,2.455606112581867
2.1250907130826344,,
1.1986570869544226,,1.9370161074648145
1.7309436934277358,,3.830828074075371
2.0175758683910745,,
1.4471580313422192,,
1.0681858617461617,,
1.5581443411709963,,
0.5733358400660676,,1.579503500660207
1.1821292140529984,,
1.606381365110605,,2.607776603741693
1.4483971034577676,,
1.4831592097169797,,
1.8825245379548805,,3.407407901965182
,,3.129290208965492
,,0.134311010340543
,1.6016254795539446,
2.1719895827021185,,2.3989117403778493
,,2.1164782332055267
1.510545010206612,,2.540579716504454
,,1.5469742758332872
1.3283796034387378,,2.461798557525109
1.1139433523068367,,
1.2986347831244356,,1.876032995097512
1.2143138974243997,,2.26482962432968
1.0681858617461617,1.8441042306975133,
1.7924617313469506,,
0.9712758487381052,,2.0240955305529496
,1.1139433523068367,
,1.2375437381428744,
1.8743658357300488,,
1.2080649481473982,,
1.6324572921847242,,
1.1613680022349748,,2.6036855496147
,,3.1722145777458315
2.1231980750319988,,2.916137983107175
,,1.8714853673467915
4.182990100710176,4.4653639126231415,2.2617385473525378
2.2295538639811365,,
2.4831592097169795,,
1.3222192947339193,,2.7734938922709707
1.2143138974243997,,
1.795184589682424,,2.570893036218392
-0.2328441339178195,0.6532125137753437,
,,1.671913012441587
2.3939260065858368,,3.184719815150272
1.1509712320626118,,2.426516141050441
1.7402837196818792,1.4593924877592308,
0.8692317197309762,,2.227629649571009
,0.7024305364455252,
1.6122539060964374,,
0.6720978579357175,,1.9969492484953808
1.1139433523068367,1.3424226808222062,1.57978359661681
1.784189205380961,,2.1947917577219247
1.6268944322793275,,
1.6479694583629718,,
2.2706788361447066,,3.465010864717408
-0.4771646863394699,1.171141151028382,1.2631624649622166
,1.7024305364455252,
1.230448921378274,1.6434526764861874,
2.306231964874957,2.410608542568368,
,,1.846955325019824
1.6830470382388496,,2.87989832433001
2.076786033508079,,
2.0420633494321563,,3.4149733479708178
1.570192561095726,,
2.311223910432456,,
,,2.7528164311882715
,1.7323937598229686,1.8796692056320536
1.2041199826559248,,
,2.820175177632511,
1.3469394626989906,0.94546858513182,
1.0569048513364727,,0.9344984512435676
1.806179973983887,,3.2477278329097232
1.965812953036603,,
1.2143138974243997,,
1.024485667699167,1.711807229041191,2.0170333392987803
0.3692158574101428,1.6866362692622934,
2.500606922065987,,3.3010299956639813
1.758381941774675,,
2.606004956819436,2.9170851906405675,
2.360971883725936,,
0.3222192947339193,,1.462397997898956
1.948999454026953,,
1.758381941774675,,
0.9242792860618816,,1.7993405494535817
1.3692158574101427,,
1.6989700043360187,2.335798783325365,
,2.0681858617461617,
1.758381941774675,,
,,1.5927317663939622
1.1174038844163432,,1.796851749049887
2.47130638292198,,
0.6627578316815741,1.5563025007672873,
,4.954242509439325,
,,2.506545618777679
1.2986347831244356,,
2.05045709478573,,
1.4582373582051489,,
0.9712758487381052,,
1.2442771208018428,,
1.4483971034577676,,
,,2.506545618777679
2.071882007306125,,2.7307822756663893
1.60959440922522,,2.2935835134961167
,1.3692158574101427,
2.5106656308106103,1.823474229170301,
1.52283531366053,2.0,
1.960280464436642,,
-1.3010299956639813,,
4.784189205380961,,
1.1473671077937864,,
,1.6334684555795864,
1.7853298350107671,,
1.6989700043360187,2.255272505103306,
1.960280464436642,,
1.3469394626989906,,
,,1.740362689494244
1.5185139398778875,,
,,3.144574207609616
1.7381532316546655,,
1.0413926851582251,1.568201724066995,1.6720978579357175
1.414973347970818,,2.1818435879447726
2.2049064289025684,,
2.834630487821257,3.1856356328424464,2.912046602271791
1.4593924877592308,,
1.2632548582147516,,
1.5314789170422551,,
0.8976270912904415,,2.4875625602563782
,,1.6720978579357175
,2.041392685158225,
2.0530784434834195,,
0.9777236052888476,1.3617278360175928,
0.9976047874604544,,
0.8942606644469882,,1.716583407361048
,1.334453751150931,
,1.462397997898956,
,1.255272505103306,
3.301689622087296,3.724505247609918,3.8967912326115615
2.468790262099611,,1.980911937776844
1.390405156480081,,2.687202895035607
1.0106899679142425,,
0.8976270912904415,1.3138672203691537,
1.0681858617461617,,
2.1749315935284423,,3.2785935682411336
2.031408464251624,,2.8191489428071344
,,2.199480914862356
0.2442771208018428,0.670245853074124,
1.6232492903979006,,
2.1920375027132475,,
0.8864907251724818,,2.579897869603104
1.545307116465824,,
1.2143138974243997,,
1.5563025007672873,,2.4727564493172123
2.0681858617461617,,
1.0606978403536116,,2.718418641829655
0.9712758487381052,1.7737864449811935,
2.5996647787884166,,
2.1135088405328197,,3.136799810744238
1.5733358400660675,,
2.0175758683910745,,
1.1398790864012365,,1.6608654780038692
0.9344984512435676,,
1.3692158574101427,,2.815448237541545
,,2.5575072019056577
1.9819997141298784,,
2.0224283711854865,,
1.1095785469043866,,
0.6989700043360189,1.6334684555795864,1.2787536009528289
2.5106656308106103,,
0.3222192947339193,,1.6522463410033232
0.6680689338198494,,
2.4066423553507663,,
2.0549575960124065,2.3271545124094315,
2.085219201044942,,
,,2.7968517490498868
1.3692158574101427,1.48572142648158,
1.4831592097169797,,2.6861534515561973
1.568201724066995,,2.060697840353612
,,0.9149510611278816
2.110589710299249,2.773786444981193,
1.4831592097169797,,
2.1095785469043866,,3.0240955305529496
1.7671558660821804,,2.0551297642929183
0.9432471251378616,1.545307116465824,
0.7781512503836436,,
1.385606273598312,,2.1473671077937864
2.231645413516152,,
1.5595475555804343,,
1.2068258760318498,,
,,1.5927317663939622
2.247162809039331,,
1.9924651478080435,,
,1.0748164406451748,
,1.503790683057181,
0.5595475555804343,,
,,
2.321038892726055,,2.6097651056927424
1.823603324557098,,2.975990448102137
1.611723308007342,,3.350306178879111
1.8877297972880305,1.94546858513182,
,,2.833281014676562
2.2528530309798933,,
,,3.097386606747079
1.230448921378274,,
2.6716355966021297,,3.4689968090596017
2.4979381417485698,,
,,2.713305697599812
1.168211591854024,,
,,1.820618471007636
1.9030899869919435,,3.083036542411965
1.146128035678238,1.7993405494535817,
1.2723058444020865,,
1.4242117189392844,,
1.8221680793680173,,2.42422807069598
,,2.333094455888206
0.8573324964312685,,
2.155336037465062,,2.5650209283452936
,,2.917014221691655
2.182129214052998,,2.910795101356724
2.380211241711606,,3.5905297615378378
4.346939462698991,4.2552725051033065,
1.255272505103306,,1.975431808509263
0.9637878273455552,,3.0511911246856984
0.3234583668494676,,1.634124451552187
1.1821292140529984,1.3692158574101427,
1.4082399653118496,,2.3136563466180315
4.244277120801843,,
,3.064832219738574,
2.4814856258274136,,3.006031530475214
1.9385897670251888,,
,4.878521795501206,
0.8920946026904804,,2.475816413031318
,,2.405645123036818
0.414973347970818,,1.6646419755561257
-0.0180002858701216,0.0877814178095423,0.898083135840586
,,2.397940008672037
,1.669037800885156,
1.5305838596451178,,2.592731766393962
2.8394793043752213,,
,,2.7168377232995247
1.2219355998280053,,
2.428944290035574,,3.13046242928158
-1.0,,2.4671639659690903
,2.2664198658791035,
2.361727836017593,,
1.8316138553090988,,
1.867467487859052,,2.7224693858840308
-0.1122702027119696,0.6151079874431941,
1.359835482339888,,3.3505968648286326
1.2986347831244356,,
1.7634279935629371,,
1.850033257689769,,3.602211967802297
0.9777236052888476,,
1.0681858617461617,2.288696260590256,
,,3.144574207609616
2.475816413031318,,3.35110026003142
1.2041199826559248,,
1.6809697184658972,,
1.7494270991217489,2.219060332448861,
1.816373888752362,,
0.9355072658247128,,
0.4522465745204372,,
1.545307116465824,1.7323937598229686,
1.2295538639811363,,
1.9819997141298784,,
1.701654317325748,,
,,2.9852782407438907
,1.670245853074124,
,,1.944482672150169
1.4522465745204372,,
2.1563371008708097,2.3010299956639813,2.8750612633917
1.1248301494138593,,
,,1.3087351100287614
1.0224283711854865,,
1.7474118078864234,,2.76618969331016
1.2253092817258628,,2.658964842664435
0.1821292140529984,0.4593924877592308,
-1.431798275933005,,
0.505149978319906,,2.3634239329171765
0.7558748556724915,,2.256236533205923
1.784189205380961,2.642662331442036,
2.1280760126687155,2.188928483760854,
0.8316138553090989,,1.565859619993661
1.130333768495006,,2.1344958558346736
1.8512583487190752,,2.100370545117563
,,1.3989117403778497
-0.1536628878701947,,1.5799509963019671
-0.7189666327522725,,
0.7160033436347992,,2.6769678142947586
,,2.214843848047698
1.918157774075012,,
1.5305838596451178,,
,2.179551791165188,
1.6201360549737576,,2.751279103983342
1.292256071356476,,2.198106998873401
0.17539583139403,0.7698202577635922,
,1.424064525417488,
2.69246795758183,2.7352794480604565,
1.1072099696478683,,1.801403710017355
1.6422171294738803,,
1.3234583668494675,1.534026106056135,
1.0334237554869496,,2.8663464227496016
1.3521825181113625,,2.891760401456672
,2.0681858617461617,
1.701654317325748,,2.084093460228235
1.410608542568368,,
1.1174038844163432,,1.796851749049887
2.344647665919406,,3.3275315959828093
0.9542425094393248,,
,,2.845098040014257
1.7494270991217489,1.6532125137753435,
0.5453071164658241,1.255272505103306,2.0077051143647804
,0.48572142648158,
1.3692158574101427,1.717670503002262,
1.6592504687726608,,
1.1613680022349748,,0.8061799739838872
1.7402837196818792,,
0.9883091880368856,,
-0.2328441339178195,1.4313637641589874,
1.2253092817258628,,2.539828558377898
1.0224283711854865,,
0.9132839017604184,,
1.100370545117563,,2.740993931584886
1.7944880466591695,,2.8159760009719856
1.4784878537588986,,2.92577119768729
,,2.8102157106078685
1.9132839017604184,2.189770956346874,
,1.9361785093615893,
1.649334858712142,,2.8228869478341507
,-1.744727494896694,
3.767155866082181,4.209515014542631,
,,0.7629934817889196
,,1.3053513694466237
1.2278867046136734,,2.6414741105041
1.5185139398778875,,3.553761698390004
1.307496037913213,,2.680698029697635
1.600685447840824,,1.902361933819861
1.2986347831244356,,
,,2.1072099696478683
2.424211718939284,2.413634997198556,
2.714589587969231,2.3380578754197563,
1.6812412373755872,2.58983794314746,
1.9766708806248112,,
2.085219201044942,2.3823773034681137,
0.8260748027008264,,2.3001605369513523
0.9712758487381052,,
1.619823500457278,,
1.2442771208018428,,
2.938569756221061,,3.442840224963883
1.0334237554869496,,1.8762178405916423
1.691435152144062,,
0.9712758487381052,2.040602340114073,
2.735638814636116,2.6372895476781744,
1.9493900066449128,,2.897517129400525
0.9700073056399366,,
2.004321373782642,,
,2.0813473078041325,
1.8567288903828827,,3.3279716236230104
1.0128372247051722,,2.4537768596904423
,1.424064525417488,
1.3446476659194058,1.5247854493212225,
0.2986347831244356,,1.4188065690947886
2.027227254067255,2.296665190261531,
2.468790262099611,,1.980911937776844
2.1787755720454105,,
1.9190770458820856,,
2.2355031964943377,,
1.919444210465237,2.04766419460156,
1.2143138974243997,,
1.3979400086720375,,2.338854746252323
1.515343893088381,2.8429834701222174,
1.4325492163618925,,
1.545307116465824,,
1.1473671077937864,1.48572142648158,
1.5866998016240492,,
1.2787536009528289,,1.7474118078864234
0.9712758487381052,,
1.1095785469043866,2.345177616542704,
,,1.80757561444166
0.6434526764861874,,2.8464608251293324
2.1357685145678222,,2.9540977204791896
0.7671558660821804,1.8987251815894937,
1.3944516808262162,,2.818291890799996
1.089905111439398,,2.3047058982127653
1.1687920203141815,1.6379897807846853,2.1792644643390253
1.0969100130080565,,2.371806458507416
1.9532763366673045,,
1.691435152144062,,
2.1095785469043866,,
,1.3624824747511743,0.1151759999002821
,2.439963935920905,
1.7381532316546655,,
1.7693773260761383,,2.945813126587338
1.5595475555804343,,2.9331758812340807
-1.0757207139381184,-1.2676062401770316,-0.8507808873446201
0.0224283711854864,0.5563025007672873,
,,2.333094455888206
1.9041743682841632,,3.249736304568833
1.0863598306747482,,2.4202858849419178
,,1.3708830167776058
4.147367107793786,,4.291701770729981
0.6627578316815741,,
0.7583819417746753,0.1003705451175628,
,1.5563025007672873,
2.023046584075505,,2.8283376000590046
0.6334684555795865,,2.096562438374136
0.5453071164658241,,
0.1473671077937864,0.3692158574101428,
0.8061799739838872,,1.3502480183341627
1.5440680443502757,,2.0280422950907497
0.5453071164658241,,
2.3626520879077546,3.079398339019855,
0.4771212547196624,,1.2041199826559248
,1.934498451243568,
1.0718820073061257,,2.601408060534684
2.241663505199156,,
,,2.561214714947897
2.085219201044942,,
0.9294189257142929,,1.9003671286564705
1.2442771208018428,,
1.268215128299932,,
1.0492180226701815,,2.1728946977521764
0.4313637641589873,,2.121887985103681
2.123851640967086,,
4.068185861746161,,4.634124451552188
0.9294189257142929,,2.587149498254344
1.7860412102425542,,2.7697464671794534
,1.9365137424788936,
1.0200088970620735,,
-0.4771646863394699,1.171141151028382,1.2631624649622166
1.691435152144062,2.163757523981956,4.162105676009008
,,1.929929560084588
0.8463371121298052,1.1583624920952498,
1.846337112129805,,2.5750029994335306
,,2.230448921378274
2.091438321379873,,
-1.3187587626244128,,-0.645891560852599
1.2183280235947205,0.4166405073382809,
2.2143138974244,,
1.390405156480081,2.1126050015345745,
1.5027547657803604,,
0.8450980400142568,,1.7634279935629371
2.128883702099773,,
1.4831592097169797,1.7737864449811935,
2.369215857410143,,
1.260071387985075,,2.591621038213319
1.1095785469043866,,2.0398897977361816
2.0569048513364727,0.4771212547196624,
1.4730195783660998,1.717670503002262,
1.1649473726218416,1.667359546183087,1.9132308711135608
0.17539583139403,0.7698202577635922,
2.6316669471405723,,3.2811515883966726
,,3.1722145777458315
0.9712758487381052,1.510545010206612,
1.0253058652647702,,1.91803033678488
1.410608542568368,,
2.076786033508079,1.255272505103306,
1.816373888752362,2.03342375548695,
,3.076786033508079,
0.6127838567197355,,1.1903316981702914
1.4265112613645752,,3.519486722064457
1.021189299069938,,2.3161800988934527
1.8414602100836155,,
,2.345177616542704,
1.230448921378274,,
2.0082040167538247,,
1.4785664955938431,,2.243286146083446
1.636387585813157,1.954242509439325,
1.4299136977637543,1.534026106056135,
1.484299839346786,,1.209515014542631
,,
1.5843312243675307,,3.456198964659237
2.410608542568368,,
1.8656960599160703,,3.1478308499434595
1.7781338782569227,1.713456940673569,2.582759665164257
2.1760912590556813,2.8016300604667204,
,,1.7510942584892115
,,1.3053513694466237
,,2.1099276643439366
1.9315087218666176,,
0.6627578316815741,,2.3988077302032647
1.591064607026499,,
1.6592504687726608,,
,-0.7746907182741372,
,,3.096522449451143
1.7058637122839193,,3.3335480271899067
,1.3502480183341627,
2.7774558227219925,,
0.5327543789924978,,
,,2.506545618777679
0.8061799739838872,,1.1760912590556811
2.47130638292198,,
1.2624510897304295,,1.6720978579357175
2.182129214052998,,
1.3234583668494675,,2.0551297642929183
1.6851862028670606,2.413634997198556,
1.8345987088585607,,2.846312055956145
1.1821292140529984,,
1.390405156480081,1.846337112129805,
2.0549575960124065,,
1.4941545940184429,,2.3925210899319325
1.7026631319068932,,
1.06707085604537,,
,1.6989700043360187,
1.2479732663618066,,
0.5453071164658241,,
0.3692158574101428,1.510545010206612,
1.2723058444020865,,
2.160468531119037,,2.458033192496506
0.9132839017604184,,1.4378298064082191
,1.48572142648158,
1.0413926851582251,2.1903316981702914,
1.9163749787375604,,2.9535144562672424
2.031973689091717,,
1.5888317255942073,,1.5670263661590604
1.591064607026499,,1.8920946026904804
1.337698805964078,,2.153833150043018
,,
1.2787536009528289,,1.7474118078864234
2.509202522331103,,
1.6525170861136924,2.3964085952240453,
2.625693063651819,,3.208155719279906
1.0681858617461617,,
2.2143138974244,,
,,
1.6444385894678386,,1.9858753573083936
,,1.4378298064082191
,,3.01268751488372
,,1.9242792860618816
1.1473671077937864,1.7466341989375789,1.5927317663939622
,1.0128372247051722,
1.0389577711393665,1.6827315646221837,2.040266007446085
1.9132839017604184,,
0.2143138974243995,0.8115750058705934,
1.3304137733491908,,2.113609151073028
1.1821292140529984,,
1.92551835817743,,
1.7824726241662865,,2.625723909525756
1.0224283711854865,,
0.5797835966168101,,2.342422680822206
,,2.8790958795000727
,1.0170333392987805,
2.0293837776852097,,
0.6901960800285137,,2.3684728384403617
1.1139433523068367,,
1.8675264111997432,,
1.6592504687726608,2.4075608494863627,
,2.4409090820652177,
-0.2328441339178195,0.401400540781544,
,,1.7570846221783991
,2.2095150145426308,
,2.3416323357780544,
0.8450980400142568,,2.059184617631371
,,1.5927317663939622
1.7723363785859607,,
1.545307116465824,,
2.3037143086537104,,2.57045537168281
,,
2.2723058444020863,,
,1.7323937598229686,
2.1509712320626115,,2.385123455892216
,1.4913616938342726,
0.7671558660821804,0.255272505103306,
1.100370545117563,,2.64018319192134
3.0153253793889907,,
0.6398946935548492,,
1.1760912590556811,1.568201724066995,
,,2.999271946827917
0.968006364173258,,
1.0463663786835755,,
0.670245853074124,,
,3.094121595840561,
1.758381941774675,1.8887409606828929,2.522150692108255
1.285669805960068,,
1.900694774452398,,
1.9493900066449128,,
1.3010299956639813,,
2.5106656308106103,,2.972943008105568
,1.4471580313422192,
,,1.671913012441587
0.8463371121298052,0.7323937598229685,
1.2017247701163791,,1.5159757850242388
1.808153558505671,,
,0.9876662649262749,
,2.6768764319731373,
,,2.4601992542530136
1.8444771757456817,2.3096301674258988,
2.2265483538414115,,
1.0293837776852095,,1.5670263661590604
,1.973912570419705,
2.202787915033841,,
1.2442771208018428,,
1.9569268224290544,,
2.513790065019759,2.3344537511509307,
,,
,0.8750612633917001,
2.3735372311927856,,
1.9132839017604184,,
2.2723058444020863,2.375114684692225,
,2.359076226059263,
1.808885867359812,,2.925312091499649
-0.9546770212133424,-0.7670038896078462,
,2.3281756614383227,
1.894260664446988,2.4831592097169795,
,2.813580988568192,
0.7781512503836436,,1.848804701051804
0.0681858617461616,1.6170003411208989,
1.9479236198317265,,1.9768083373380665
0.0224283711854864,0.0334237554869497,
4.214313897424399,,
2.4946971231107367,,
,0.9542425094393248,
0.7671558660821804,,
0.1139433523068367,,0.724275869600789
1.645422269349092,,3.0307615909510166
1.1789769472931697,,
1.4299136977637543,,
,,0.9729430081055682
1.9315087218666176,,
2.399327532158679,,3.3848728944929207
1.9763499790032737,,3.2850845033352187
,,1.8959278238144512
0.7558748556724915,,1.4899584794248346
1.433673846637061,,
,,2.0644579892269186
2.208064948147398,,
2.367970581043394,,3.0
,1.934498451243568,
1.2143138974243997,,
1.255272505103306,1.5563025007672873,
-0.2328441339178195,-0.0457574905606751,
,,1.884795363948981
1.6148972160331343,,2.301897717195208
1.9106244048892007,1.4785664955938431,
1.2278867046136734,,2.7396514437093766
1.5185139398778875,,3.553761698390004
2.6532125137753435,2.8016300604667204,3.335792770068036
1.5866998016240492,,
1.2143138974243997,,
1.6901960800285136,,
-0.6989700043360187,,1.8518696007297664
1.534026106056135,,3.369085920821508
,0.255272505103306,
,,2.136799810744238
1.255272505103306,1.6532125137753435,1.919078092376074
,2.54282542695918,
1.691435152144062,,
1.0681858617461617,,2.626155521880912
,2.781898919351149,
1.706675118700799,,
,2.467460109507264,
2.1095785469043866,,
0.9712758487381052,,2.01268751488372
1.4483971034577676,2.040602340114073,
2.076786033508079,,
,,1.4378298064082191
-0.2196826878598487,,
1.8316138553090988,,
0.7403626894942439,,1.5010592622177514
1.781181799124806,,3.715579720854992
1.146128035678238,,
1.2235218992112236,,
,,
,,1.3087351100287614
2.318605864055056,,3.1893288620204223
1.100370545117563,,
1.255272505103306,1.6532125137753435,1.9030899869919435
,1.462397997898956,
,2.537819095073274,
1.965812953036603,2.7367151336056112,
1.3424226808222062,,
2.4897897886159925,,
0.2148438480476978,-0.0177287669604316,
0.7558748556724915,,
,,1.8260748027008264
1.2278867046136734,,2.4768316285122607
2.6716355966021297,,3.4689968090596017
0.6934983127078355,,2.184908523789829
0.9030899869919436,,1.91803033678488
,0.8573324964312685,
1.779993090787353,,
,2.670245853074124,
0.9294189257142929,,
,,2.9786953369946594
3.5778742241710004,3.7377228581416633,
1.606004956819436,,
1.1205739312058498,,1.6998377258672457
1.2442771208018428,,
0.5394775728051002,,
1.1643528557844371,,2.6942541120252783
1.0606978403536116,,
1.187520720836463,,3.072286669509892
-0.6989700043360187,,2.5732198271144218
-0.8526328922062136,-0.1426675035687315,
1.545307116465824,,
1.860577551244416,,1.848004271497268
2.551059445354916,,
1.3263358609287514,,2.160468531119037
,,1.1947917577219247
1.3087351100287612,,1.2055156231136976
1.9712758487381048,,
1.3136985295603114,1.6668922110665363,
,,2.542121773038875
1.5305838596451178,1.510545010206612,1.848004271497268
1.636387585813157,,
2.81003078640584,2.7648483571934106,
1.0791812460476249,,
2.548192804703312,2.3416323357780544,
0.9867717342662448,,
,0.7993405494535817,
,2.093421685162235,
3.00770511436478,,
1.3617278360175928,,2.40840957846843
1.4638929889859074,,2.553761698390004
1.4313637641589874,2.0791812460476247,
2.6363875858131567,,
3.9753858489894673,,
1.2235218992112236,,
1.5773883840772644,,
,,3.5055569386638217
1.5595475555804343,1.760422483423212,
1.9822712330395684,,
0.4771212547196624,,1.7634279935629371
0.8463371121298052,1.9712758487381048,1.7688230254496435
2.5059364245665496,,
2.318605864055056,,
0.5595475555804343,0.401400540781544,
,,2.450864692379766
2.670245853074124,1.7867514221455612,
1.5899496013257075,,1.4578818967339924
1.6809697184658972,,
1.2013971243204515,,
,1.670245853074124,
1.6122539060964374,,
2.905774299981673,,
-1.055517327849831,,
0.9084850188786496,,2.4763968267253302
2.3282572497312364,,
1.6739419986340878,,3.032175376961363
2.619792232630352,,3.367976164873463
1.670245853074124,1.7024305364455252,
1.611723308007342,,3.350306178879111
1.5563025007672873,,
1.5141491344754374,,3.263240645147533
2.4219328132785085,,2.683947130751512
1.591064607026499,,
1.57287160220048,,2.4742162640762557
1.3692158574101427,,
,,0.7688230254496434
1.701654317325748,,
1.5314789170422551,,
4.068185861746161,,
1.3582204731086798,,
1.3617278360175928,,
,1.100370545117563,
1.0,,2.659345635746177
1.3096301674258988,,2.0835026198302677
1.3364597338485296,,1.82865989653532
1.021189299069938,,1.8739015978644613
1.4183012913197457,,
2.3318219303342698,,
1.021189299069938,,2.3161800988934527
0.5797835966168101,1.3010299956639813,1.3222192947339193
1.4699309439832244,,
0.7323937598229685,,1.513217600067939
1.413299764081252,,2.775974331129369
1.3222192947339193,,
1.6989700043360187,2.335798783325365,
1.5185139398778875,,2.5144149205803688
0.9712758487381052,,
1.5987905067631152,,3.0423392045635507
0.3222192947339193,,1.3324384599156054
,,0.5469742758332871
1.390405156480081,,
2.2038484637462346,,
1.4066423553507663,,
2.185457157401926,,2.765918034806236
1.930949031167523,,2.4345689040341987
1.8743658357300488,,
,,1.4756711883244296
1.2723058444020865,,
1.9942194584250064,,
1.3521825181113625,,2.141763230275788
1.06707085604537,,
1.636387585813157,,
1.2442771208018428,,
1.271841606536499,,2.04766419460156
2.101609617233111,,
,,1.8976270912904416
1.6532125137753435,,
1.1212643052295814,,
0.7309436934277356,1.2046625117482188,
1.0413926851582251,,2.4768316285122607
1.2253092817258628,,1.8948696567452523
0.0681858617461616,2.100370545117563,
0.2041199826559248,,2.375663613960885
0.9030899869919436,,
1.4483971034577676,,2.0077051143647804
1.624488362513449,,
,1.4313637641589874,1.291701770729981
1.1818435879447726,,2.764250875438773
1.9819997141298784,,
1.6618126855372612,,2.62746827245971
0.5185139398778874,,1.5185139398778875
2.8005796215691303,,
,2.1583624920952498,
0.7160033436347992,,1.59659709562646
,-0.9665762445130504,
1.2017247701163791,,2.03364084845918
,1.4629068724922676,
1.515343893088381,,
0.3010299956639812,,2.404149249209695
,,1.5927317663939622
1.691435152144062,2.1245042248342823,
1.6020599913279625,,2.4915017662373264
2.344647665919406,,
,0.6532125137753437,
1.6872791923729045,1.625415352154408,
2.0681858617461617,,
,,1.848004271497268
0.5453071164658241,0.7867514221455612,
,,1.5927317663939622
0.7574947208697819,,
,2.110185527411162,
,,1.95256724873385
,,1.7558748556724917
,,1.4899584794248346
2.091438321379873,,
1.3159703454569178,,2.365675140455917
1.1583624920952498,,2.4513258084895195
,,1.889396956655493
,,1.8714853673467915
1.140067869052287,,1.7388598020722
2.168177095290846,,
1.5224442335063195,,2.0170333392987803
1.0086001717619175,,3.2478505669735336
2.4184338800803244,3.202215775801132,
2.521138083704036,,
0.785329835010767,,1.6532125137753435
1.823930455125564,,2.425974160919376
1.5976951859255124,,
,,
0.4471580313422192,,1.390935107103379
1.0026843129897294,,
2.0729847446279304,,2.563362409486607
-0.9136401693252518,,
1.9722028383790644,,2.3326404103874627
,,1.944482672150169
1.3469394626989906,,
0.7708520116421442,,1.582063362911709
4.612253906096437,,4.7388598020722
0.7671558660821804,1.8987251815894937,
2.3626520879077546,,
2.2814878879400813,,3.384675923359566
,,2.0077051143647804
0.5563025007672873,,1.899273187317604
2.208064948147398,,2.843151768702856
1.577491799837225,,1.4800069429571503
1.3234583668494675,,
0.0,,1.5599066250361124
1.0718820073061257,,2.584783378996508
1.7075701760979365,,2.7038929536325447
,0.5105450102066121,
0.7923916894982539,,1.877371345869774
0.5563025007672873,,1.4727564493172125
1.952792443044092,,2.665393350279712
0.919078092376074,1.7075701760979365,
1.69810054562339,,2.77232170672292
0.4483971034577676,0.2095150145426309,0.8480042714972682
,0.0334237554869497,
1.469822015978163,,2.2739267801005254
,,0.134311010340543
2.105612359686785,,
1.9712758487381048,2.861653870213911,2.713305697599812
1.784189205380961,,3.490358857684404
1.08278537031645,,1.5198279937757189
0.255272505103306,,1.8591382972945307
1.0293837776852095,,1.4313637641589874
,,2.071882007306125
1.3469394626989906,,
1.4582373582051489,,
1.7824726241662865,,2.4577305482459986
2.0224283711854865,,3.34713478291002
0.7781512503836436,,1.7481880270062005
,,1.7688230254496435
1.06707085604537,,
2.411397451925909,1.250907699700856,
1.0334237554869496,,3.2619761913978125
,,2.1725153630107723
1.7226339225338123,,2.7428036584691657
0.7634279935629372,,
1.7275412570285564,,2.872039667973286
1.9395192526186185,,
1.3234583668494675,,
0.5453071164658241,,
1.235528446907549,,2.4781334281005174
1.1821292140529984,,
3.971275848738105,,
2.3096301674258988,,
,,0.7388598020722001
0.7923916894982539,,1.5831987739686226
1.2013971243204515,,2.081707270097349
1.7781512503836436,,3.203087306472448
1.390405156480081,,
2.456366033129043,3.187520720836463,
1.7671558660821804,,
,1.7294887691795613,
1.2235218992112236,,
1.1760912590556811,1.3222192947339193,
0.8129133566428556,,2.1439511164239637
1.410608542568368,,1.8714853673467915
,0.3692158574101428,
,,1.6232492903979006
,,
1.2013971243204515,,2.004751155591001
2.8908120989551245,,3.6685350050820937
,,1.0698530211136246
,1.8785217955012063,
1.2442771208018428,1.670245853074124,
3.41328299563082,,3.858555242671831
2.4410978647162684,,
,,2.3409197934001624
1.2787536009528289,,
1.4661258704181992,2.17435059747938,
1.3617278360175928,1.662757831681574,
1.187520720836463,,2.9721102284028307
,,2.52244423350632
2.720432202749485,,
1.6812412373755872,,
1.545307116465824,2.617000341120899,
0.0681858617461616,,
3.3324384599156054,3.70472261894507,
2.5643109099606027,2.4779889762508893,
1.0791812460476249,,
1.9982593384236984,,2.3564083270389813
0.8163738887523619,,
2.0527131750899543,,
1.0681858617461617,2.288696260590256,
0.5314789170422551,1.146128035678238,
1.0170333392987805,,1.5010592622177514
0.2304489213782739,,-0.2006594505464183
1.0863598306747482,,1.8228216453031043
,0.0334237554869497,
1.9314070135565733,2.1357685145678222,2.8429024142057004
1.320146286111054,,2.669967369908504
,2.3951515915045425,
1.5168921816512415,,
1.9132839017604184,2.011147360775797,2.592731766393962
1.667452952889954,,1.7686381012476144
0.3469394626989905,,
1.8702751196278944,,
1.6989700043360187,,
,,2.136799810744238
,,2.291701770729981
1.9432471251378616,,
2.889043851185862,3.040602340114073,
1.5305838596451178,,
1.758381941774675,,
0.9208013818256542,,
1.0791812460476249,,
,,1.944482672150169
1.5595475555804343,,
1.3692158574101427,,
0.5797835966168101,,1.155336037465062
2.8612774619227417,2.611298362296429,
2.1352805726546795,,3.966768542273922
1.1760912590556811,,
0.7403626894942439,,2.709863317440399
-1.0,,1.1818435879447726
,2.3725438007590705,
1.954242509439325,,2.9423057528958942
,,1.9351544472161684
-1.193820026016113,,-0.4271283977995198
0.9030899869919436,,
1.925312091499649,2.6884198220027105,
,2.493318608232101,
1.3242824552976926,,2.501606922418829
0.568201724066995,,1.416640507338281
1.5983855599492438,,
,,1.9063350418050904
1.816373888752362,,
1.4203683798575242,,
2.311223910432456,,
,2.054613054556888,
1.4682054968113205,,
1.7145895879692312,2.181614951728961,
1.515343893088381,,
2.144885418287142,,1.9849771264154936
,,
2.0893751608160995,,
2.5461723683169426,,3.217773377401496
4.068185861746161,,
2.372245327963761,,
1.1095785469043866,,
0.5733358400660676,,
1.0791812460476249,1.0413926851582251,
0.9542425094393248,,3.139154658406904
,2.087781417809542,
1.7269715836828767,,
0.3692158574101428,1.99563519459755,
1.130333768495006,,
0.2041199826559248,,2.692582562274909
,,2.8785217955012063
1.7116385382323491,2.1245042248342823,2.308735110028761
1.1473671077937864,,
2.0389974726186795,,
0.2787536009528289,,1.7387805584843692
,,2.53770767480601
4.559547555580434,,
4.831613855309099,4.979548374704095,
1.9798760205000228,,
1.3502480183341627,,2.9733587998863977
1.3670389381558683,,
-0.6989700043360187,,1.8518696007297664
-1.42021640338319,,
,,2.6836948429896936
1.5563025007672873,,
,,1.8325089127062364
,1.6354837468149122,
,,2.649636617730435
,,3.269425376018829
0.1760912590556812,,1.8388490907372552
1.618090477599606,,2.059672735032611
,,
,,1.954459602411555
1.0334237554869496,,1.0569048513364727
1.2442771208018428,,
0.9712758487381052,,
1.469822015978163,,3.458018065291854
1.4281347940287887,,2.553761698390004
3.048189233329908,,
1.410608542568368,,
2.5027547657803604,,
1.824060717418653,2.8573324964312685,
1.1760912590556811,,2.899273187317604
0.6720978579357175,1.3222192947339193,
,1.6334684555795864,
4.92551835817743,4.799340549453582,
,2.311032969791041,
0.9378687965638594,,
,,2.5750029994335306
0.8750612633917001,,1.6866362692622934
,0.6354837468149122,
1.0681858617461617,,
0.1473671077937864,,1.0240955305529496
1.670245853074124,,2.8551828561243915
1.3469394626989906,,1.9351544472161684
1.670245853074124,1.7024305364455252,
,1.9273703630390235,1.9149510611278813
,,3.257373741950088
,-1.435333935747911,-1.7011469235902934
-1.5086383061657274,,
1.792391689498254,,
0.3010299956639812,,2.404149249209695
1.9405164849325671,,3.3397097547798325
1.2648178230095364,,2.1749315935284423
1.5305838596451178,,
2.0077051143647804,,
,1.9084850188786493,
,,1.1139433523068367
1.354108439147401,2.513084360465144,3.087497472404264
2.0077051143647804,,
1.8675264111997432,2.2764618041732443,
2.369215857410143,,
0.6434526764861874,,1.6599162000698502
0.7634279935629372,,1.7101173651118162
2.379939722801916,,
1.1095785469043866,,
1.6211762817750353,,2.534026106056135
1.7402837196818792,2.597695185925512,
1.6998377258672457,,3.210906813654374
0.5453071164658241,,1.8714853673467915
,1.7323937598229686,
1.8029856913350089,,
0.9712758487381052,1.1846914308175989,
,2.04766419460156,
4.839037873388306,,
1.5719765448033427,,
,2.5563025007672877,
1.146128035678238,,
0.9395192526186184,,2.6020599913279625
2.204119982655925,,
1.100370545117563,,
1.998695158311656,,2.381656482585787
0.9084850188786496,,2.435207103240748
1.545307116465824,,
0.8808135922807914,,2.2884728005997825
-0.8538719643217619,1.740362689494244,
1.6989700043360187,,2.367970581043394
1.0463663786835755,,
1.0492180226701815,,2.526339277389844
1.775756037844098,,
1.701654317325748,,
,1.8115750058705933,
0.9912260756924948,,2.482015576450712
1.6866362692622934,,2.682686478249768
,1.4014005407815442,
1.951823035315912,,2.934649922900711
,,2.3561597599568995
0.499549625905149,1.0813473078041325,
2.05045709478573,,
2.244277120801843,1.954242509439325,
1.5595475555804343,,
0.2723058444020864,,
2.2934951434720245,2.678518379040114,
,,-0.7166987712964504
2.116939646550756,,3.2915242450080657
2.390405156480081,2.678518379040114,2.412275701935831
1.2227164711475833,,1.7752462597402363
,,1.4958217533859055
1.0319736890917168,,
,,2.069853021113625
1.3692158574101427,,
0.3222192947339193,,3.015108160645837
1.1821292140529984,,
1.2723058444020865,1.3692158574101427,
1.3559875916763875,,1.2648296243296795
1.4661258704181992,1.8350561017201164,
4.109578546904387,,
1.7924617313469506,2.179551791165188,
0.99563519459755,,2.345569756056392
1.5624796304114943,,
1.146128035678238,1.4313637641589874,1.7075701760979365
0.8633228601204559,,1.91539983521227
0.7160033436347992,,2.6769678142947586
1.4661258704181992,,
1.6196358597190368,,
1.2442771208018428,,
1.4313637641589874,,3.096562438374136
0.8808135922807914,,2.004751155591001
1.6809697184658972,,
1.1335389083702174,,
0.9132839017604184,,
1.0681858617461617,,1.8937617620579432
1.5996647787884168,,
1.0969100130080565,,2.371806458507416
1.1821292140529984,1.534026106056135,
2.7016543173257483,2.348694190265541,
0.146128035678238,,1.6424645202421213
2.3469394626989906,,2.848004271497268
,1.8987251815894937,
,,1.9351544472161684
,,2.1931245983544616
2.821768920639068,,3.211825097020705
,,
1.1174038844163432,1.1637575239819558,
1.2723058444020865,,
2.089905111439398,,
1.2986347831244356,,2.80757561444166
0.8260748027008264,,2.015778756389041
0.4299136977637544,0.5563025007672873,
0.0791812460476248,,1.1139433523068367
1.436162647040756,,1.6464037262230695
,,2.866889615657642
,0.4933186082321014,
0.5910646070264992,,2.625209525381881
2.444762818802673,,
1.5381550712461212,,
,,
4.272305844402086,,
1.2041199826559248,,2.1947917577219247
,,2.0398897977361816
,,2.6611782849298105
1.5595475555804343,,
,,2.1242106834362176
2.018209768269488,,
1.422294300893563,2.036309443724438,
,2.198657086954422,
0.0,,2.2427898094786767
2.529558673021163,,
,,1.4315808571312176
2.244277120801843,,
,,3.361727836017593
2.0077051143647804,,
1.0934216851622351,,1.8457180179666584
0.9294189257142929,,1.9003671286564705
1.3692158574101427,,
,1.8680563618230417,
2.3011819721383158,2.823474229170301,
1.887617300335736,,3.3116691124006112
1.2143138974243997,,
1.1818435879447726,,3.266960398597696
1.5390760987927767,,2.2895889525425965
0.5453071164658241,,
0.6363875858131566,,
4.624488362513449,,
0.9132839017604184,,
1.812913356642856,2.6232492903979003,2.7558748556724915
1.2041199826559248,1.6434526764861874,
,0.1583624920952496,
,,1.2739730037695494
1.6809697184658972,,
,1.3010299956639813,1.6334684555795864
,,2.2361844428801496
2.0569048513364727,0.4771212547196624,
2.7467898321526123,,2.7704101315139065
0.0681858617461616,1.334453751150931,1.7688230254496435
0.8254261177678232,1.919078092376074,2.049218022670181
,-0.6989700043360187,
,,
,1.503790683057181,
,0.4623979978989561,
1.2143138974243997,1.9628426812012425,
0.6627578316815741,2.1179338350396413,
2.6919518618800926,,
0.7634279935629372,,2.477265995424853
1.691435152144062,2.385606273598312,
0.7481880270062004,,1.7226339225338123
2.512230657664238,,
-1.1023729087095586,-1.1804560644581312,-0.4621809049267259
1.2676761559605485,4.602843511380704,
1.5866998016240492,,
,,2.3443922736851106
1.6354837468149122,,3.038818787373656
,,
2.355987591676388,2.7466341989375787,
0.2787536009528289,,1.667452952889954
0.8260748027008264,,2.3001605369513523
,,0.8937617620579434
0.4771212547196624,1.7781512503836436,1.380211241711606
1.230448921378274,,1.6503075231319364
1.6809697184658972,,
0.7323937598229685,,1.513217600067939
1.3159703454569178,,2.365675140455917
1.3304137733491908,,3.055607651708712
1.691435152144062,,1.5927317663939622
0.4623979978989561,,
1.825426117767823,2.1360860973840974,
0.9132839017604184,1.9628426812012425,
1.410608542568368,,1.8714853673467915
,,2.630158264334586
1.80057962156913,2.1583624920952498,
2.5059364245665496,,
,1.4885507165004443,
1.4864871530659072,1.967079734144497,
1.235528446907549,,2.325104982971407
1.9766708806248112,,
1.515343893088381,,
1.824060717418653,,
,,
1.6479694583629718,,
2.151277893904123,,3.041392685158225
,4.635483746814912,
0.8085485512404055,,
0.691435152144062,1.1245042248342825,1.3251255262169308
1.1931245983544616,,2.014520538757924
1.3673559210260189,,3.654590416951599
2.4164907247943224,,
1.2143138974243997,1.209515014542631,
1.5733358400660675,,
1.4261207087466157,,
,-0.1592667653881933,-0.2564902352715702
1.390405156480081,,
0.5314789170422551,,2.35314654621398
-0.7818585318423221,0.734799829588847,1.461543544610252
,1.8680563618230417,
1.960280464436642,,
2.550105999347593,,3.4837584137882485
2.182129214052998,,
,3.1055101847699738,
1.1288837020997733,,2.4566491433518225
,-0.4659738939438649,
1.1643528557844371,,2.380211241711606
,,2.6776653413306786
1.0492180226701815,,2.9740970037941312
-0.6095948435199191,,1.124210683436217
1.2041199826559248,1.5563025007672873,
2.5153438930883807,,
,,2.6982419511639364
0.9380040697254898,,
1.434568904034199,,2.89867034296553
1.6570175873403687,,1.955967570877656
1.7007037171450194,,3.120310642636462
2.0638210563437114,2.2329961103921536,
1.6127838567197357,,2.57611089412084
1.5145477526602862,,2.9336391125249253
2.724275869600789,3.1760912590556813,
,,2.6343865727479776
1.1986570869544226,,2.8298181874388777
2.011993114659257,,2.783331762887424
3.2064210652379885,,
1.8877297972880305,,
1.6020599913279625,,
,,3.328330666092142
2.5678729443645656,,
1.9924651478080435,,
0.9712758487381052,1.2966651902615312,
0.7923916894982539,,2.612253906096438
1.6263403673750425,,2.69284691927723
0.9395192526186184,,1.4082399653118496
1.7671558660821804,1.954242509439325,
,,0.9801215927326916
1.797959643737196,,
0.6989700043360189,,3.3990677089490724
-1.6777807052660807,-1.337242168318426,
1.020978304790254,,1.6055689910991344
1.2723058444020865,1.510545010206612,1.9149510611278813
1.423245873936808,,2.547528576459782
1.410608542568368,,2.14173502841975
0.3010299956639812,,1.5987905067631152
2.330636951476591,1.255272505103306,
0.1473671077937864,0.8350561017201162,
,,2.174795129305671
3.026749744968129,,
,,2.370883016777606
1.8535156967569288,,
-0.3279021420642826,,
1.5703397546175224,,2.283459310264329
1.6434526764861874,2.6580113966571126,
1.4483971034577676,,
0.7494270991217489,,
1.6955517183388942,,
-0.2328441339178195,-0.0457574905606751,
0.5314789170422551,,2.919757780501894
-0.707743928643524,,
0.146128035678238,,1.6424645202421213
,,1.0240955305529496
2.5595475555804343,,
,1.462397997898956,
0.9712758487381052,,3.130550861467236
1.354108439147401,,2.941610802153634
1.4483971034577676,1.48572142648158,
,2.0170333392987803,
,2.2522217535986875,
1.2723058444020865,,
1.3424226808222062,,
2.619792232630352,,3.367976164873463
0.7671558660821804,,
0.146128035678238,,1.4329692908744058
2.0351786954659974,,3.1035607473094746
0.919078092376074,,
0.3443922736851107,0.5024271199844327,
,1.5185139398778875,1.7708520116421442
1.2671717284030135,1.5440680443502757,1.7558748556724917
1.0224283711854865,1.100370545117563,
0.0224283711854864,0.94546858513182,
,,1.5314789170422551
0.0,,0.146128035678238
2.0082040167538247,,
1.662757831681574,,
,,1.944482672150169
1.3469394626989906,1.5976951859255124,
0.7323937598229685,,2.616580530085886
1.2183280235947205,,
2.247162809039331,,
0.3617278360175928,,1.606381365110605
1.4727564493172125,,2.481729196960016
2.298197867109815,,3.2637070646074315
,1.2143138974243997,
2.9703933720796,,2.656385719058688
,,0.5469742758332871
1.812913356642856,,
1.6122539060964374,,
,2.813580988568192,
1.146128035678238,,1.5314789170422551
1.670245853074124,,
0.5185139398778874,,0.3617278360175928
2.467928787989023,,2.971184177872712
4.636387585813156,,
,1.6479694583629718,
1.711807229041191,,2.196452541703389
0.7781512503836436,,
1.8675264111997432,,
1.636387585813157,,
0.0077051143647801,,1.1086056101056412
1.0569048513364727,1.3010299956639813,
,,2.418740171046566
1.0293837776852095,,1.4313637641589874
2.35430056234536,,
1.8675264111997432,1.7867514221455612,
1.7309436934277358,,2.333094455888206
1.1038037209559568,,1.167317334748176
2.009450895798694,,3.472917269345676
0.5305838596451177,,
1.0681858617461617,,2.0240955305529496
2.553907288227742,,
1.3679147387937527,,
0.5305838596451177,0.5563025007672873,
0.670245853074124,1.8350561017201164,1.7388598020722
1.704673758099527,,
1.1821292140529984,,
,,1.919078092376074
1.6866362692622934,,2.682686478249768
4.721398375521505,,
,1.470116353151004,1.0698530211136246
1.4281347940287887,,2.553761698390004
0.6074550232146685,0.8413594704548549,1.1818435879447726
1.960280464436642,,
0.9084850188786496,,2.355259905527378
0.4623979978989561,,2.238297067875394
-0.1536628878701947,,0.8893969566554933
1.1473671077937864,,
1.4116197059632305,,
0.9315087218666176,,
1.4727564493172125,,2.481729196960016
1.1181787186663044,,
1.2723058444020865,,2.2159810567918625
2.04688519083771,,2.86123561863404
,,0.9149510611278816
0.8920946026904804,1.380211241711606,
1.8881901685544795,,
,,
1.7671558660821804,,
2.052262895648993,,
1.1473671077937864,,
1.3384564936046048,,2.4097641042663462
2.7799930907873525,,
,1.934498451243568,
2.913283901760418,,
1.5438198051426577,1.6246945312720813,2.2386231053847
,,1.124210683436217
,2.593728998707911,
,,1.2648296243296795
,,2.4665299103542333
1.2442771208018428,,2.136799810744238
,1.9273703630390235,
1.0681858617461617,2.288696260590256,
1.6020599913279625,,2.4915017662373264
2.05045709478573,,
1.1760912590556811,1.4471580313422192,1.7634279935629371
1.802089257881733,,2.564073978977147
2.311223910432456,,
,,2.5839578420864573
0.5453071164658241,,
,,1.8750612633917
1.5996647787884168,2.1583624920952498,
,1.8785217955012063,
0.7494270991217489,1.3234583668494675,
2.1386184338994925,,2.4446692309385245
,,
2.9239689648754714,,3.347895693493232
1.146128035678238,,1.5563025007672873
,,2.0863598306747484
2.2079035303860515,,3.621093155258961
1.3011819721383155,,
1.900694774452398,,
2.117403884416343,,
,,2.6755171367104125
1.3117538610557542,,1.6532125137753435
,-1.6382721639824072,
1.6122539060964374,,
1.0128372247051722,,3.043833654133147
1.2988530764097066,,2.558468562523795
1.462637542572378,2.125090713082634,
1.2986347831244356,,1.245944280169306
0.8388490907372553,1.662757831681574,1.9084850188786493
0.4661258704181992,-0.0457574905606751,
2.036668810300097,,
1.3692158574101427,,
1.390935107103379,,3.354242934309549
1.0681858617461617,,
1.1095785469043866,,
2.28037346615012,,3.014335693263793
1.3582204731086798,,
2.133538908370217,,
,2.5209418219780617,
2.0126685338963304,,
0.4313637641589873,,2.535167485114944
,,
1.0224283711854865,,
0.6901960800285137,,2.3242824552976926
1.1139433523068367,,
,,
,0.5910646070264992,
,1.4313637641589874,
,2.4983105537896004,
,,2.3409197934001624
2.709269960975831,2.8656960599160706,
,,
1.4727564493172125,,2.481729196960016
,,
1.1473671077937864,,
0.0791812460476248,,1.586587304671755
0.7781512503836436,1.806179973983887,
1.0293837776852095,,1.8318697742805017
,1.977723605288848,
1.5352941200427703,,2.583085366347688
,,1.706675118700799
1.1473671077937864,,-1.5528419686577808
,,1.0698530211136246
1.2442771208018428,1.4014005407815442,
2.470704429722788,,3.057856208741888
1.0791812460476249,,
1.1583624920952498,,1.911690158753861
2.8120438979302267,,3.438668900686737
0.9712758487381052,,3.130550861467236
-0.0457574905606751,,1.4683473304121573
0.4313637641589873,,1.5185139398778875
-1.679853713888946,,
1.6901960800285136,,
0.9208013818256542,,
1.656098202012832,,2.6129956560323477
1.3304137733491908,,2.113609151073028
,,
1.51627088272934,,
2.311223910432456,,
,,2.4188065690947886
-0.1191864077192086,,-0.0362121726544447
,1.846337112129805,
1.45020290432103,,
,0.1760912590556812,
0.9294189257142929,,1.640481436970422
1.5954962218255742,,3.295171106790104
4.13264385097308,,
1.5996647787884168,,
0.6127838567197355,,2.167317334748176
1.2143138974243997,,
1.436162647040756,,1.6464037262230695
1.2041199826559248,,
,,1.919078092376074
,,3.2076289824270967
1.900694774452398,,
1.9924651478080435,,
1.255272505103306,,1.8195439355418688
3.016109481577888,,3.5593427530758963
1.4483971034577676,,
0.5797835966168101,,1.100370545117563
-0.2328441339178195,-0.0457574905606751,
,,-0.5228787452803376
2.619635859719037,2.9568404901592333,
3.9924651478080433,4.242044239369551,4.45006426282523
3.7402837196818792,,4.226200221973548
0.7016543173257481,2.615107987443194,
,,2.291701770729981
2.263233538439489,4.1663315204698055,3.1194769403851077
1.3443922736851108,,2.542451947375977
2.545307116465824,,
-0.914780798955058,,
,,
-1.3010299956639813,,-1.1870866433571443
1.0281807000745775,,
1.758204642534857,,
2.854937283891722,,
0.9344984512435676,,3.0686681432859
0.5453071164658241,,
,3.315422411252926,
,,0.9149510611278816
1.9084850188786493,,
,1.823474229170301,
,,
1.977723605288848,2.792391689498254,
4.961947623804105,,
1.410608542568368,,
1.06707085604537,,
2.0681858617461617,,
,,1.3708830167776058
2.110589710299249,2.773786444981193,
0.8450980400142568,,1.8260748027008264
,1.6170003411208989,
,,3.037244972728005
1.1650958747542182,,
1.285557309007774,,2.386498965550653
0.9542425094393248,,
1.0170333392987805,,2.0637085593914173
1.2723058444020865,-1.744727494896694,
2.69246795758183,3.423180315104786,3.710665601433603
1.499549625905149,,
,,
0.505149978319906,,2.3634239329171765
1.8563542328873293,2.317854489331469,
3.2723058444020863,,
1.2253092817258628,,2.5179872030250783
2.550105999347593,,3.4837584137882485
1.2986347831244356,,2.1242106834362176
4.931508721866617,,
0.0681858617461616,,
1.403120521175818,,3.253531843527005
0.9731278535996988,,
1.0791812460476249,1.5563025007672873,
2.369215857410143,,
,,
1.6696301663436166,1.9795483747040952,
0.5840597054578407,,1.1441817643668375
,,2.317007635994752
3.7269984565021264,4.335792168737724,4.58357654786921
0.8512583487190752,,1.4727564493172125
1.5976951859255124,,2.307923703611882
1.1473671077937864,,1.9149510611278813
1.4281347940287887,,2.414639146737009
,,2.287101985975743
0.4623979978989561,,2.795741020869244
1.670245853074124,,
2.7780064614235083,,3.4143883269310757
,,3.6097651056927424
1.7895807121644254,,2.7792356316758635
1.0413926851582251,,3.024157154459673
1.1335389083702174,,2.484157424365381
1.0969100130080565,,2.659440781870318
-0.2448877336049288,,0.3492775274679552
2.683083077779296,,
1.5010592622177514,0.8463371121298052,1.0976043288744108
2.28302970979386,,
,1.6354837468149122,
1.4913616938342726,,2.785977411891045
1.1473671077937864,,
1.6138418218760693,,2.243534101832062
2.072249897613515,,2.4435758797502576
,,2.3561597599568995
0.5866998016240491,,
1.724275869600789,2.447158031342219,2.686636269262294
1.258517559916453,,
1.3617278360175928,,2.4466924663715277
1.271841606536499,,1.8785217955012063
0.9132839017604184,1.100370545117563,
1.4199557484897578,,3.0280015793468578
0.0224283711854864,,
1.2723058444020865,,
1.59659709562646,,
-0.3010299956639812,,1.7824726241662865
1.7116385382323491,,
,,
2.4410978647162684,,
-1.2786016244784948,-1.0287241512618948,-0.2370065182110804
1.8385342705118688,,2.763839629395825
,,0.4378298064082189
2.685186202867061,,
1.1986570869544226,,
1.3692158574101427,,2.815448237541545
,,1.954459602411555
1.1473671077937864,,
1.6479694583629718,,
-0.8526328922062136,-0.1426675035687315,
1.2227164711475833,,2.5992278627737964
1.1931245983544616,,1.792391689498254
,,2.3635837780361064
0.8463371121298052,,
0.0681858617461616,,1.9351544472161684
2.4465837626942992,,2.866889615657642
1.0272272540672551,0.6354837468149122,
,,2.68263687783336
0.7671558660821804,,
3.545307116465824,,4.60133193815588
1.290034611362518,,2.6600112212893308
0.568201724066995,,1.7895807121644254
,1.845098040014257,
,,2.60133193815588
1.670245853074124,,
1.1335389083702174,,
0.8325089127062363,,3.015904377895553
1.9595183769729985,,3.454173852177724
0.5453071164658241,,
0.5453071164658241,,
1.4299136977637543,,
2.8154655743005708,,
1.4409090820652175,,
1.1580909731855595,,
0.414973347970818,,1.5634810853944108
,,2.6867208635539024
2.765914312276788,,3.0211892990699383
2.3469394626989906,,
1.2442771208018428,,
-1.055517327849831,,
1.2613104601006233,,
0.9374175814771378,1.4196253608877432,1.1725153630107723
2.0417754851734187,,3.5391840314070357
2.1250907130826344,,
2.0770043267933502,,3.334815512506212
1.4871383754771863,,2.0870712059065357
1.4548448600085102,,2.683767261425312
1.2668429487005843,,1.5195884753436544
,,
1.0791812460476249,,
1.3424226808222062,,
2.4897897886159925,1.510545010206612,
1.3384564936046048,,2.5174598265402324
1.0791812460476249,,1.5440680443502757
2.0077051143647804,,
1.6354837468149122,,3.038818787373656
2.1952906601109694,,
1.6181527333785195,,
,2.0681858617461617,
2.120277720339369,,
0.8061799739838872,,1.9903388547876013
1.211200662000257,1.3159703454569178,2.191522273157078
1.4661258704181992,1.9712758487381048,
1.7384317148202857,,
1.439253724017898,,
,,1.3087351100287614
1.1139433523068367,1.5440680443502757,
0.0681858617461616,,0.954459602411555
1.1846914308175989,,2.387033701282363
,,1.568201724066995
0.7309436934277356,1.2046625117482188,
,1.3159703454569178,
1.9819997141298784,,
,,0.4378298064082189
2.3469394626989906,,2.848004271497268
2.226857570288724,,1.9804578922761
2.2615887648085797,,
1.08278537031645,,1.5198279937757189
1.230448921378274,,2.836324115706752
1.6242820958356683,,2.506234359612126
1.0,1.7132384615456615,
1.2631624649622166,,
0.8450980400142568,,
0.9825290188656024,,
0.9924651478080432,,
1.52283531366053,1.9208013818256544,
1.52283531366053,,3.35538829665446
0.9637878273455552,,
1.0791812460476249,,
1.6720978579357175,,
2.2640855141553957,,
,,2.6755171367104125
0.670245853074124,,
2.064832219738574,,3.1293998361358955
1.1095785469043866,,
1.7924617313469506,,
1.9374175814771373,2.094121595840561,
1.5763413502057928,,2.610979379922997
0.9132839017604184,,
,,2.1789769472931693
1.0224283711854865,,
0.8450980400142568,,
0.9432471251378616,,
1.5958157626175005,1.8659326681931856,2.7830634645642536
2.0175758683910745,,
,,2.649636617730435
,0.5105450102066121,
3.913283901760418,,4.7388598020722
0.6367886890343748,,
,1.6866362692622934,
0.8981325576877975,,
,,2.6097651056927424
0.7671558660821804,1.100370545117563,
,,2.2282155132088746
,,1.8154482375415453
1.611723308007342,,3.5133108434738616
1.6434526764861874,,2.6628522332647964
1.1613680022349748,,2.6036855496147
1.2966651902615312,,2.163757523981956
,,2.713305697599812
0.3469394626989905,1.0334237554869496,
,,0.291701770729981
1.9057958803678683,,2.1427022457376155
1.2253092817258628,,2.5179872030250783
-0.3010299956639812,,1.292256071356476
1.3692158574101427,,
1.416640507338281,,2.186673867499745
1.9084850188786493,,2.406369835469268
1.7671558660821804,,
0.7708520116421442,,
,,1.634124451552187
2.424211718939284,,
0.2041199826559248,,1.830588668685144
2.117403884416343,,
1.0791812460476249,,1.5440680443502757
0.9822712330395684,,2.929214503737394
1.155336037465062,,2.702171950857711
1.3692158574101427,,
2.3400274682826607,,
1.4483971034577676,,
1.0334237554869496,,2.137670537236755
2.15454569242091,,2.9889311134896985
,,1.2787536009528289
1.6196358597190368,,
4.182129214052998,,
1.0681858617461617,,
1.1038037209559568,,
1.3324384599156054,,2.284205067701794
,0.6532125137753437,
2.3384564936046046,,
,,2.52723021763753
2.2884728005997825,,3.084111351940677
2.105612359686785,2.2375437381428744,
0.4661258704181992,0.670245853074124,
1.545307116465824,,1.706675118700799
1.5168921816512415,,
0.8750612633917001,,3.072470482303893
1.4785664955938431,,2.243286146083446
0.0681858617461616,,
1.3626520879077546,,
-0.2218487496163564,,3.550044809564905
1.335858911319818,,
1.2988530764097066,,2.4718781993072905
1.5786392099680724,,2.651762447380111
1.3692158574101427,1.954242509439325,
1.8810992183890167,,
,4.510545010206612,
1.5719765448033427,,
0.4623979978989561,,2.000434077479319
1.8195439355418688,,
0.2041199826559248,0.146128035678238,
1.0681858617461617,1.1583624920952498,
,,1.7688230254496435
1.869231719730976,,2.4727564493172123
2.101609617233111,,
2.020775488193558,,3.110522372601323
1.545307116465824,1.8887409606828929,2.084093460228235
1.3926969532596658,,2.4375920322539613
1.2174839442139065,,
1.0043213737826426,,2.230704313612569
1.7309436934277358,-1.337242168318426,
1.5943925503754266,,2.3376588910261424
1.3692158574101427,,
1.2183280235947205,,
,,3.009372273732243
,,2.6232492903979003
1.8085485512404056,,
,1.334453751150931,
,2.315970345456918,
0.8463371121298052,,
1.100370545117563,,1.1986570869544226
0.3222192947339193,,1.462397997898956
1.1920375027132477,,
1.1238516409670858,,
,1.404491617758686,
1.2143138974243997,1.9628426812012425,
0.6268944322793273,1.1769589805869085,
1.318117618380357,,
2.663700925389648,,3.900132163688871
0.9138138523837168,,2.2380461031287955
2.5814034618141006,2.308350948586726,
2.1887597929520117,1.717670503002262,
2.730943693427736,,
0.9777236052888476,,2.571708831808688
1.2253092817258628,,2.0425755124401905
,4.772468630394135,
,,2.1099276643439366
,-0.0969100130080563,
1.701654317325748,,
1.8221680793680173,,2.9527440240148985
1.9637878273455551,,
,2.686636269262294,
1.100370545117563,,2.473778834646725
,,0.8231806877722362
1.0224283711854865,,
1.670245853074124,2.074816440645175,
,,3.112559760169681
0.5622928644564748,1.2201080880400552,1.380211241711606
0.255272505103306,,2.154119525515847
1.9867717342662448,,
1.271841606536499,,2.04766419460156
2.1844074854123203,,3.511923447850146
1.146128035678238,,1.812913356642856
2.6232803103244806,2.904607363815448,
1.7402837196818792,,
1.52283531366053,,2.1249278791105333
1.6479694583629718,,
1.3703002387023628,2.623559390005437,
1.499549625905149,,
1.550839605065785,,
,,1.848004271497268
1.804582364022804,,
1.3692158574101427,,3.014335693263793
0.8750612633917001,,2.7126497016272118
,1.760422483423212,
1.568147727342352,,
1.3234583668494675,,2.992405487875
,,2.155336037465062
1.6122539060964374,,
1.0,1.414973347970818,
0.146128035678238,,1.9014583213961125
1.3692158574101427,,
1.577491799837225,,
2.69246795758183,,3.7388598020722
1.0293837776852095,,2.469232742506612
,,2.2055156231136976
,2.394836771279156,
2.1473671077937864,,3.069853021113625
,,2.522150692108255
,,2.837588438235511
1.4265112613645752,,2.5240064455573723
0.0,,1.5932860670204574
3.767155866082181,4.556302500767287,
2.49996186559619,,3.883911153636279
1.1789769472931697,,
,4.300305640172895,
1.5786392099680724,,2.651762447380111
1.1072099696478683,,2.719579857713723
2.2227164711475837,,
2.201724770116379,,
1.4661258704181992,2.3044905277734875,
2.19228861256812,,
1.4299136977637543,2.413634997198556,
2.6003029779949656,,
0.9084850188786496,,2.284881714655453
0.041392685158225,,0.6989700043360189
,,3.2934354835389814
1.230448921378274,1.9867717342662448,
0.2041199826559248,,1.711807229041191
2.0026843129897296,,
2.394521722674913,,
2.0755469613925306,,
1.2227164711475833,,3.120113071407684
0.5314789170422551,,1.6503075231319364
1.1205739312058498,,2.2511513431753545
0.6627578316815741,2.1179338350396413,
-1.6777807052660807,-1.337242168318426,
2.3258644366153463,2.011147360775797,
,2.6336704060514435,
1.0549575960124065,,
,,1.7168377232995244
1.9365137424788936,,
,,0.954459602411555
1.390405156480081,,
,2.130333768495006,
2.295043432034886,,
1.846337112129805,1.8573324964312683,
1.656098202012832,,2.6129956560323477
1.94546858513182,,2.759592308645975
1.965812953036603,,
2.2208922492195198,,2.740678425227455
1.8280150642239767,,2.519827993775719
1.7740495740300808,,
0.7116385382323491,1.6652056284346006,
0.3222192947339193,,1.3263358609287514
,,1.7781512503836436
0.7781512503836436,,
2.3037143086537104,,
,,2.3729120029701067
3.971709926217424,1.510545010206612,
1.0224283711854865,,
1.5733358400660675,,
0.9867717342662448,,
1.0413926851582251,,2.1947917577219247
0.6122539060964373,,
1.2648178230095364,,2.5496162395190853
4.214313897424399,,4.7388598020722
2.0253058652647704,,
1.4299136977637543,1.8350561017201164,
1.3979400086720375,,
1.836324115706752,,2.7370335313338776
1.7466341989375789,,
-0.1994203784308698,-0.3829996588791011,
1.7026631319068932,,
,,2.320800352007123
1.4299136977637543,,
1.5305838596451178,,
0.7160033436347992,,2.101059354908116
2.6716355966021297,,3.4689968090596017
,2.781898919351149,
0.8864907251724818,,1.7589118923979734
1.4831592097169797,,
1.2723058444020865,,
0.2787536009528289,,2.3027637084729817
1.1095785469043866,,
,1.230448921378274,
,,1.931457870689005
4.244277120801843,,
1.3234583668494675,,2.88276637775648
0.6901960800285137,,2.295127085252191
1.1473671077937864,,
,,1.944482672150169
1.691435152144062,,
1.7309436934277358,,
2.3138672203691533,,
-0.8996294548824371,-0.2380721615794709,
0.5563025007672873,,2.02201573981772
,1.3424226808222062,
2.822494985278751,,2.93444794894897
1.5899496013257075,,1.4578818967339924
1.1139433523068367,1.3424226808222062,1.57978359661681
1.8790958795000727,,1.867467487859052
0.7494270991217489,,
1.414973347970818,,2.3138672203691533
1.57287160220048,,2.442636525782232
2.1322596895310446,,2.598899887063883
,1.7737864449811935,
1.2723058444020865,,
,2.48572142648158,
1.039017321997412,,
,,
1.850033257689769,,3.602211967802297
1.7213983755215052,,
0.5314789170422551,1.146128035678238,
1.2787536009528289,1.6434526764861874,
1.4661258704181992,,
1.4578818967339924,1.9429995933660404,
0.4661258704181992,,
0.6232492903979004,,1.2227164711475833
4.298634783124435,,
,,
1.9493900066449128,,
0.9132839017604184,,1.823180687772236
1.4555756880848911,,
2.045714058940868,,3.085540306036948
1.534026106056135,,3.369085920821508
2.410608542568368,2.296665190261531,
,,1.9351544472161684
,1.954242509439325,
1.0128372247051722,,1.6972293427597176
1.1821292140529984,2.3951515915045425,
1.0413926851582251,1.724275869600789,
,2.681241237375587,
0.3617278360175928,,1.5352941200427703
0.8864907251724818,,1.7589118923979734
2.8939447594865166,3.199571440600069,3.3010299956639813
1.7213983755215052,,
1.64738297011462,,1.3747483460101038
2.292920299600006,,3.359702708274113
,,0.7629934817889196
1.9546765869186435,,
-0.3665315444204134,,
,1.0170333392987805,
0.6020599913279624,,0.5185139398778874
1.379939722801916,1.88570038012833,2.1893288620204223
1.846337112129805,,
1.4471580313422192,,
1.515343893088381,2.547528576459782,2.4677930297856623
1.390405156480081,1.209515014542631,
,,1.0
1.2723058444020865,,
2.2218574354191367,2.4771212547196626,
-0.3010299956639812,,1.667452952889954
0.1139433523068367,1.437750562820388,0.6812412373755872
2.0051805125037805,,3.334011188761349
,0.8350561017201162,
2.2882939497862167,,
0.9132839017604184,,
1.7671558660821804,2.9419087743655994,
1.3384564936046048,,3.255754786643044
1.545307116465824,,
1.5733358400660675,,
3.659781174793381,2.091068731500012,2.2974535522623025
2.117403884416343,,
,1.8920946026904804,
0.3234583668494676,0.5563025007672873,
1.545307116465824,2.617000341120899,
2.6177059681631025,,
1.816373888752362,,
1.3469394626989906,,
,,1.3424226808222062
1.380211241711606,,
-0.0457574905606751,,1.5352941200427703
1.2986347831244356,,
1.1095785469043866,,2.3409197934001624
-0.4089353929735008,,
1.2068258760318498,,3.1598678470925665
1.290034611362518,,1.2148438480476975
1.8228216453031043,,2.556061159009533
2.545307116465824,2.296665190261531,
1.1846914308175989,,1.481442628502305
2.071882007306125,,2.7307822756663893
1.1685564068637246,,
1.410608542568368,,
,,2.149034267161249
1.8085485512404056,,
1.6097651056927424,,
0.6122539060964373,0.2966651902615311,
,,2.45783574103509
,1.8927622346158168,
1.2723058444020865,,
,4.459392487759231,
,,1.9242792860618816
,,2.630158264334586
,3.011147360775797,
1.8085485512404056,,
1.414973347970818,,
1.3443922736851108,,2.542451947375977
0.436162647040756,0.4913616938342727,1.011993114659257
1.2143138974243997,,2.136799810744238
1.3944516808262162,,2.210853365314893
2.121955551345471,,
,,1.919078092376074
1.7831886910752577,,
1.4299136977637543,2.786751422145562,2.68263687783336
,,2.649636617730435
-0.7644715530924511,,
0.9025467793139914,1.6431564656197062,1.8918718304455835
0.7323937598229685,,2.930949031167523
,,1.5927317663939622
,,0.1846914308175988
1.3424226808222062,1.951823035315912,
2.8974896345771866,3.5563025007672877,
,0.8680563618230415,
,,2.819609732751585
,1.9365137424788936,
1.3010299956639813,,2.924899264014284
3.1568700593446937,,
,,3.8547310172139424
0.9777236052888476,,2.571708831808688
,,1.5314789170422551
0.250420002308894,,
1.1473671077937864,,-1.5528419686577808
2.087426457036285,,2.640282629696681
,,1.5927317663939622
0.146128035678238,,
2.670245853074124,,3.3561597599568995
0.6532125137753437,1.557507201905658,1.6242820958356683
0.3222192947339193,,1.968482948553935
2.436480695009495,,3.896024394707995
,1.6866362692622934,
0.1473671077937864,0.2095150145426309,
1.3692158574101427,1.954242509439325,
1.1985196302411678,,
,1.8920946026904804,
,,1.8750612633917
0.6720978579357175,,1.9969492484953808
1.860577551244416,,
,,
0.6627578316815741,,1.869231719730976
0.6122539060964373,,1.8714853673467915
1.3161591281079683,,2.5974829219849638
1.3234583668494675,,
1.3159703454569178,,2.1489109931093564
1.924795995797912,,3.354626976852949
1.230448921378274,,
,1.8115750058705933,
2.004751155591001,,2.182414652434554
0.2442771208018428,0.1003705451175628,
1.4712917110589383,,2.5073160400764136
1.9586241334051049,3.1036872095385024,3.207731419879765
1.6387288016280592,,
1.9712758487381048,2.861653870213911,2.713305697599812
1.2442771208018428,1.8350561017201164,
2.336061281065059,,
1.6263403673750425,,2.69284691927723
0.9242792860618816,,
2.401400540781544,,
1.5996647787884168,,
0.7403626894942439,,1.998695158311656
1.2723058444020865,1.4313637641589874,
3.435525851498655,,
0.8421409975361972,,
1.830588668685144,,2.719579857713723
2.524551894875205,2.839603729470837,
1.657055852857104,,2.583425500406507
,1.48572142648158,
2.216957207361097,,3.158814646724226
0.5092025223311029,,
1.515343893088381,,
2.994476848631025,,
,,1.6532125137753435
,0.3679147387937526,
1.5245518948752046,,2.3679780261341987
1.1760912590556811,,
1.5866998016240492,,
,,2.1242106834362176
1.806179973983887,,3.2477278329097232
1.9315087218666176,,
1.4471580313422192,,
1.3234583668494675,1.4313637641589874,
1.7384317148202857,,
0.5453071164658241,1.0334237554869496,
-1.0506099933550872,,
0.9493900066449128,,2.2711443179490782
1.1398790864012365,,2.8254261177678237
2.036668810300097,,2.634124451552187
1.421603926869831,,2.6330642726914992
1.4563660331290431,,2.8138477542288545
0.5153438930883808,,
1.624488362513449,,
0.785329835010767,,3.018492453401473
1.1473671077937864,,
1.2787536009528289,,
,,2.965643769364069
1.5877109650189114,,2.5056925074122
1.8316138553090988,,
1.6812412373755872,2.58983794314746,
4.647969458362971,,
,,2.3780616014047293
0.3692158574101428,,
-0.0222763947111522,1.1398790864012365,
0.7403626894942439,,1.998695158311656
0.9242792860618816,,2.578180609627778
1.9374175814771373,,
0.7671558660821804,,
1.2253092817258628,,2.4340896384178907
,,3.723529553280572
1.1038037209559568,,2.6527296960692475
0.8163738887523619,,1.985428719653628
1.894260664446988,2.141763230275788,
1.390405156480081,1.846337112129805,
2.020775488193558,,2.983400738180538
1.7213983755215052,,
2.881766850314353,,4.329924409098699
,1.414973347970818,
1.0293837776852095,,2.835690571492425
1.624488362513449,,
1.0224283711854865,,
2.2380461031287955,,
0.724275869600789,,2.0
,,1.7558748556724917
,0.7039788250083859,
1.7566056837488722,,
1.7160576270523942,,
1.57978359661681,,
1.488973524726508,1.7805333253164044,
3.2908763264575023,,
1.0969100130080565,1.730782275666389,1.568201724066995
1.146128035678238,,
2.2777008762887925,,
1.3692158574101427,,
-0.1191864077192086,,-0.0362121726544447
0.6127838567197355,,1.586587304671755
,,3.1429601194490564
1.3424226808222062,,2.534787358629492
1.812913356642856,,
0.8388490907372553,,1.167317334748176
0.0681858617461616,,
3.767155866082181,,
1.6444385894678386,,3.2668429487005843
,0.7781512503836436,
1.6148972160331343,,3.220395778231596
,,
0.9030899869919436,,
,,1.505149978319906
,,1.641949789064144
1.3782415994970532,,
0.7402837196818791,,
1.7781512503836436,,
1.4831592097169797,1.1583624920952498,
0.7494270991217489,1.3234583668494675,
1.3944516808262162,,2.468790262099611
1.5932860670204574,,3.0711452904510828
1.9209707304267096,,
2.185457157401926,2.3308194664958366,
0.9242792860618816,,2.578180609627778
3.0893751608160995,,3.7388598020722
2.548192804703312,3.2681097298084785,
,,1.0398897977361814
0.724275869600789,,
1.0681858617461617,,
1.8929623242217075,,2.03048232921435
1.829361674901893,,
,,2.740362689494244
1.2442771208018428,,
0.8591743368349775,,
,2.5247854493212225,
1.7116385382323491,2.118595365223762,
0.9546765869186437,0.7323937598229685,0.9149510611278816
,,0.7388598020722001
,1.841984804590114,2.702430536445525
1.7671558660821804,,1.5314789170422551
1.636387585813157,,
,,1.0978817447138682
0.414973347970818,1.6434526764861874,
1.8016094880273188,,3.0340947847643767
1.64738297011462,,1.3747483460101038
1.758381941774675,2.8067225030761813,
1.530199698203082,,3.43123506524505
-0.4814860601221125,,0.3617278360175928
0.5453071164658241,,
1.1095785469043866,,
1.755493728415119,1.4771212547196624,1.6483600109809315
1.0791812460476249,,
1.1139433523068367,,1.9020028913507296
,,1.4188065690947886
1.1613680022349748,,
1.3469394626989906,,2.1837963734204613
1.2479732663618066,1.4593924877592308,3.177247836255624
0.99563519459755,,2.6833172619218826
1.965812953036603,,
1.7427251313046983,,2.9372168908627057
0.5153438930883808,,
3.230448921378274,3.612783856719735,
,1.0863598306747482,
1.2988530764097066,,2.4718781993072905
1.4591209688495408,,
1.4578818967339924,,2.822168079368017
1.24551266781415,,2.877716800864977
1.2723058444020865,,
1.758381941774675,2.355643050220869,
1.5733358400660675,,
2.015946243657566,,
,0.401400540781544,
1.6989700043360187,2.3010299956639813,
,2.670245853074124,
,1.2966651902615312,
1.4533183400470375,,2.386855529184724
0.5910646070264992,,1.9556877503135053
1.2723058444020865,,
0.0,,2.248463717551032
,,1.2787536009528289
1.4563660331290431,,2.769303460189082
1.2442771208018428,,
1.2235218992112236,,
1.9479236198317265,,2.326335860928751
2.101609617233111,1.8115750058705933,
1.0413926851582251,,
2.380211241711606,,3.5905297615378378
1.292256071356476,,2.198106998873401
0.9444826721501688,1.806179973983887,
2.4299136977637548,2.17435059747938,
1.2041199826559248,,
1.4831592097169797,,
,-0.239577516576788,
1.3053513694466237,,3.067033639842262
,1.7323937598229686,
0.0,,1.2479732663618066
,,0.6719130124415871
0.8605775512444155,,
0.9712758487381052,2.6188844849954505,2.866889615657642
1.2986347831244356,,2.4735453586747536
,1.2464985807958011,
2.8061731880795926,,
4.346939462698991,4.2552725051033065,
1.9854264740830017,,3.437417581766818
,1.288696260590256,
2.4162959302263998,,
1.2143138974243997,2.611298362296429,
1.52283531366053,,
2.1760912590556813,3.4036917661206454,
0.9777236052888476,,2.571708831808688
1.100370545117563,,1.4183012913197457
1.545307116465824,,2.876032995097512
1.9729014070248423,2.4109121388630825,2.928791044260312
0.499549625905149,,
1.337698805964078,,2.153833150043018
0.5910646070264992,,1.9084850188786493
3.1661369327403115,3.616622529455572,3.944334838813091
0.1095785469043867,0.0334237554869497,
2.612005666888819,,3.3460083365783806
1.0681858617461617,,
1.4661258704181992,,
1.255272505103306,,
,,1.3384564936046048
,,3.2583127574119155
1.8887409606828929,,2.515741416669365
1.4831592097169797,1.7993405494535817,
1.0,3.361727836017593,
2.69246795758183,3.423180315104786,3.710665601433603
2.1887597929520117,,2.9271855175448933
0.824060717418653,,1.4903588576844036
0.6167904863297158,1.2219355998280053,
1.4471580313422192,,
1.422294300893563,,1.4378298064082191
,,2.416640507338281
2.0681858617461617,,
1.1760912590556811,,
2.47130638292198,,
1.931457870689005,,
1.3692158574101427,1.6170003411208989,
0.1139433523068367,,0.9084850188786496
1.3424226808222062,,3.192901826109565
,,0.6719130124415871
,0.3692158574101428,
1.8316138553090988,,
2.60422605308447,,
1.760062684305493,,
1.1398790864012365,,2.303412070596742
1.1095785469043866,,
,-1.0510982390297865,
2.209783014848515,,3.091807597001675
,1.414973347970818,
1.7213983755215052,,
1.8881901685544795,,
-0.3979400086720376,,2.845965761545484
0.5185139398778874,,1.9537596917332287
0.2787536009528289,,1.8785217955012063
1.924795995797912,,3.354626976852949
1.4771212547196624,,
2.089905111439398,,
1.0606978403536116,,2.7370335313338776
2.037426497940624,2.164352855784437,
1.3384564936046048,,2.599773939146388
,,3.096522449451143
1.9729014070248423,,
1.6901960800285136,2.2013971243204518,
1.0,,1.8195439355418688
1.841984804590114,,
1.0224283711854865,0.255272505103306,
1.3222192947339193,,
2.0077051143647804,,3.4315808571312174
,0.8920946026904804,
,1.7671558660821804,
1.824060717418653,,
,0.7604224834232121,
1.860577551244416,2.577491799837225,2.2361844428801496
1.4483971034577676,,
2.1473671077937864,,
0.8061799739838872,,1.287801729930226
2.5996647787884166,,
0.7520484478194386,1.276461804173244,1.6324572921847242
2.638489256954637,,
2.417969642214737,,3.0879587894607328
1.1685564068637246,,
2.3778160291720605,,
1.515343893088381,1.510545010206612,
1.45020290432103,,
0.9590413923210936,,2.071513805095089
2.1381867655485065,,
1.2676761559605485,4.602843511380704,
0.9344984512435676,,
1.6893088591236205,,2.8677620246502005
1.5996647787884168,,
1.2986347831244356,,1.8937617620579432
1.6479694583629718,,
2.516892181651241,,3.0240955305529496
1.5599066250361124,,2.6939027410660605
,1.7160033436347992,
,,3.0253058652647704
2.8898617212581885,,3.453944862340669
1.904715545278681,,3.171170434901621
1.2143138974243997,,
-1.1307682802690238,,
1.6720978579357175,,
,,2.6682787277864928
1.6830830777792962,,
,1.7781512503836436,
,,2.447158031342219
1.2787536009528289,,
1.795184589682424,,2.570893036218392
1.714329759745233,,2.8284020784915933
1.4299136977637543,2.413634997198556,
,0.7039788250083859,
2.4946971231107367,,
2.298634783124436,2.204662511748219,
1.9374175814771373,,
1.8260748027008264,,2.4470028984661623
1.952792443044092,,3.729286310324604
0.380211241711606,,1.250420002308894
0.8463371121298052,,
,,2.232233521114733
1.1095785469043866,,
0.9912260756924948,,1.9365137424788936
-0.3979400086720376,,2.891425942847994
1.1335389083702174,,0.041392685158225
1.7116385382323491,,
2.190051417759206,,4.013974177020916
,,1.3708830167776058
,1.5314789170422551,
1.7356388146361157,,
,1.609380944250707,
2.798650645445269,,3.643630306079753
1.6364878963533651,,2.498172660636544
1.3010299956639813,,
,4.369215857410143,
1.7309436934277358,2.288696260590256,
2.583198773968623,,
2.4946971231107367,,
2.2528530309798933,,
,,1.4756711883244296
,1.9628426812012425,
,,2.1789769472931693
0.7781512503836436,,2.119915410257991
-0.1870866433571444,,
1.3560258571931227,,2.228400358703005
1.499549625905149,,
1.3469394626989906,2.094121595840561,2.4848263690844425
1.0,,
0.9132839017604184,,
,2.284656282788516,
1.8784183797412457,,
1.176750885478996,,
1.824060717418653,,
,,2.7388598020722004
0.3222192947339193,,1.3820170425748683
1.318117618380357,,
1.187520720836463,,2.9721102284028307
0.5453071164658241,,1.1947917577219247
1.8864907251724816,,
1.688217756872459,,
1.7671558660821804,,
2.526067758480154,,2.990671775066
2.355987591676388,,
0.9240077671521916,2.315970345456918,
1.9590413923210936,1.4771212547196624,
1.9982593384236984,,2.3564083270389813
0.9576072870600952,,
1.4299136977637543,,
1.5289167002776547,,2.6820547770738075
1.6433737066738228,2.180584596602956,
,1.823474229170301,
-0.5204726755144591,-0.6743475294276867,-0.4412914294668342
1.1821292140529984,,
1.252853030979893,,2.0318122713303706
1.4533183400470375,,
,,1.8329557506045984
0.5563025007672873,,
-1.1611509092627446,,
,,1.0840934602282348
1.775756037844098,1.4313637641589874,
,,1.6532125137753435
1.390405156480081,,1.7688230254496435
,,2.3443922736851106
1.2143138974243997,,
1.255272505103306,1.6532125137753435,1.9030899869919435
1.3692158574101427,,
1.3463529744506386,,2.287129620719111
2.188200113824229,2.5126710577297198,
0.9132839017604184,,
,,2.0398897977361816
2.545307116465824,,
1.545307116465824,,2.751094258489212
,,1.6434526764861874
0.7075701760979364,,2.311541958401195
,1.7737864449811935,
,2.106530853822381,
1.9916690073799488,,
1.238447577141119,,
,1.6434526764861874,
,2.011147360775797,
,0.9294189257142929,
1.7671558660821804,2.179551791165188,
2.185457157401926,,
1.4661258704181992,,
,,
1.9132839017604184,,
1.1095785469043866,,
1.5670263661590604,,2.4192947217534604
,-0.7113037394097442,-1.1062382379420566
1.2582372795053676,,
,1.4593924877592308,
0.9712758487381052,,
1.021189299069938,,2.8055008581584
0.5996647787884168,0.8680563618230415,
,,
1.962227231350085,2.812913356642856,2.740362689494244
2.2723058444020863,,
2.0725072355288043,,
1.3053513694466237,,1.2966651902615312
1.146128035678238,1.7993405494535817,
1.5658478186735176,,3.0681116170273035
1.1821292140529984,,
1.5996647787884168,,
1.9432471251378616,1.534026106056135,
0.2787536009528289,,1.974971994298069
0.8325089127062363,,1.8312296938670631
1.404833716619938,,2.667733052533267
1.3469394626989906,,
1.0,,
1.624488362513449,1.255272505103306,
1.294466226161593,,2.938919812244772
1.8085485512404056,3.1722525524236884,
,,1.124210683436217
0.149373090491385,0.7481880270062004,
1.873006540467324,1.7535830588929069,2.1112457062718497
1.948999454026953,,
1.52283531366053,,
,,2.515457224387222
1.2986347831244356,,2.4735453586747536
1.0791812460476249,,
1.3242824552976926,,2.3163897510731952
1.0791812460476249,,1.4313637641589874
1.250420002308894,,1.8394780473741985
0.9294189257142929,,2.7907776013376937
,0.5976951859255123,
2.209783014848515,,3.091807597001675
1.730782275666389,,3.101368963249252
,,2.6611782849298105
1.4065401804339552,,3.071661123441788
1.3559875916763875,,
1.4299136977637543,,
1.0791812460476249,,1.7032913781186614
0.9030899869919436,,2.295567099962479
1.894260664446988,,
,,1.8282602133015111
0.4771212547196624,,
,,2.0398897977361816
,1.8553374044695403,
,,3.0798701418711487
1.639894693554849,,
,,2.227886704613673
0.380211241711606,,1.1271047983648077
2.4261207087466152,,
1.8864907251724816,,
1.439253724017898,,
0.9712758487381052,,
,,
1.9432471251378616,,
2.925415237084246,,2.6853834098014877
0.3010299956639812,0.0,
1.591064607026499,,1.8920946026904804
1.2143138974243997,,1.1570031968325247
,,
0.3222192947339193,,2.1931245983544616
,,1.8976270912904416
,,2.6097651056927424
3.846337112129805,4.510545010206612,
2.097569639431371,2.510545010206612,
,,1.634124451552187
2.4622482153549976,,3.080770746840722
1.1473671077937864,,
0.7160033436347992,,
1.4299136977637543,,
,2.184691430817599,
4.109578546904387,,
1.636387585813157,,
1.0086001717619175,,2.065206128054312
0.9030899869919436,,
2.105612359686785,,
,-0.4894549897933878,0.3330944558882061
1.4831592097169797,1.7993405494535817,
1.0453229787866574,,
,,2.3003019424918985
2.082426300860772,,3.333104540398589
1.6631321706191062,,
3.525692524505011,,
2.244277120801843,,
1.1238516409670858,,2.450249108319361
1.3159703454569178,,2.5621738633646483
1.0791812460476249,,1.4313637641589874
,2.519145181968529,
,,1.952792443044092
1.1787755720454105,,
0.9777236052888476,,1.6503075231319364
2.0026843129897296,,
2.1122697684172707,,2.6582976503081897
1.2986347831244356,0.8573324964312685,1.7688230254496435
1.624488362513449,,
3.0983806471029127,,
1.2695129442179165,,
2.616580530085886,,4.004080510061908
1.3222192947339193,1.568201724066995,
1.5381550712461212,,
2.0,,
2.1135088405328197,,3.136799810744238
0.568201724066995,,2.317436496535099
0.8864907251724818,,
0.8085485512404055,,
1.036668810300097,,
1.4483971034577676,,
2.1409320744245472,,
1.230448921378274,1.6646419755561257,
1.3096301674258988,,
,,0.9729430081055682
2.1357685145678222,,2.9540977204791896
1.4483971034577676,2.040602340114073,
,4.769238418261196,
1.606004956819436,1.7764105888073425,
2.0549575960124065,,
0.3979400086720376,,1.320146286111054
0.835341727828342,,1.852803154379037
1.260071387985075,,1.9052560487484511
1.770616398191687,,
,2.3010299956639813,
1.1205739312058498,,2.2511513431753545
2.6989700043360187,,
,,4.4958218643167935
,3.0858611737884503,
,,0.9906717750659998
2.111262513659065,,2.882125919770032
-0.1549019599857432,,1.9222062774390165
0.7213983755215053,1.8680563618230417,
,1.6434526764861874,1.4471580313422192
,4.927370363039024,
1.8085485512404056,1.6866362692622934,
2.0224283711854865,,
0.6122539060964373,0.2966651902615311,
2.1787755720454105,,
3.311223910432456,3.6213217149035417,3.8967912326115615
1.1846914308175989,,1.9375178920173464
,,1.7688230254496435
1.0755469613925308,,3.1774787825423223
,1.5563025007672873,
2.2750117377780112,2.549738731264899,3.442765024083731
,,3.1502389682996204
1.4199557484897578,,2.834293512442696
,,1.235528446907549
-0.5030703519267851,,
,,2.506545618777679
0.9315087218666176,,
,,1.4378298064082191
0.8920946026904804,,1.9175055095525464
2.877745576381429,,3.374487141046431
,2.3096301674258988,
0.8692317197309762,,2.5491259267581112
2.4871383754771865,,
1.3469394626989906,1.577491799837225,
2.602211967802297,2.5691397254724597,
,1.8407332346118068,
0.724275869600789,0.8573324964312685,
1.5305838596451178,,
1.503790683057181,,2.198657086954422
1.6081397034025584,,
0.3234583668494676,0.1583624920952496,
1.0681858617461617,,
1.271841606536499,,1.8785217955012063
,,
,,1.4378298064082191
1.0755469613925308,,1.7895807121644254
1.4440447959180762,,2.9733587998863977
1.5996647787884168,2.1997551772534747,
,,2.6532125137753435
1.146128035678238,1.57978359661681,
,,
,,2.4665299103542333
1.2201080880400552,,1.8115750058705933
0.8463371121298052,1.209515014542631,
0.99563519459755,,2.06781451116184
1.6020599913279625,,3.278799313755556
,,1.5831987739686226
,,1.52723021763753
,,3.2583127574119155
1.187520720836463,,3.072286669509892
1.0224283711854865,1.4313637641589874,1.990671775066
1.255272505103306,,
1.6618126855372612,,2.62746827245971
1.52283531366053,,
2.1326438509730803,,
0.8338544165051758,,2.0566247553798696
,1.7993405494535817,
2.014638126759235,1.6668922110665363,2.000971731705812
0.9590413923210936,,
1.021189299069938,,1.8739015978644613
1.8743658357300488,,
1.08278537031645,,1.5198279937757189
1.5314789170422551,,
1.155336037465062,,2.4987239707479048
3.2969502395366392,,4.0035854599726814
,,1.7558748556724917
2.0827853703164503,,
2.308564413561238,,3.619677564667636
2.2079035303860515,,3.621093155258961
1.860577551244416,,
0.6434526764861874,,
1.258517559916453,,
2.0077051143647804,2.179551791165188,
,0.255272505103306,
1.13264385097308,,1.7576791390158035
3.311223910432456,3.6213217149035417,3.8967912326115615
1.7402837196818792,,
1.545307116465824,1.954242509439325,2.0551297642929183
1.4661258704181992,,
,1.9876662649262744,
2.232538717530599,,2.887197992555555
1.7116385382323491,1.760422483423212,2.308735110028761
0.9712758487381052,,
1.2278867046136734,,2.4768316285122607
1.3502480183341627,,2.9733587998863977
1.0644579892269184,,3.316620251635936
1.5996647787884168,,
1.2143138974243997,,
1.5314789170422551,,
1.5305838596451178,,
-1.5072396109731625,,
1.499549625905149,,
1.1613680022349748,,2.4456042032735974
1.2041199826559248,1.3424226808222062,1.7075701760979365
,,1.3708830167776058
1.3263358609287514,,2.160468531119037
1.5171958979499742,,1.88309335857569
-1.679853713888946,,
1.4831592097169797,,2.333094455888206
1.6433737066738228,,2.0445182019182524
1.515343893088381,,
,1.334453751150931,
1.3234583668494675,,
2.4897897886159925,,2.7802524872304253
1.0,,1.8195439355418688
,1.6354837468149122,
,1.6354837468149122,
2.0863598306747484,,
1.2442771208018428,,
0.670245853074124,,
1.0791812460476249,,1.4313637641589874
1.442017006819992,,
1.1139433523068367,,
,1.3692158574101427,
,,1.7388598020722
0.9444826721501688,,1.9912260756924949
4.559547555580434,4.979548374704095,
1.865103974641128,,2.943890048248473
1.3692158574101427,1.6170003411208989,2.1242106834362176
,1.118595365223762,
1.0,1.255272505103306,
1.3222192947339193,,1.9258275746247424
2.085219201044942,,
,,2.7830634645642536
2.8898617212581885,,3.453944862340669
,,2.792391689498254
1.9819997141298784,,
1.410608542568368,,2.1837963734204613
-0.0867160982395816,0.6866362692622935,
1.3469394626989906,,
1.294466226161593,,2.4239009185284166
2.472171146692363,,3.3898745583909853
0.9712758487381052,,
1.434568904034199,,2.91634865227546
1.7664128471123994,,2.278524964737018
,1.503790683057181,
,,1.7363965022766426
1.9712758487381048,2.470116353151004,
1.1821292140529984,,
1.545307116465824,1.9795483747040952,
1.7213983755215052,,
1.4299136977637543,,
1.414973347970818,,2.1818435879447726
,,0.7688230254496434
4.960280464436642,,
1.2143138974243997,,
1.2041199826559248,2.3404441148401185,
0.6532125137753437,,1.4969296480732148
1.2608926683590205,,
0.3234583668494676,,0.5469742758332871
1.738384123512156,,1.9618954736678504
,,3.41217988740631
2.065766387622749,,
0.7016543173257481,,
,0.1583624920952496,
1.6387288016280592,,
0.4771212547196624,,1.8375884382355112
0.8450980400142568,,
2.3010299956639813,3.0791812460476247,3.0791812460476247
2.3883321478572155,2.8691143269793757,3.149034267161249
1.7481880270062005,,3.3387751249335733
2.355987591676388,,2.939084740844601
0.9590413923210936,,
1.2986347831244356,,1.245944280169306
2.4465837626942992,,2.866889615657642
1.9451730461739,,
2.232538717530599,,2.887197992555555
1.1095785469043866,,
1.9712758487381048,,
,,1.796851749049887
0.2304489213782739,,2.024074987307426
1.2227164711475833,,2.957415714722669
1.1473671077937864,,
2.220474206129218,,
1.9546765869186435,2.054613054556888,
0.3010299956639812,,1.506505032404872
1.8293037728310249,,2.4650852875574327
1.0718820073061257,,0.8976270912904415
1.1580909731855595,,
,2.29269900304393,
0.9294189257142929,1.3010299956639813,1.6532125137753435
1.287801729930226,1.824125833916549,
,0.401400540781544,
,,
,,1.4315808571312176
0.7634279935629372,,1.130333768495006
1.4265112613645752,,3.519486722064457
-1.537602002101044,,
1.4699309439832244,,
0.6020599913279624,,1.8512583487190752
1.9590413923210936,1.4771212547196624,
1.7737864449811935,,2.991004440330755
,,3.093791028611714
,,2.462397997898956
0.0681858617461616,,
1.146128035678238,,
1.82020145948564,,2.788945727023748
1.1779330994593902,,2.6999417360418305
4.022428371185487,,
1.1760912590556811,,
0.4623979978989561,,0.8836614351536176
1.503790683057181,,2.14674801363064
,2.90655051910145,
0.5797835966168101,,
1.624488362513449,,3.408973066385746
,2.2329961103921536,
0.6720978579357175,1.7708520116421442,
0.8573324964312685,,1.4771212547196624
2.087426457036285,,2.229169702539101
2.452292561617729,2.6368187568475414,
1.5996647787884168,,
0.3222192947339193,,2.2427898094786767
0.3692158574101428,1.99563519459755,
1.6222140229662954,,2.945222316635341
2.4222943008935625,,
1.624488362513449,,
1.4756711883244296,,2.0989896394011773
,,
4.559547555580434,,
1.670245853074124,,2.8551828561243915
0.6981136003715231,,
1.3841562072030795,,
0.5440680443502757,,2.020361282647708
0.670245853074124,1.100370545117563,
2.794913070772734,2.7338390006971496,3.287336965327531
2.3469394626989906,,
1.624488362513449,,
0.3692158574101428,,
0.3617278360175928,,1.6148972160331343
2.49996186559619,,3.883911153636279
2.044147620878723,,2.8702282790117946
,,
1.307496037913213,,2.799064719351008
2.2001251569565863,,
,2.7352794480604565,
2.0175758683910745,,
1.968552990402632,,
2.29754166781816,,3.6110431951434334
0.5453071164658241,,
,1.577491799837225,
,1.503790683057181,
1.3364597338485296,,2.144262773761991
,,1.706675118700799
0.6334684555795865,0.9542425094393248,
1.8784183797412457,,
,,2.0551297642929183
,0.2095150145426309,
1.08278537031645,,3.382575319649486
,2.3344537511509307,
2.9234150078518253,,3.3832173508777896
1.0969100130080565,,1.8115750058705933
1.24551266781415,,
-0.4546928835341759,0.255272505103306,1.0698530211136246
2.3400274682826607,,2.887197992555555
0.6989700043360189,,
,,
1.7671558660821804,2.3344537511509307,
2.088132543425004,,
1.4299136977637543,1.9628426812012425,
0.6720978579357175,,3.1252209363165644
1.410608542568368,,
,,2.7830634645642536
0.5440680443502757,,2.020361282647708
1.110589710299249,,3.4062164678532603
,1.4771212547196624,
,,1.3617278360175928
1.1760912590556811,,
,,2.7388598020722004
1.3692158574101427,,
0.2787536009528289,,1.6711728427150832
1.591064607026499,2.113943352306837,
,3.095378599560064,
1.3729120029701063,1.5943925503754266,
,,2.282927846422476
2.197280558125619,,2.484869032720402
1.7213983755215052,,
2.619792232630352,,3.367976164873463
1.359835482339888,,2.143327129992046
1.1846914308175989,,2.220631019448092
2.986740392296435,,
0.919078092376074,,1.9350031514536548
-1.2613779720820577,-1.2643212740940954,-1.1301231867332335
1.9590413923210936,1.4771212547196624,
1.1095785469043866,1.209515014542631,
3.301689622087296,3.724505247609918,3.8967912326115615
0.8152455919165631,1.4162243170985684,1.6515202982342203
1.0224283711854865,,2.4500642628252307
1.0606978403536116,,1.756636108245848
1.7213983755215052,,
-1.3151546383555874,-0.8341623753098718,-1.413412695328245
1.7402837196818792,,
2.206825876031849,3.3218054838575397,
1.404833716619938,,3.5278360451647086
1.2787536009528289,1.462397997898956,1.7634279935629371
,,2.0551297642929183
,,1.919078092376074
,,0.2787536009528289
4.740283719681879,4.857332496431268,
,,1.9493900066449128
1.1986570869544226,,2.8258802989361795
,1.9132839017604184,
0.7850235850456861,,
1.4242117189392844,,1.9975654830139
1.335858911319818,,2.665890421102461
,,2.68945981460716
1.0224283711854865,1.7993405494535817,
1.3304137733491908,,3.055607651708712
1.7972675408307164,,2.3525683861793087
0.5996647787884168,,1.796851749049887
0.9395192526186184,,1.809559714635268
1.0863598306747482,,
2.28302970979386,,
,0.3692158574101428,
0.5910646070264992,,1.437750562820388
1.7213983755215052,,
1.5996647787884168,,
1.0863598306747482,,2.5381965783494542
1.4265112613645752,,3.0226757619537272
,,0.291701770729981
0.995042570695854,,
1.4299136977637543,1.4313637641589874,
0.8450980400142568,1.6720978579357175,
4.109578546904387,,
,1.4014005407815442,
1.4410978647162682,1.1947917577219245,
1.701654317325748,,
,3.544068044350276,
1.816373888752362,,
1.5184349700655226,,2.130550861467236
1.7136081310952536,,2.1502389682996204
1.6592504687726608,2.4075608494863627,
2.589323945450198,,
,,2.7830634645642536
1.404833716619938,,2.530583859645118
1.2986347831244356,,
1.3692158574101427,,
,1.823474229170301,
1.968482948553935,,
2.727134423760489,,3.1749896504073343
0.691435152144062,,
1.7589118923979734,,2.280350693046006
1.334453751150931,,1.5921767573958667
1.1522883443830565,,1.91803033678488
0.9242792860618816,,0.146128035678238
1.6809697184658972,,
,,1.634124451552187
1.885361220031512,,2.499412125672276
,1.577491799837225,
2.47130638292198,,3.027300670428161
,2.538573733806856,
,,
0.6363875858131566,,1.245944280169306
1.3692158574101427,,
0.9344984512435676,,1.9350031514536548
0.8195439355418687,1.57978359661681,
,1.8680563618230417,2.490358857684404
2.3469394626989906,,
0.680969718465897,0.94546858513182,
1.0374264979406236,,1.5092025223311027
1.670245853074124,,2.592731766393962
1.1095785469043866,,
2.105612359686785,2.4255342204982635,2.4188065690947886
4.721398375521505,4.48572142648158,
,1.8115750058705933,
1.337698805964078,,2.153833150043018
-0.5228787452803376,,0.146128035678238
2.085219201044942,2.826981336911994,
1.894260664446988,,
1.5786392099680724,,2.651762447380111
1.2227164711475833,,2.8558824300360355
1.9249147521290444,,2.822157614314657
2.311223910432456,2.812779707008964,
1.1702617153949575,,2.423737249982329
,,1.6065963091792852
2.3376988059640778,,
,,1.4471580313422192
1.4393326938302626,,2.7946971268919985
,,2.8260748027008264
1.9185545305502736,,2.239799818447098
1.7281970830354925,,
0.7993405494535817,,2.394976719554564
,0.2095150145426309,
0.2442771208018428,0.5976951859255123,
1.960280464436642,,
0.724275869600789,,
1.7986506454452689,,
1.5305838596451178,,2.592731766393962
0.0791812460476248,,-0.6989700043360187
1.598129263404831,,
1.0,,
2.012837224705172,,3.277563376055919
1.2278867046136734,,2.6414741105041
,2.48572142648158,
1.6424645202421213,,2.510276844417355
,,1.9351544472161684
1.6665179805548809,,1.8155777483242672
-1.1804560644581312,-1.1079053973095196,
1.3283796034387378,,2.461798557525109
1.4483971034577676,,
1.1760912590556811,,2.2227164711475837
1.5733358400660675,,
0.9542425094393248,1.1760912590556811,
,,1.9434945159061023
,1.4539295920577286,
1.960280464436642,2.2723058444020863,
0.7160033436347992,,2.760120785264568
,1.7737864449811935,
1.4899584794248346,,
0.4313637641589873,,-0.3979400086720376
,,2.612889769287485
2.1095785469043866,,
,,0.7388598020722001
2.1382237283539167,1.7558748556724917,2.291701770729981
1.919444210465237,,
1.258517559916453,,
0.1139433523068367,,2.770778396169148
1.2143138974243997,1.9628426812012425,
1.8639173769578603,,
1.255272505103306,1.6532125137753435,1.919078092376074
1.9938769149412112,,3.453180689702094
2.1095785469043866,,3.0240955305529496
2.15259407792747,,2.623042434246382
0.7671558660821804,,
3.30547819931362,3.598484095283053,3.9889311134896985
,,
2.500606922065987,,3.3010299956639813
2.6989700043360187,,
1.230448921378274,1.6434526764861874,
2.369215857410143,2.011147360775797,
1.7116385382323491,2.8441042306975133,
0.4471580313422192,,1.7427251313046983
0.7558748556724915,,2.670616886400325
2.0629578340845103,,2.889749775264037
1.5866998016240492,,
1.260071387985075,,3.0513454993365388
2.7654152045058797,,4.0907664900809895
1.1821292140529984,,1.4958217533859055
0.8463371121298052,,1.1490342671612497
2.1473671077937864,2.2764618041732443,2.5839578420864573
1.515343893088381,,
,1.8115750058705933,
,1.4014005407815442,
0.9132839017604184,1.209515014542631,
0.6862339584582544,,
,,2.243781916093795
1.5983855599492438,,
,1.6334684555795864,
1.6730209071288962,,2.821316970591097
1.2405492482825995,,
1.9590413923210936,,
0.0,,
0.9397587972920404,,0.5970531401766048
,3.087525875300314,
1.3979400086720375,,
2.4608828150058275,,
1.1760912590556811,1.380211241711606,1.6232492903979006
1.255272505103306,,
2.0530784434834195,,
1.3242824552976926,,2.3163897510731952
-0.2328441339178195,-0.0457574905606751,
2.361727836017593,,
0.670245853074124,,
1.0128372247051722,,2.384532615494249
4.022428371185487,,
2.1250907130826344,,
,2.3096301674258988,
1.006204959222372,,
1.5888317255942073,,2.7641761323903307
,1.568201724066995,1.6532125137753435
4.068185861746161,,
0.5440680443502757,,1.8195439355418688
2.041392685158225,,
2.1522883443830563,,3.1943755674822123
1.5866998016240492,,2.3409197934001624
1.2041199826559248,,2.5471591213274176
1.8743658357300488,,2.802246780936593
,,1.4677930297856625
0.6627578316815741,,
0.3692158574101428,1.510545010206612,
1.7103534961511069,,
2.717325925890381,,
,,1.4958217533859055
,,1.6532125137753435
2.88930170250631,,
,,1.413299764081252
,0.91803033678488,
0.6479694583629718,,
,,4.05362960915051
1.1903316981702914,,
0.9883091880368856,,
0.8692317197309762,,0.5563025007672873
2.3138672203691533,,
1.7234556720351857,,2.9146075677710805
0.8808135922807914,,
,1.3222192947339193,1.6127838567197357
1.3263358609287514,,2.160468531119037
2.6532125137753435,2.8016300604667204,3.335792770068036
1.5092025223311027,,2.316808752053022
,1.724275869600789,
2.4423229557455746,,2.8898617212581885
0.670245853074124,,
2.2430380486862944,2.2710745274759008,
2.295043432034886,,
1.0767860335080792,,1.609765105692743
1.624488362513449,1.255272505103306,
,,
,,1.4958217533859055
0.775756037844098,1.670245853074124,1.796851749049887
2.3400274682826607,,2.887197992555555
1.4145388361968003,,
1.7981601474457172,,
1.8316138553090988,,
1.4798055677093918,,
1.3463529744506386,,2.287129620719111
0.8512583487190752,,
,,3.2076289824270967
0.2723058444020864,-0.0457574905606751,
,,2.479222491566444
1.784189205380961,,
1.9546765869186435,2.1528995963937474,
1.0413926851582251,,
1.089905111439398,,
,1.5563025007672873,
1.5996647787884168,2.054613054556888,
0.9242792860618816,,1.965201701025912
,,1.6384892569546374
2.553761698390004,,3.451510117934316
1.960280464436642,,
,1.717670503002262,
,,2.921166050637739
2.496376054012401,3.04688519083771,
,,1.5927317663939622
1.5365584425715302,,2.660675788338524
,,2.3635837780361064
1.4859066008218458,,
1.3981935626189208,,
0.9684829485539352,,
1.3469394626989906,,
1.2723058444020865,-1.744727494896694,
,,1.9149510611278813
0.8085485512404055,,
0.4106085425683679,1.334453751150931,
1.8810992183890167,,
1.08278537031645,1.3404441148401185,
1.1821292140529984,,
,,1.4958217533859055
1.2723058444020865,,
,,1.3979400086720375
,0.8450980400142568,
,2.808210972924222,
,,2.374487141046431
-0.1536628878701947,,
-1.5086383061657274,,
,2.8976270912904414,
0.9712758487381052,1.510545010206612,
1.993436230497612,,
,,1.2741578492636798
2.096910013008056,,2.6989700043360187
1.8085485512404056,2.130333768495006,
0.4771212547196624,1.7781512503836436,1.380211241711606
,,
1.5305838596451178,2.2375437381428744,
2.3282572497312364,2.300595483889964,
,1.380211241711606,
2.1887597929520117,,
1.1473671077937864,2.246498580795801,
2.8175653695597807,,
1.7730546933642626,,3.273464272621346
1.5733358400660675,,
1.3304137733491908,,3.055607651708712
1.0681858617461617,,
-1.5072396109731625,,
0.8463371121298052,,
2.036668810300097,,
1.0224283711854865,,1.291701770729981
2.6625689669332604,,3.820345981254938
2.2833012287035497,,
2.3062105081677613,,
2.28037346615012,,
0.7168377232995244,,
1.4242117189392844,,
1.54282542695918,,2.927473020995276
1.211200662000257,,
1.4563660331290431,,2.5532760461371
1.7528164311882717,,2.66228551572213
0.8195439355418687,,2.465977368285823
0.568201724066995,,1.1818435879447726
4.931508721866617,,
1.268215128299932,,
2.3643633546157306,,3.2581581933407944
1.0863598306747482,,2.4202858849419178
1.6201360549737576,,2.638988159343682
1.701654317325748,2.2723058444020863,
1.1095785469043866,,
1.8149131812750736,,2.7496590320949
1.665580991017953,,2.8521749044203037
1.7381532316546655,,
,1.0,
0.9867717342662448,,1.9800033715837464
1.0791812460476249,1.255272505103306,1.6232492903979006
,,1.0077051143647802
1.110589710299249,,2.642563437104388
1.3304137733491908,,
,,3.9871834472201786
1.8149131812750736,,2.5232260419657013
2.051812148870696,,3.4793352806806745
1.40862997658628,1.9507541815935032,1.937124040079073
1.1702617153949575,1.5024271199844328,
0.9132839017604184,1.5563025007672873,
2.6292872453952176,3.089056879759785,
2.316159128107968,,
1.965812953036603,,
0.4483971034577676,0.7176705030022621,
2.182129214052998,,
,,
,2.9264453478183894,
,1.4941545940184429,
1.0,1.792391689498254,
1.1931245983544616,,1.6232492903979006
1.433673846637061,,1.716583407361048
2.290902332893745,,
1.624488362513449,,
0.9867717342662448,,1.9800033715837464
,1.0413926851582251,
,0.3692158574101428,
,,2.334670844123161
1.3424226808222062,,
1.645422269349092,,2.433449793761596
2.573103783163991,,3.548733277598153
2.321038892726055,2.810366953681626,3.568163574903225
2.5728716022004803,,
,1.4593924877592308,
2.2187979981117376,,3.445168133327569
1.5866998016240492,1.6532125137753435,
2.3124629825480048,,
0.7923916894982539,,2.1332194567324945
2.7654152045058797,,4.0907664900809895
,0.6989700043360189,
,3.113809702672945,
2.1251558295805304,,2.4358443659844413
,,1.81424759573192
1.3353575901491754,,
1.255272505103306,,
1.4471580313422192,,2.52865964523499
2.054229909863398,,2.7996162044814987
2.5106656308106103,1.823474229170301,
1.0791812460476249,,
0.3692158574101428,1.6866362692622934,
2.1509712320626115,,2.5750029994335306
,,1.1112457062718497
3.2174049744015414,,
-0.0625824185228622,-0.0634862575211067,
1.376576957056512,,1.462397997898956
1.4203683798575242,,1.7830634645642536
1.7402837196818792,1.91803033678488,
1.5081497976670666,,
1.410608542568368,,2.8504103412631467
2.620854077858355,,
0.9712758487381052,,
1.1430148002540952,,3.021478732257527
1.0969100130080565,,2.269045709657623
,,2.177062990761493
,1.334453751150931,
1.515343893088381,,
1.0453229787866574,,2.611298362296429
,,1.7659180348062362
,,
1.3981935626189208,,
1.0681858617461617,2.2237554536572413,
1.0128372247051722,,1.6972293427597176
1.9041743682841632,,3.249736304568833
2.410608542568368,,
0.9242792860618816,,2.846708145456007
1.924795995797912,,3.354626976852949
1.2143138974243997,,
,,3.530249658411309
0.8976270912904415,,
0.8061799739838872,,1.9903388547876013
1.2183280235947205,,
1.530199698203082,,2.26528962586083
1.806179973983887,,
2.452292561617729,2.6368187568475414,
1.8881901685544795,,
2.4097641042663462,,2.632254776684713
1.1473671077937864,,
1.9619476238041047,,2.69102930288866
2.2895889525425965,,3.5091083925837547
1.0791812460476249,,
1.0718820073061257,,2.427972713608209
1.6122539060964374,,
1.230448921378274,1.57978359661681,
0.9084850188786496,,1.2174839442139065
0.2723058444020864,1.6263403673750425,
2.220474206129218,,2.76299348178892
1.3648510520076929,,
0.8530895298518656,1.3579348470004535,1.816241299991783
,,2.317007635994752
1.6479694583629718,,
-0.1804560644581313,-0.3893398369101201,
,,1.568201724066995
0.7075701760979364,,1.675778341674085
1.410608542568368,,2.3780616014047293
,,2.9211113698327
0.9132839017604184,,
1.3747483460101038,,2.3494717992143856
2.1509712320626115,,2.5750029994335306
0.9912260756924948,,2.2915908256580013
1.1986570869544226,1.9608273899659168,1.9331074937869817
1.5733358400660675,,
4.515343893088381,4.725094521081469,
1.80057962156913,2.5317343092765503,
1.515343893088381,2.547528576459782,2.4677930297856623
1.6756408849608302,,3.0448250154116936
1.6809697184658972,2.094121595840561,
2.707910665713106,,3.227218044771188
-0.099305225547602,0.1126050015345745,
1.187520720836463,,2.9721102284028307
,2.9245893856694183,
1.1760912590556811,,
1.2013971243204515,,1.8506462351830664
1.9703468762300933,,3.8101249394753607
1.410608542568368,,2.1837963734204613
0.724275869600789,,-0.3979400086720376
1.0767860335080792,0.1003705451175628,1.333094455888206
1.410608542568368,,
,,1.5852852842260978
2.5153438930883807,,2.871485367346791
1.968170424295553,,
1.2380461031287957,,1.975431808509263
,1.7803173121401512,
,,1.671913012441587
0.8325089127062363,,1.8312296938670631
1.06707085604537,,
2.1952906601109694,,
1.5250448070368452,,2.4072208929273966
1.230448921378274,1.6646419755561257,
0.5797835966168101,1.3010299956639813,1.3222192947339193
0.7993405494535817,,2.1455071714096627
0.8325089127062363,,1.561101383649056
1.0224283711854865,,
,,
0.5595475555804343,,0.9729430081055682
,2.6086116004146107,
,2.6020599913279625,
2.101609617233111,,
0.3979400086720376,,1.6304278750250238
4.758381941774675,,
2.1581968857533087,,
1.3537431707539354,,
0.9630082303291392,1.2802368096096894,
2.0530784434834195,,
,,
1.3469394626989906,1.534026106056135,
0.041392685158225,,2.137037454789513
2.1734776434529945,,3.465709936418241
1.2227164711475833,,2.52750101098112
1.146128035678238,,1.812913356642856
,,3.390640181056265
0.8512583487190752,,
1.4242117189392844,,
1.7116385382323491,,
0.919078092376074,1.7075701760979365,
2.512230657664238,,
1.893484346218486,,1.8597385661971468
1.9872639541222352,3.040602340114073,
1.2787536009528289,1.6127838567197357,
0.8195439355418687,1.5185139398778875,1.806179973983887
1.178101724769955,,
1.792391689498254,,1.787460474518415
,,0.954459602411555
1.2723058444020865,1.4313637641589874,
1.4429342077562657,,
2.635212227905222,,3.074174394896267
1.4483971034577676,1.91803033678488,2.1242106834362176
0.9658129530366032,,
1.6122539060964374,2.040602340114073,
1.146128035678238,1.8195439355418688,
1.0606978403536116,,2.595165414790229
0.414973347970818,1.6434526764861874,
1.0,,
,1.717670503002262,
2.3404441148401185,,
1.0170333392987805,,2.7085908451503435
,2.018700498666244,
1.9766708806248112,2.1126050015345745,3.16444059820265
-1.3098039199714864,,
0.3117538610557543,,
,,1.6232492903979006
1.545307116465824,1.534026106056135,
2.263233538439489,2.3010299956639813,
2.330636951476591,3.101609617233111,
0.9872639541222356,0.7737864449811935,
1.0334237554869496,,1.3747483460101038
,,1.1112457062718497
,,3.281033367247728
2.504878459410216,,3.488705793981793
3.670245853074124,,4.634124451552188
3.122870922864436,,
1.9546765869186435,,
2.238447577141119,,
1.4523600005531951,,
1.255272505103306,1.5563025007672873,
4.881099218389017,4.760422483423212,
,,1.634124451552187
,,1.7708520116421442
1.3996737214810382,,2.0751818546186915
1.462637542572378,1.771146348814985,
1.2143138974243997,,
,2.2664198658791035,
0.6901960800285137,,2.093421685162235
4.272305844402086,4.577491799837225,
1.691435152144062,,2.802246780936593
2.4184338800803244,,
1.4885507165004443,,1.958085848521085
1.3384564936046048,,3.255754786643044
1.7740495740300808,,
3.670245853074124,,4.634124451552188
-0.3010299956639812,,1.3324384599156054
1.3692158574101427,,
,1.5976951859255124,
0.6720978579357175,1.3010299956639813,
,,1.671913012441587
1.92551835817743,,
1.534026106056135,,2.673941998634088
0.499549625905149,1.0813473078041325,
1.7693773260761383,,2.945813126587338
1.7213983755215052,,
1.2787536009528289,,1.7474118078864234
2.499687082618404,2.9804578922761,
1.8221680793680173,,3.0540765572905104
2.582063362911709,,3.03992941410856
0.7634279935629372,,
1.9432471251378616,3.161230204195733,
,,2.282927846422476
1.2143138974243997,,
1.7767011839884108,,2.9161906599805376
,,3.129290208965492
,,1.2159810567918627
0.6989700043360189,,1.1205739312058498
1.4483971034577676,2.1126050015345745,
,2.300595483889964,
,,2.561214714947897
-0.0287241512618947,,
0.8808135922807914,,
1.255272505103306,,
2.6201360549737576,,
2.341650134367508,,3.052124254153193
0.1821292140529984,,
1.3996737214810382,,2.0751818546186915
1.100370545117563,,
0.7708520116421442,1.3424226808222062,
2.3735372311927856,,2.532251019012581
4.182129214052998,,
,0.8573324964312685,
1.4062437371659178,,
1.545307116465824,,
2.165095874754218,,
-0.0457574905606751,,2.267406418752904
1.915927211697116,,3.313128713845194
,,2.1112457062718497
1.334453751150931,,1.9474337218870508
1.515343893088381,,
4.624488362513449,,
1.1095785469043866,,
1.60959440922522,,2.2935835134961167
,1.80057962156913,
1.0374264979406236,,2.216957207361097
0.7688895788911809,0.4075608494863625,1.2497876192510662
1.380211241711606,,
1.3469394626989906,,
-1.0506099933550872,,
1.6830470382388496,,2.3811150807098507
2.986740392296435,,
,1.7737864449811935,
1.846337112129805,2.040602340114073,
0.7708520116421442,,2.344785122632661
2.0,,3.092439911331142
1.9395192526186185,,
1.526339277389844,,3.072543985643648
2.31260043926126,,3.847085037995664
,,1.8714853673467915
2.198519630241168,2.9180303367848803,
0.8573324964312685,,1.904715545278681
,,1.6464037262230695
,1.089905111439398,
,,
1.499549625905149,2.3380578754197563,2.653429606747574
1.6256930636518196,,
2.0,,2.721480854770049
1.1473671077937864,1.6866362692622934,
1.8247114434647345,1.595881845162044,
-0.1122702027119696,0.6151079874431941,
1.6955517183388942,1.8115750058705933,
0.7558748556724915,,2.670616886400325
2.127104798364808,3.2778383330020477,
3.00770511436478,,
2.117403884416343,,2.308735110028761
,,3.5386924699715308
1.0681858617461617,1.1126050015345743,1.6301582643345858
0.9867717342662448,,1.7715874808812553
,,1.4500642628252307
-1.3866868385445403,-1.1975683735692764,
,1.0,
3.087994255099714,,3.442855890175056
0.9912260756924948,,2.561697532653993
1.860577551244416,2.1473671077937864,
1.6483600109809315,1.255272505103306,1.61066016308988
-0.6307841425898572,,
1.1095785469043866,,
1.100370545117563,,2.35237549500052
2.545307116465824,,
1.4533183400470375,,
1.9712758487381048,,
1.534026106056135,,2.9701608430373136
,1.717670503002262,
2.1887597929520117,,2.9271855175448933
0.6812412373755872,,1.6138418218760693
,,1.706675118700799
3.146593102096305,,
0.5118833609788743,,0.3692158574101428
,,2.53770767480601
,1.100370545117563,
,,
,2.406540180433955,2.640153356148501
,2.1690863574870227,
0.3469394626989905,,
1.2143138974243997,,
,2.093421685162235,
1.6739419986340878,,2.436639631692661
1.5075185555764243,,
2.128203404277762,,
3.846337112129805,4.510545010206612,
0.3692158574101428,,
1.390405156480081,,
1.0,,
,1.5526682161121932,
1.1238516409670858,,
0.724275869600789,,2.80962704189405
0.9493900066449128,,1.938519725176492
0.5314789170422551,,2.03342375548695
,,2.03048232921435
4.346939462698991,,
-0.1549019599857432,,
0.568201724066995,,1.1702617153949575
0.3617278360175928,,1.4727564493172125
,2.0459876056609674,
0.9030899869919436,,2.160168292958512
1.490611538117366,,
0.6989700043360189,,1.6020599913279625
1.1139433523068367,1.8260748027008264,
1.6020599913279625,,3.278799313755556
1.0293837776852095,,2.7134905430939424
1.089905111439398,,2.684665864025861
0.8388490907372553,,2.0453229787866576
,,-0.6161846340195687
1.2723058444020865,,
,1.577491799837225,
-0.6989700043360187,,1.1430148002540952
,0.91803033678488,
,2.130333768495006,
1.52283531366053,,
,1.8987251815894937,
2.1728946977521764,,3.079145053332749
1.7512791039833422,,2.260786668654976
2.03342375548695,,
1.1398790864012365,,2.40705081480425
1.9561684304753637,,2.7168377232995247
-0.1549019599857432,,
,,2.1112457062718497
1.1473671077937864,,1.671913012441587
1.7145895879692312,2.181614951728961,
2.117791474341135,,
2.5106656308106103,,
0.8325089127062363,,3.015904377895553
2.0175758683910745,,
2.0755469613925306,,
,1.5563025007672873,
0.7075701760979364,,1.7299742856995557
,,1.823180687772236
,1.9273703630390235,
2.397940008672037,2.920817016770973,
1.9208013818256544,2.263233538439489,
0.0681858617461616,2.17435059747938,2.1725153630107723
2.0755469613925306,2.4409090820652177,2.8615344108590377
,,3.280350693046006
2.4747260421801167,2.678518379040114,2.9331758812340807
,2.591064607026499,
-0.9469215565165804,,
0.568201724066995,,1.1702617153949575
1.5305838596451178,,
2.894260664446988,,
0.724275869600789,,1.0374264979406236
0.8750612633917001,,1.951823035315912
0.2787536009528289,,1.9768083373380665
2.2380461031287955,,
1.5224442335063195,,
0.670245853074124,,
2.220474206129218,2.589726256254237,
0.9542425094393248,,1.916453948549925
,0.7867514221455612,
1.410608542568368,,1.990671775066
2.433673846637061,,
1.2986347831244356,,
1.6180480967120927,,3.226316296939334
1.4483971034577676,,
,-0.9208187539523752,
1.6053050461411094,1.7101173651118162,1.7649229846498886
2.4184338800803244,,
1.83310884639605,,
0.45020290432103,,2.184908523789829
1.3234583668494675,1.9273703630390235,
0.9306943876645352,1.5932860670204574,2.180412632838324
0.6901960800285137,,2.093421685162235
1.146128035678238,1.3424226808222062,1.6989700043360187
1.0224283711854865,,1.7688230254496435
1.0681858617461617,,2.4217684012069243
2.379939722801916,,
,,2.1893288620204223
-0.2328441339178195,-0.0457574905606751,
0.7145895879692312,1.1967839377377092,1.9747488089688303
1.1650958747542182,,
0.6989700043360189,,1.6020599913279625
1.385606273598312,,2.1451964061141817
4.960280464436642,,
,-1.2533658010624211,-1.328086987558413
0.9542425094393248,,
1.285669805960068,,
2.046428824980789,,2.726215776811383
1.474726042180117,,
0.691435152144062,1.1245042248342825,1.3251255262169308
1.6020599913279625,,3.278799313755556
1.758381941774675,2.459392487759231,
3.369215857410143,,
0.8750612633917001,,2.587935348636356
1.8122446968003696,,
2.3541084391474008,,3.587037117743456
,,
1.545307116465824,2.7918309476748364,3.0566247553798696
2.3273589343863303,,2.9623219727295846
-0.1549019599857432,-0.0969100130080563,1.4471580313422192
1.1139433523068367,,
2.7512328999850117,,3.785856364748424
0.5797835966168101,,2.115277591395901
0.505149978319906,,1.8561244442423004
1.100370545117563,,1.8926510338773004
0.670245853074124,,
,,1.6532125137753435
0.6434526764861874,,
1.0380675054926616,,
1.2325387175305988,1.7576996250877388,1.9889311134896983
0.6434526764861874,,2.9501700598082
2.3070679506612985,1.6354837468149122,
1.3222192947339193,,
1.290034611362518,,2.6340740254874686
,,1.9493900066449128
1.4483971034577676,,
0.9395192526186184,,1.5327543789924978
1.1760912590556811,,1.5440680443502757
0.6720978579357175,,1.9969492484953808
1.3159703454569178,,2.716420733846555
2.4111144185509046,,2.5725230978496376
1.1248301494138593,1.7658919764300154,
1.8325089127062364,2.397940008672037,
2.606004956819436,2.848558572123763,
,,1.3708830167776058
,,1.0551297642929185
1.0755469613925308,,3.1774787825423223
,2.296665190261531,
,,2.136799810744238
1.2833012287035497,,2.5174598265402324
,1.414973347970818,
2.896923734616258,,3.911972483453416
1.0413926851582251,1.3010299956639813,1.5563025007672873
1.380211241711606,,
,,0.7781512503836436
1.0,,
,1.4313637641589874,
2.2062860444124324,,2.550228353055094
,,2.754099768628937
1.2723058444020865,,
1.292256071356476,,2.5603849229720157
1.839037873388306,,
1.660917628140124,,
2.8988348380682742,,3.5135238961137456
1.8887409606828929,,2.53832233323144
1.3617278360175928,,2.2121876044039577
1.6681780393302597,,
,2.187520720836463,
2.1473671077937864,,
0.499549625905149,,
2.031973689091717,,
,,1.2739730037695494
1.2787536009528289,,
0.8463371121298052,,1.5469742758332872
3.122870922864436,,
1.3692158574101427,,3.014335693263793
1.8535156967569288,,
0.8129133566428556,,2.111598524880394
1.1903316981702914,,
0.5910646070264992,,2.019116290447073
1.0602973495331114,,
0.7781512503836436,,1.9020028913507296
2.2121876044039577,,
1.4742162640762553,,3.0028569260611206
1.2695129442179165,,2.170261715394957
,,1.5927317663939622
0.8864907251724818,,2.579897869603104
1.3053513694466237,,3.067033639842262
-0.0287241512618947,,
0.5563025007672873,,1.4471580313422192
1.403120521175818,,2.402605241919914
1.7058637122839193,,3.3335480271899067
2.367970581043394,2.9622130183603903,
1.5996647787884168,,
1.6989700043360187,,
2.0224283711854865,,2.546974275833287
1.615960567133984,,
,,2.136799810744238
1.2695129442179165,,
2.137986732723532,,3.791522230785625
0.9315087218666176,,
1.8727388274726688,,2.484584529282843
1.0175758683910745,,
,1.2966651902615312,
1.1821292140529984,,
,0.7039788250083859,
0.505149978319906,,2.5734518220354854
,,3.407644947669036
0.7923916894982539,,2.1332194567324945
1.2723058444020865,,
1.1702617153949575,,1.8221680793680173
1.3648510520076929,,
0.1760912590556812,1.1139433523068367,1.414973347970818
1.7824726241662865,,2.4577305482459986
,-1.5686362358410126,
,,2.282927846422476
1.2041199826559248,,1.6901960800285136
2.110252917353403,,2.429429264381788
1.0490977995230053,,0.9924054878750004
1.1357685145678222,,
2.0,,3.092439911331142
1.0791812460476249,1.9242792860618816,
1.6047443043176917,,
1.624488362513449,,
0.4313637641589873,,2.535167485114944
1.1473671077937864,,
,,1.7388598020722
1.0492180226701815,1.209515014542631,
-0.6989700043360187,,2.5732198271144218
0.3617278360175928,,2.740836207057312
1.4800069429571503,,3.015611204503512
2.149834696715785,,2.674952948048565
2.717325925890381,,
1.3692158574101427,,2.3409197934001624
,-0.7328282715969862,
1.7323937598229686,1.0791812460476249,
,,2.247973266361807
1.3451069938119355,2.7764105888073423,1.7026476294177555
0.9355072658247128,,
1.2442771208018428,,
0.5797835966168101,,2.147985320683805
2.15454569242091,,1.52723021763753
1.0791812460476249,,
1.968482948553935,,
1.5314789170422551,1.230448921378274,
,0.4771212547196624,
1.0073209529227445,,
1.3010299956639813,1.845098040014257,
,,3.135663661253615
1.8085485512404056,2.04766419460156,3.2097321075148613
3.670245853074124,,4.546974275833287
1.0,,1.6127838567197357
1.3234583668494675,,
1.3424226808222062,,
1.7116385382323491,,
2.2750117377780112,,
1.404833716619938,,3.4550124501002544
1.06707085604537,,
1.9132839017604184,,
2.3648510520076926,2.884682104206025,
4.80057962156913,,
1.0043213737826426,,2.569373909615046
1.5746908941510338,,
2.382053082115315,2.686636269262294,
1.670245853074124,1.831613855309099,
1.0681858617461617,,
2.076786033508079,2.768490105171245,
1.390935107103379,,2.7532765701844184
2.17539583139403,,
0.9132839017604184,,
2.876396834670384,,2.1164782332055267
1.4299136977637543,2.0384611961785635,2.516493727222662
1.3469394626989906,,
,,0.7708520116421442
1.2143138974243997,,
0.7671558660821804,0.9542425094393248,
2.526067758480154,,2.990671775066
1.6532125137753435,2.4871383754771865,
1.730782275666389,,3.101368963249252
1.5733358400660675,,
,4.635483746814912,
1.9479236198317265,,1.887617300335736
1.915927211697116,,3.313128713845194
-0.8526328922062136,-0.4894549897933878,
3.846337112129805,,4.935154447216169
,2.404491617758686,
1.1650958747542182,,
1.45020290432103,,
0.8692317197309762,,1.0969100130080565
1.8597385661971468,,3.375444125505117
0.8692317197309762,,2.762978490867743
3.151268697198816,3.628388930050312,
1.9924651478080435,2.3308194664958366,
,,0.4958217533859058
,1.48572142648158,
1.946108230436906,,2.6368187568475414
1.636387585813157,,
,1.510545010206612,
0.9712758487381052,,
1.255272505103306,,
,,1.9149510611278813
0.9030899869919436,,1.5276299008713388
,,0.954459602411555
1.0413926851582251,,2.4768316285122607
1.24551266781415,,2.877716800864977
1.285669805960068,,
1.7981601474457172,,
2.198519630241168,2.9180303367848803,
0.7075701760979364,2.2332500095411003,
0.9822712330395684,,2.813981075636472
0.8750612633917001,,2.7126497016272118
0.7993405494535817,,1.81424759573192
1.5154764413823758,1.624488362513449,2.3618788687027887
2.4429342077562657,,
,-0.7328282715969862,
,,1.4378298064082191
,,2.5800121125294244
1.625312450961674,,2.86308482532036
2.0681858617461617,3.170672340315576,
2.816241299991783,,
0.3234583668494676,,0.5469742758332871
0.6434526764861874,,0.7923916894982539
,1.4313637641589874,
1.7116385382323491,,
2.0175758683910745,1.9715170564543325,2.308819366674897
1.7116385382323491,2.1245042248342823,2.308735110028761
0.9132839017604184,1.334453751150931,
2.3626520879077546,,
2.4505631652142754,2.6879211651164128,3.1810034732362915
1.3560258571931227,,2.0867156639448825
,,
1.9813655090785445,,2.435525851498655
,,1.867467487859052
1.3180633349627615,,1.8959747323590648
0.9493900066449128,,0.8864907251724818
0.9194442104652368,,1.2685101080680472
,4.334453751150931,
1.701654317325748,,
3.301689622087296,3.724505247609918,3.8967912326115615
4.015129132443987,4.844104230697513,
3.9753858489894673,,
1.2442771208018428,,
0.5595475555804343,0.401400540781544,
1.0413926851582251,,1.5314789170422551
0.9872639541222356,1.8562454007900544,
,,2.561214714947897
,1.5976951859255124,
,1.100370545117563,1.0698530211136246
,1.6354837468149122,
1.816373888752362,,1.4188065690947886
1.1363717234923232,1.255272505103306,1.479222491566444
0.5305838596451177,1.8350561017201164,
1.146128035678238,1.4913616938342726,
,,2.52244423350632
2.130333768495006,,3.0461047872460387
,,2.3010299956639813
0.9712758487381052,,
2.06469753390034,,
4.214313897424399,,
,1.8496650554787328,
1.5289167002776547,,2.6820547770738075
1.499549625905149,,
2.0106899679142423,,
1.1473671077937864,,
0.3234583668494676,0.401400540781544,
,,2.275778804632812
2.298634783124436,,
2.9622130183603903,3.4771212547196626,
,,2.416640507338281
-1.3968556273798178,0.1922886125681202,
,1.7234556720351857,
2.033857832966268,,
1.4946971231107369,,
1.4831592097169797,,
1.1072099696478683,,2.126131407261984
2.35430056234536,,
0.6122539060964373,,1.8714853673467915
,0.7993405494535817,
,,
1.100370545117563,,2.398981066658131
2.001673149594867,,
1.4771212547196624,,2.804888744622392
0.9315087218666176,,
0.8976270912904415,,
0.691435152144062,0.48572142648158,1.3251255262169308
0.7671558660821804,,
0.9132839017604184,1.5976951859255124,
,,3.2766788971454743
1.3926969532596658,,3.286725855353823
1.824060717418653,2.6549462265843444,
0.6989700043360189,1.380211241711606,
0.670245853074124,,1.291701770729981
1.505149978319906,1.8920946026904804,
,,1.4378298064082191
3.9753858489894673,,
1.8877297972880305,,
1.806179973983887,1.8195439355418688,
0.3234583668494676,,
1.4913616938342726,,
1.1473671077937864,,
0.4771212547196624,,1.4456042032735976
0.8864907251724818,,1.4548448600085102
2.4099331233312946,,
1.7888751157754168,,2.3016809492935764
,,1.9351544472161684
0.4913616938342727,,1.7774268223893113
0.9132839017604184,,
0.6334684555795865,,1.7267272090265722
1.0718820073061257,,
2.728102061816012,,3.274425158398526
1.4483971034577676,1.6532125137753435,2.634124451552187
0.9542425094393248,,2.046495164334708
,,1.9242792860618816
1.0681858617461617,1.1583624920952498,
,,1.7442929831226763
,,0.7688230254496434
1.6122539060964374,1.9628426812012425,
0.9712758487381052,,
0.7403626894942439,,2.0277572046905536
0.6232492903979004,,1.7831886910752577
1.5024271199844328,,2.6996643202023733
1.0,,1.8221680793680173
,2.8496650554787326,
0.8920946026904804,,1.9175055095525464
1.3469394626989906,1.4014005407815442,
1.7671558660821804,,1.5314789170422551
1.5866998016240492,1.670245853074124,
1.4831592097169797,,2.333094455888206
1.414973347970818,,2.1818435879447726
,1.954242509439325,
0.670245853074124,1.8350561017201164,1.7388598020722
0.8512583487190752,,
0.4771212547196624,,1.8686444383948253
1.0,0.3010299956639812,
1.1760912590556811,,
,,4.634124451552188
1.5211380837040362,,2.2612628687924934
2.2668429487005843,,
1.2278867046136734,,2.7396514437093766
2.28037346615012,,
,,2.692979037459632
1.212187604403958,,2.3727279408855955
,,1.4378298064082191
1.3159703454569178,,
1.294466226161593,,2.3900514964589874
1.6122539060964374,,
0.9637878273455552,,2.310268366632448
,3.1055101847699738,
1.5595475555804343,,
1.8877297972880305,,
1.9263424466256551,,2.989805650936826
,1.338057875419756,
1.0224283711854865,1.8407332346118068,
0.4471580313422192,,1.4014005407815442
1.3180633349627615,,1.711807229041191
,,2.0398897977361816
1.2041199826559248,,1.845098040014257
,,2.123851640967086
0.5563025007672873,,1.7259116322950483
1.1760912590556811,,
0.2143138974243995,0.5105450102066121,
,,1.9242792860618816
1.2442771208018428,1.4313637641589874,1.7688230254496435
1.7634279935629371,,
,,-0.1128020074444448
0.2787536009528289,,1.1986570869544226
1.824060717418653,,
1.2613104601006233,,
0.499549625905149,1.0813473078041325,
2.121955551345471,,
1.5670263661590604,,3.0338658673479
,,1.124210683436217
1.6122539060964374,,
,1.7781512503836436,2.011993114659257
,,1.9351544472161684
1.3424226808222062,,
1.824060717418653,,
0.7075701760979364,,2.311541958401195
,,2.677606952720493
1.672951746450049,,
1.3234583668494675,,
1.7116385382323491,,
1.3981935626189208,,
,,2.4513258084895195
,,0.9149510611278816
0.2304489213782739,,0.8061799739838872
1.5184349700655226,,2.130550861467236
2.833848049531148,,3.5233562066547925
1.6479694583629718,,3.620488971084516
0.4265112613645752,,1.7462448717201984
2.1095785469043866,,3.014335693263793
2.1509712320626115,,2.5750029994335306
1.3514870904497112,,1.7913888533483848
1.2143138974243997,,
1.4661258704181992,1.9084850188786493,
1.4082399653118496,,2.2174839442139063
0.4471580313422192,,1.8438554226231607
,1.688419822002711,
,,1.591064607026499
1.0128372247051722,,2.342620042553348
0.775756037844098,,
0.6627578316815741,,1.235528446907549
,,1.954242509439325
,2.534026106056135,
2.1357685145678222,,2.9540977204791896
1.515343893088381,1.4014005407815442,
1.2442771208018428,,
2.367355921026019,,
1.4828735836087537,,2.481442628502305
,,1.9351544472161684
,,2.2695129442179165
0.9872639541222356,1.8562454007900544,
1.1580909731855595,,
2.1382237283539167,1.7558748556724917,2.291701770729981
-1.5228787452803376,-1.0132282657337552,-0.889410289700751
0.7403626894942439,1.2624510897304295,1.3996737214810382
,2.2723058444020863,
-0.3190302815341028,,0.5469742758332871
0.9712758487381052,1.6866362692622934,
1.1473671077937864,,
3.4913616938342726,3.934498451243568,
2.223521899211224,,
4.022428371185487,,4.495821753385906
1.2041199826559248,1.7481880270062005,1.4913616938342726
1.3159703454569178,,3.171960354012677
1.173186268412274,,2.426673888021373
1.515343893088381,,
1.2174839442139065,,2.095169351431755
2.110589710299249,2.773786444981193,
1.3926969532596658,,2.4375920322539613
1.2442771208018428,,
1.3648510520076929,,
1.5327543789924978,,2.5444401373176926
1.499549625905149,,
4.147367107793786,,4.291701770729981
,0.4593924877592308,
,,0.077031605740748
1.3234583668494675,,
2.216957207361097,,3.158814646724226
1.0459094670350093,,
1.839037873388306,,
1.636387585813157,,
1.3679147387937527,,
,2.054613054556888,
1.2174839442139065,,2.8558824300360355
2.182129214052998,,
0.7075701760979364,,2.5350408132511606
1.4661258704181992,1.8350561017201164,
1.0606978403536116,,2.6916118742144164
,1.52244423350632,1.0698530211136246
0.1095785469043867,,
1.515343893088381,4.927370363039024,
0.7016543173257481,2.615107987443194,
,2.0211892990699383,
1.2986347831244356,2.011147360775797,
2.1363717234923234,,
1.1398790864012365,,1.844166410450201
2.5971025620238164,,
2.528273777167044,,
0.9030899869919436,,
1.5305838596451178,2.398287305357401,
0.6122539060964373,1.3590762260592628,
1.839037873388306,,
2.0453229787866576,,2.5190400386483445
,,
0.9872639541222356,,1.9211113698327
2.161607546908397,,
0.99563519459755,,
1.2143138974243997,,
1.9872639541222352,2.163757523981956,
1.1139433523068367,1.3424226808222062,1.57978359661681
0.9432471251378616,,
1.481442628502305,,3.308329596317398
1.423245873936808,,1.7551122663950711
,,0.3708830167776059
,1.3617278360175928,
1.5563025007672873,,2.514547752660286
,,2.6344772701607315
1.5996647787884168,1.91803033678488,
2.3068537486930087,,3.378652224908501
1.0334237554869496,,2.7557986569738304
,1.4771212547196624,
4.2295538639811365,,
1.2994005097087626,,
1.1985196302411678,,
1.474726042180117,,
0.7016543173257481,0.9365137424788932,
1.3654879848908996,,1.3891660843645324
0.4471580313422192,,1.4014005407815442
0.6532125137753437,,3.329926440795452
2.410608542568368,2.3416323357780544,3.353154249817174
1.80057962156913,2.163757523981956,
1.4533183400470375,,
1.860577551244416,,
1.624488362513449,,3.408973066385746
2.458297455377332,,4.082073241935238
1.8675264111997432,,
1.6020599913279625,,3.278799313755556
-0.5204726755144591,-0.6743475294276867,-0.4412914294668342
0.4771212547196624,1.3979400086720375,
2.001300933020418,,2.561816664318957
,,1.392072315847544
1.8675264111997432,2.2764618041732443,
1.287801729930226,,2.939619078956698
1.768889578891181,2.611298362296429,2.0798701418711487
,1.6020599913279625,
0.9790929006383264,1.6522463410033232,1.9532763366673045
1.6444385894678386,,3.2668429487005843
1.1821292140529984,,
,1.8680563618230417,2.490358857684404
1.9976047874604543,,
1.6122539060964374,2.413634997198556,
-0.914780798955058,,
1.08278537031645,,2.9380190974762104
1.670245853074124,,2.7688230254496435
,4.702430536445525,
1.6551384348113822,,1.3783979009481375
0.6232492903979004,,1.7831886910752577
1.2986347831244356,,
,2.1947917577219247,
1.540942311063374,,
2.245265839457461,,3.1204093945560687
2.0893751608160995,1.7323937598229686,
0.99563519459755,,
1.1181787186663044,,
1.1430148002540952,,2.807805532270625
,,2.291701770729981
0.8836614351536176,,1.1846914308175989
2.0810230864513337,,
,,2.06595298031387
,,1.5469742758332872
1.714329759745233,,2.8284020784915933
1.960280464436642,,
,,1.1837963734204613
,0.6170003411208989,
0.7583819417746753,1.3159703454569178,
,,2.3197304943302246
1.484299839346786,,2.3634239329171765
,,1.413299764081252
0.2304489213782739,,-0.2006594505464183
1.0253058652647702,,
1.714329759745233,,2.8284020784915933
1.893484346218486,,1.8597385661971468
1.0681858617461617,,
1.8316138553090988,,
0.5453071164658241,,
0.5453071164658241,,
,1.6334684555795864,
1.9175055095525464,,2.834229902851677
0.775756037844098,1.670245853074124,1.796851749049887
1.2143138974243997,1.9628426812012425,
1.436162647040756,,2.885304667588968
1.599883072073688,,2.495405563146193
1.5733358400660675,,2.4252406791001984
2.5756496147552195,,3.344981413927258
1.3234583668494675,,
1.0681858617461617,,
0.5453071164658241,,
,,
1.2787536009528289,,
,,1.9493900066449128
1.354108439147401,,
2.6954816764901977,,
2.343497216287973,,
0.9637878273455552,,1.3944516808262162
1.7309436934277358,,
2.1192558892779365,,3.524071415934022
,1.8887409606828929,
2.4781189850774563,3.354262144504484,
1.839037873388306,,
1.2174839442139065,,2.8558824300360355
1.3234583668494675,,
,1.505149978319906,
3.161368002234975,3.646730059710096,
2.44406885329139,,3.609255345805931
1.9238261426363068,,
0.8260748027008264,,3.261453202741811
,,
1.5987905067631152,,3.1715509456767457
1.0128372247051722,,2.342620042553348
2.2640855141553957,,
1.3502480183341627,,2.9733587998863977
1.824060717418653,,
,1.118595365223762,
1.6756408849608302,,
1.4483971034577676,,
,,3.203391929483842
1.0463663786835755,,
0.6232492903979004,,1.790988475088816
2.3140779917792127,,2.8773137433122384
,,
,1.100370545117563,
1.4184338800803244,,2.6241402306455863
2.1172712956557644,,3.541354550754415
1.230448921378274,,
0.7481880270062004,,1.9508514588885464
1.1139433523068367,1.8260748027008264,
4.272305844402086,,
,,1.1947917577219247
1.9374175814771373,,
2.031973689091717,,
1.260071387985075,,1.9052560487484511
1.1821292140529984,,
1.545307116465824,,
,,2.6682787277864928
1.9537596917332287,,
1.636387585813157,1.9365137424788936,
,3.5219744719873938,
0.5595475555804343,0.401400540781544,
0.7924617313469506,1.0261245167454502,
0.7403626894942439,,1.3560258571931227
0.9658129530366032,1.1126050015345743,1.110589710299249
1.4814856258274134,2.114410802397837,
1.57978359661681,,2.590953235187986
1.1095785469043866,,1.7388598020722
2.3258644366153463,,
0.94382579875033,,1.960087687419981
1.0606978403536116,,
2.355987591676388,1.9084850188786493,
,1.5314789170422551,
,-0.4894549897933878,0.3330944558882061
1.100370545117563,,1.4183012913197457
2.1437328231386923,,
1.439253724017898,,
1.1509712320626118,,2.426516141050441
,,-1.4072682336060378
0.568201724066995,,1.1139433523068367
1.146128035678238,1.6434526764861874,1.8976270912904416
2.241372130158436,,2.14173502841975
0.7403626894942439,,2.709863317440399
,2.0034605321095063,
1.0272272540672551,,
,,1.7388598020722
,2.495821753385906,
1.4483971034577676,,
0.5840597054578407,,1.1441817643668375
0.7323937598229685,,2.2773799746672547
1.6047443043176917,,
1.2442771208018428,1.6866362692622934,
0.8388490907372553,,2.592398846115564
1.5305838596451178,,
2.3312247810207323,,2.6693168805661123
-1.0177287669604316,,
1.3692158574101427,,3.014335693263793
,,2.677606952720493
1.8535156967569288,,
1.429752280002408,,2.4861469968065726
,,3.2937314930142003
1.3924683170438543,,2.2934354835389814
,,1.5314789170422551
,,2.012837224705172
2.1250907130826344,,
1.3469394626989906,0.8573324964312685,
1.4593924877592308,,
1.921686475483602,,1.8394780473741985
,2.6993173010213822,
1.4831592097169797,,2.7830634645642536
1.758381941774675,,2.3989117403778493
2.353743170753936,2.722140125457416,
0.8421409975361972,,
,,2.7388598020722004
0.2041199826559248,,1.830588668685144
1.5276299008713388,,2.4852954387260886
3.971275848738105,,
2.1818435879447726,,
0.5314789170422551,,0.6989700043360189
1.7213983755215052,1.5976951859255124,2.291701770729981
,,1.725094521081469
0.5453071164658241,,
1.5634810853944108,,2.669037800885156
1.52283531366053,,2.0
1.0,1.8195439355418688,
1.3692158574101427,1.6170003411208989,2.1242106834362176
1.900694774452398,1.7867514221455612,
1.369246788964011,,2.100872623203649
0.5481928047033122,,
1.0490977995230053,,0.9924054878750004
2.581722159949099,,3.321411997974005
1.670245853074124,2.0261245167454502,3.3621090924701007
,,2.397940008672037
0.3617278360175928,,2.740836207057312
,2.1360860973840974,
2.036668810300097,,
1.1821292140529984,,
,1.577491799837225,
1.6592504687726608,,
2.3010299956639813,,
,0.0187004986662433,
1.3692158574101427,1.5563025007672873,
0.9493900066449128,,1.938519725176492
2.211120541258049,,2.3281756614383227
-0.7189666327522725,,
2.220474206129218,,
2.2750117377780112,2.549738731264899,3.442765024083731
1.651278013998144,,2.66029616027073
,1.717670503002262,
3.881533295868336,,
1.380211241711606,,
3.296072566359835,,
1.3469394626989906,,2.2459442801693057
1.2986347831244356,,
0.8573324964312685,,2.364926033789976
,1.470116353151004,1.0698530211136246
0.785329835010767,,3.018492453401473
,,1.706675118700799
2.1719895827021185,0.1473671077937864,
,,1.796851749049887
1.824060717418653,,
0.670245853074124,,
1.7723217067229198,,3.321474151030556
-0.2328441339178195,-0.0457574905606751,
1.6232803103244808,,
2.3648510520076926,,2.649636617730435
1.3820170425748683,,1.8976270912904416
1.2960725663598351,,
1.6122539060964374,,
0.9731278535996988,,1.9068735347220704
0.8692317197309762,,2.5491259267581112
1.2148438480476975,,3.218194027092984
0.9132839017604184,,
1.5831987739686226,,1.505149978319906
,,1.4958217533859055
1.462637542572378,,
0.9132839017604184,1.100370545117563,
1.414973347970818,,1.7160033436347992
-0.1249387366082999,,0.9344984512435676
1.691435152144062,,
1.515343893088381,,
1.1509712320626118,,
1.379939722801916,,
0.9493900066449128,,2.9461573949223725
1.1056123596867853,,
1.6375597713612076,,
,4.888983289982533,
1.0334237554869496,,2.082426300860772
1.0272272540672551,,
2.106870544478654,,
,,2.7388598020722004
2.8370831508231857,,3.4591058794872094
1.7881796881137657,,
1.1398790864012365,,2.342422680822206
0.9493900066449128,,2.615739688619155
1.3283796034387378,,1.9289076902439528
0.6334684555795865,1.255272505103306,
2.34908316877959,,3.0057808999546523
1.4299136977637543,,
1.1072099696478683,,1.8836614351536176
1.0718820073061257,,2.584783378996508
,2.141763230275788,
2.123851640967086,,2.376576957056512
2.0681858617461617,,
1.3469394626989906,,
2.0026843129897296,,
1.6812412373755872,,
0.6720978579357175,,1.3636119798921444
,,
1.0224283711854865,1.9084850188786493,
2.105612359686785,2.2375437381428744,
,,
1.744762237065578,,3.277996211347547
1.1473671077937864,,
1.100370545117563,,2.35237549500052
0.9030899869919436,1.8864907251724816,
,,
1.4299136977637543,,
1.8987251815894937,,
1.9813655090785445,,3.070665753453728
2.2403149243349785,3.091277148468145,3.318178405144743
0.7481880270062004,,1.7671558660821804
1.4299136977637543,,2.27397300376955
2.0,3.380211241711606,
,,
1.4483971034577676,2.1126050015345745,
0.380211241711606,,0.6434526764861874
0.8325089127062363,,2.4353665066126613
1.57287160220048,,2.442636525782232
0.9924651478080432,,
2.1250907130826344,2.831613855309099,
,1.7323937598229686,
2.410608542568368,2.296665190261531,
1.824060717418653,,
1.3469394626989906,,
1.0767860335080792,1.255272505103306,
1.3031960574204888,,0.5314789170422551
1.7309436934277358,,
1.599883072073688,,2.495405563146193
2.076786033508079,,
,1.470116353151004,1.0698530211136246
,2.719165494089214,
0.8260748027008264,,1.5024271199844328
-1.0506099933550872,,
,,2.1832698436828046
0.9546765869186437,0.7323937598229685,0.9149510611278816
2.4897897886159925,,
2.151859955512512,,
,1.2787536009528289,1.591064607026499
1.2986347831244356,,
2.085219201044942,,
1.08278537031645,,1.714329759745233
,,1.0240955305529496
2.3514870904497114,,
1.2723058444020865,,
-0.092965047516583,0.6866362692622935,
1.4533183400470375,,2.683767261425312
,2.710117365111816,
2.121264305229581,2.1473671077937864,
1.6680689338198496,,
,0.5105450102066121,
,,2.084093460228235
2.34921922899389,,
1.6901960800285136,,
,,2.334670844123161
1.7309436934277358,2.1126050015345745,
1.1760912590556811,,2.841234295506041
2.562340455764605,1.8785217955012063,
2.165095874754218,,
1.3469394626989906,2.17435059747938,
4.961947623804105,,
,,1.4378298064082191
1.2253092817258628,,2.5546102852261643
2.1473671077937864,,
1.0681858617461617,,1.958085848521085
2.3423437110098417,,
0.907034952483417,,
1.7883451651521185,,
1.7906369619317033,,2.220369632451394
,3.215901813204032,
1.354108439147401,,2.941610802153634
2.456366033129043,3.187520720836463,
0.8260748027008264,,2.636788689034375
0.7160033436347992,,2.101059354908116
0.9242792860618816,,
1.1821292140529984,,
0.5440680443502757,,2.029789470831856
0.6020599913279624,1.3010299956639813,1.806179973983887
1.499549625905149,,
2.5760417334419925,3.063483478027528,
1.0413926851582251,,
0.9542425094393248,,1.916453948549925
1.0459094670350093,0.9628426812012424,
,1.230448921378274,
,1.5563025007672873,
1.839773342627417,,2.5312514915704543
,,
1.3782415994970532,,
1.422294300893563,,
1.6047443043176917,,
1.6975954608488806,,
3.435525851498655,,
0.6724119148306317,,0.902361933819861
1.0224283711854865,1.9084850188786493,
0.5866998016240491,1.2966651902615312,
1.4483971034577676,,
1.2723058444020865,-1.744727494896694,
1.7116385382323491,,3.2554895980755365
1.4914317356829694,1.189770956346874,1.5469742758332872
,,0.8714853673467912
1.1821292140529984,,1.8937617620579432
1.768196924068274,,
1.6020599913279625,,
2.298634783124436,,
1.7309436934277358,,
1.390405156480081,,
1.3979400086720375,,2.713213245341474
1.6592504687726608,,
1.5831987739686226,,3.3327211642891275
1.410608542568368,,2.3780616014047293
0.9766708806248114,,
1.758381941774675,2.8067225030761813,
,,1.5469742758332872
1.1072099696478683,,0.7075701760979364
1.4695864025277057,,
2.2295538639811365,,
1.4941545940184429,,2.748575616930992
,1.334453751150931,
,2.442793225939769,
-1.5228787452803376,,1.146128035678238
1.9766708806248112,,
2.658135463071869,,
1.3353575901491754,,
1.258517559916453,,
,,1.8195439355418688
0.9712758487381052,1.1846914308175989,
3.647969458362972,,
,,1.6324572921847242
,1.0413926851582251,
1.2013971243204515,,2.081707270097349
1.268215128299932,,
0.9132839017604184,,1.4378298064082191
1.7402837196818792,2.284656282788516,
1.2986347831244356,,2.80757561444166
1.3729120029701063,,3.146252102092995
,,2.7807492311035524
,1.2041199826559248,
2.318605864055056,,
0.9395192526186184,,1.884795363948981
1.3692158574101427,,
,,1.7634279935629371
2.184123354239671,,3.4919776747641684
,1.954242509439325,
1.4487063199050798,,2.564192460626198
1.6020599913279625,,2.4915017662373264
0.8702751196278944,2.5200903281128424,3.0581146178423806
1.1789769472931697,,
0.0,,1.847572659142112
,2.2081725266671217,
,1.2329961103921538,
2.2668429487005843,,
0.7075701760979364,2.2332500095411003,
1.9981154218307493,,
1.499549625905149,,
1.6901960800285136,2.534026106056135,
2.360971883725936,,
1.3521825181113625,,
0.6334684555795865,,2.096562438374136
3.301689622087296,3.724505247609918,3.8967912326115615
1.3010299956639813,,3.1607385681125817
,,
,,2.084093460228235
0.8463371121298052,,
,2.3951515915045425,
2.857573704147496,3.017450729510536,
2.144885418287142,,1.9849771264154936
1.624488362513449,1.255272505103306,
1.860577551244416,,1.848004271497268
2.4184338800803244,,
2.208064948147398,,
1.846955325019824,,2.729812507160936
,,0.9729430081055682
1.6720978579357175,,
0.9590413923210936,,1.8175653695597809
,,1.954459602411555
1.3469394626989906,,
1.0,1.3979400086720375,
1.526339277389844,,3.072543985643648
1.724275869600789,,
1.948999454026953,,
1.3692158574101427,1.4313637641589874,
2.4355417827721806,,3.560747480387604
1.423245873936808,,2.547528576459782
-0.2328441339178195,-0.0457574905606751,
1.255272505103306,,
1.4897897886159928,,1.6013319381558797
2.877273993092508,,
0.9242792860618816,,1.7737864449811935
0.5797835966168101,,1.967547976218862
2.2049064289025684,,
1.3159703454569178,,
2.499687082618404,2.9804578922761,
1.8704039052790271,,
1.0681858617461617,1.8115750058705933,
2.793580867368156,,3.729877225808236
,,1.7388598020722
1.6232492903979006,,
1.369246788964011,,2.100872623203649
1.1473671077937864,,
1.7740495740300808,,
,,
2.2113096024944365,,4.039205379614325
2.735638814636116,2.6372895476781744,
,1.4593924877592308,2.134311010340543
1.5943925503754266,,3.468790262099611
1.1095785469043866,,
1.1650958747542182,,
-1.0362121726544449,,-0.6216020990518624
1.6047443043176917,,
0.667452952889954,3.1760912590556813,
1.3234583668494675,,
0.670245853074124,1.6866362692622934,
0.8463371121298052,,
,,
,,1.0398897977361814
1.1613680022349748,,2.4456042032735974
2.0293837776852097,,
0.9493900066449128,,1.9556877503135053
3.05045709478573,,
1.8316138553090988,,
,,
0.8573324964312685,,2.3550682063488506
1.860577551244416,,
2.691435152144062,,
1.6196358597190368,1.7085908451503438,1.649636617730435
0.5910646070264992,,1.9556877503135053
2.6756408849608304,,3.316187438429148
,0.5105450102066121,
1.8316138553090988,2.4779889762508893,
1.4517864355242902,,2.128722284338427
0.146128035678238,,
1.0413926851582251,1.6989700043360187,
1.4471580313422192,,
4.831613855309099,4.979548374704095,
0.9712758487381052,1.2966651902615312,
,,2.418740171046566
,1.4913616938342726,
1.92551835817743,,
1.414973347970818,,
2.410608542568368,2.3416323357780544,3.353154249817174
1.4471580313422192,,
2.500606922065987,,3.3010299956639813
4.214313897424399,,
,1.3617278360175928,1.6532125137753435
1.3424226808222062,,
0.8810992183890172,,1.4378298064082191
1.1095785469043866,,
0.380211241711606,,1.739572344450092
1.2986347831244356,,
1.2986347831244356,,
1.80057962156913,2.0681858617461617,
,1.2329961103921538,
1.846337112129805,,
2.649110837421781,,
1.2723058444020865,,
1.337698805964078,,
1.1139433523068367,1.7781512503836436,
2.4861555039608985,,
1.4409090820652175,,1.9647309210536297
2.69246795758183,,3.7388598020722
2.198657086954422,,
1.499549625905149,1.209515014542631,
2.4164907247943224,,
,1.6334684555795864,
,2.0,
1.5595475555804343,,
1.7972675408307164,,2.3525683861793087
1.1473671077937864,,1.671913012441587
1.9052560487484511,,2.7290027092721902
2.3258644366153463,2.2595938788859486,
2.2377949932739227,,2.8776592441116087
,0.255272505103306,
,,3.35538829665446
,,1.833147111912785
2.2218574354191367,,3.374137705681351
1.9590413923210936,3.31260043926126,
,,1.923145539743153
0.7323937598229685,,0.3617278360175928
1.6081397034025584,,
1.3926969532596658,,2.4375920322539613
,1.7466341989375789,
2.128883702099773,,
1.8101249394753605,2.3282572497312364,
1.4885507165004443,,1.830588668685144
1.436162647040756,,2.7735670489260587
,,1.7388598020722
2.575961032060751,,
1.212187604403958,,2.656002320682957
1.100370545117563,,2.64018319192134
2.2613104601006238,1.7466341989375789,2.891584842803669
1.146128035678238,,
1.2671717284030135,,3.0571333672490866
,,1.634124451552187
2.076786033508079,,
1.808885867359812,,2.3140779917792127
1.331427296520743,,
1.24551266781415,,3.1346551422776487
1.1702617153949575,1.5024271199844328,
1.0,1.414973347970818,
2.187771636707945,,2.379483188539524
0.7481880270062004,,1.3579348470004535
1.2787536009528289,1.6901960800285136,
1.4145388361968003,,
,2.547528576459782,
1.403120521175818,,2.8194781283621224
1.1818435879447726,,2.247236549506764
1.8887409606828929,,2.515741416669365
2.397940008672037,2.920817016770973,
,-1.0,
0.6334684555795865,,2.372175286115064
1.4299136977637543,,2.035211535458411
1.2442771208018428,,
1.100370545117563,,1.8926510338773004
1.8293037728310249,,3.0645328611315783
0.7884865485608397,,1.9371039616236043
,1.6866362692622934,
2.0417754851734187,,3.5391840314070357
1.967079734144497,,
0.0,,2.1455071714096627
1.2631624649622166,,
2.167521139432119,,3.408973066385746
0.2787536009528289,,2.0350292822023683
1.2068258760318498,,1.9885589568786155
1.960280464436642,2.2723058444020863,
1.893484346218486,,2.1699681739968923
0.8450980400142568,,
2.45484486000851,,
1.724275869600789,,
0.8129133566428556,,2.1439511164239637
,,
1.9712758487381048,2.2095150145426308,
1.931457870689005,,
1.2041199826559248,,2.1947917577219247
2.2882939497862167,2.5957166199434245,
0.0681858617461616,1.334453751150931,1.7688230254496435
0.5910646070264992,,1.3747483460101038
0.3234583668494676,1.0034605321095065,0.3708830167776059
,1.0034605321095065,0.5927317663939622
1.919444210465237,,
1.255272505103306,,
1.3692158574101427,1.8350561017201164,2.3635837780361064
1.9209707304267096,,
0.7481880270062004,,1.7671558660821804
,2.130333768495006,
0.8316138553090989,2.1126050015345745,
2.033857832966268,,
0.5453071164658241,1.334453751150931,1.7688230254496435
,,2.123851640967086
1.7781512503836436,,
1.6866362692622934,,3.278822168352688
2.121264305229581,,
1.2442771208018428,1.4313637641589874,1.7688230254496435
4.586699801624049,,
1.7924617313469506,,
,,2.084093460228235
1.1760912590556811,1.6532125137753435,1.869231719730976
,,
1.515343893088381,,2.370883016777606
1.1181787186663044,,
,2.6532125137753435,
,,
2.1095785469043866,,3.0240955305529496
0.5453071164658241,0.255272505103306,
1.975059396468232,,
1.860577551244416,,
,3.4149733479708178,
1.3673559210260189,,2.148602654806093
2.03342375548695,,
1.6592504687726608,2.054613054556888,
1.841359470454855,,2.9413623357117613
,1.545307116465824,
0.1760912590556812,,1.271841606536499
0.8463371121298052,,
,2.6086116004146107,
2.0126685338963304,,
1.3234583668494675,,
1.5185139398778875,,
-1.3279021420642825,,
,,1.6532125137753435
0.7993405494535817,,1.7641761323903309
2.5595475555804343,,
0.9444826721501688,,
,,2.317007635994752
0.6901960800285137,,2.295127085252191
1.7116385382323491,,2.1466147930378363
1.9478550673782151,,
1.7328278373022872,,
2.383815365980431,2.9912260756924947,3.004321373782642
,1.2787536009528289,1.591064607026499
0.9493900066449128,,1.9556877503135053
4.109578546904387,,
1.7309436934277358,,
0.9712758487381052,,1.823180687772236
1.285669805960068,,
1.784189205380961,,
3.335792770068036,3.161368002234975,3.937852260287463
1.9493900066449128,2.494154594018443,
2.098178037124009,,
1.390405156480081,,
,,2.912046602271791
1.2143138974243997,,
0.3617278360175928,,1.4727564493172125
1.7402837196818792,2.597695185925512,
2.0346284566253203,,3.021478732257527
1.4661258704181992,,
,,3.203391929483842
1.6812412373755872,,
0.8260748027008264,,2.056523724079101
2.3042750504771283,,
,2.955110230970552,
0.6367886890343748,,
2.651278013998144,,
1.3692158574101427,,
2.1249278791105333,2.8750612633917,
,0.9876662649262749,
1.2325387175305988,,
0.4913616938342727,1.3222192947339193,
,,-1.6777807052660807
1.2204742061292182,,
,1.9712758487381048,2.7717087136871315
1.7701152947871015,,
1.0791812460476249,1.3979400086720375,
,,0.9149510611278816
1.7213983755215052,,
-0.1536628878701947,,0.6341244515521873
2.0126685338963304,,
,,
1.9382970171105625,,
1.645422269349092,,2.433449793761596
1.515343893088381,,
0.7708520116421442,,1.6009728956867482
,,1.3053513694466237
1.9872639541222352,,
1.0293837776852095,,2.469232742506612
2.3594560201209864,,3.356064119338595
1.9135195446545683,,3.68862454626019
1.57978359661681,,3.001127700277035
,1.4471580313422192,
2.790052821214746,3.5096500318200814,
1.6479694583629718,,
1.3186058640550555,,2.243039289525899
0.5453071164658241,,
1.8709595870381373,,
4.068185861746161,,4.768823025449644
,,1.506545618777679
0.6479694583629718,1.1583624920952498,
0.6479694583629718,0.8887409606828927,
2.405844752772304,,
,,1.505149978319906
3.91365493508662,,1.591064607026499
1.624488362513449,1.8115750058705933,
1.499549625905149,2.3416323357780544,
1.0606978403536116,,2.775173385424787
2.1290450598879582,,3.582733614406448
1.2143138974243997,1.717670503002262,
1.1821292140529984,,1.972943008105568
1.6424645202421213,,3.061452479087193
1.390935107103379,,3.236612828199769
2.15454569242091,,
0.9542425094393248,1.0791812460476249,
0.2624510897304294,0.4578818967339923,0.2787536009528289
1.6367886890343748,1.9294189257142929,
1.2041199826559248,,1.591064607026499
1.0413926851582251,,2.4800069429571505
,,1.5927317663939622
2.400624321661767,,
1.0185507161222846,,
1.0492180226701815,,2.526339277389844
2.103803720955957,,
0.2986347831244356,1.04766419460156,
,2.4871383754771865,
1.0413926851582251,1.7853298350107671,
1.7671558660821804,,
1.7116385382323491,,3.2554895980755365
0.5835388192543521,,
1.0,,
1.0026843129897294,,
1.7671558660821804,1.954242509439325,
1.2723058444020865,,
,,0.4958217533859058
1.7634279935629371,,
1.0413137153458605,,2.1099276643439366
2.05045709478573,,
-1.5086383061657274,,
2.7512328999850117,,3.785856364748424
2.093421685162235,,2.8852481077813863
1.1821292140529984,,1.4958217533859055
,,0.9729430081055682
4.147367107793786,3.9542425094393248,
,1.7867514221455612,
1.4313637641589874,1.9637878273455551,
1.7116385382323491,1.823474229170301,
,-0.0969100130080563,
,,2.23887373701787
1.8394780473741985,,3.09191304667608
0.0681858617461616,,
2.3778160291720605,,2.9474163203486907
1.130333768495006,,2.1344958558346736
1.5996647787884168,2.3416323357780544,
1.4299136977637543,,
1.1952906601109694,,
,,
1.7924617313469506,2.179551791165188,
1.17539583139403,,1.634124451552187
2.1719895827021185,2.2805783703680764,
1.5477747053878226,,3.112370365525832
0.8810992183890173,,
1.894260664446988,2.1583624920952498,3.5022877956351377
2.241663505199156,,
,,4.443990115113038
0.2442771208018428,,
,0.90655051910145,
1.765668554759014,,2.831677849191467
1.404833716619938,,2.53655844257153
,,2.7634279935629373
,,
1.499549625905149,2.100370545117563,
1.3469394626989906,,
,0.6532125137753437,
3.062299883223179,,
,,
,,2.788631418803196
1.0791812460476249,,
2.437750562820388,,
3.369215857410143,,3.893761762057943
0.8743658357300489,,2.617627726501447
1.7116385382323491,1.94546858513182,
1.2648178230095364,,2.0318122713303706
1.4591209688495408,,
1.436162647040756,,1.934498451243568
0.8450980400142568,,1.4471580313422192
1.2235218992112236,,
,,2.7326108527951987
0.8463371121298052,,
1.130333768495006,,
1.875928984922927,,2.111262513659065
1.2986347831244356,,
2.1135088405328197,,3.136799810744238
,,1.7168377232995244
1.6901960800285136,2.813580988568192,
1.4927603890268375,,2.976670880624811
1.0043213737826426,,2.3422252293607904
1.6424645202421213,,3.061452479087193
1.4591209688495408,,
,,1.1556396337597763
1.230448921378274,,1.9084850188786493
1.136720567156407,,2.689042339028172
2.8961954104542107,,3.731943146668584
1.8481891169913989,,3.077149794716969
,,2.3635837780361064
,,3.1177682949263725
,,0.8480042714972682
,,3.229219662747328
2.308735110028761,2.5563025007672877,
1.0791812460476249,0.8573324964312685,
1.624488362513449,,
2.6777802709713816,,3.7237084579995794
1.08278537031645,,1.714329759745233
2.3258644366153463,2.011147360775797,
1.331427296520743,,
1.0224283711854865,,
1.3242824552976926,,2.3163897510731952
2.232538717530599,1.4014005407815442,
1.965812953036603,2.48572142648158,
0.8061799739838872,,1.8987251815894937
,,1.5927317663939622
1.2430380486862944,,1.7075701760979365
1.8846254632562345,2.788875115775417,2.7256421555144184
,2.431363764158988,
,,
1.860577551244416,2.577491799837225,2.2361844428801496
1.2723058444020865,,
2.683083077779296,3.4261207087466152,3.4016176337537742
,3.113809702672945,
1.3010299956639813,,2.5287881917748964
0.6989700043360189,,
1.760062684305493,,
2.0810230864513337,2.3521825181113627,
2.1734776434529945,,3.465709936418241
0.9542425094393248,,
1.146128035678238,,
1.1818435879447726,,3.266960398597696
1.0791812460476249,,
1.6821450763738317,,2.781970673912552
1.0224283711854865,,
1.624488362513449,,
,1.9365137424788936,
2.433673846637061,,
0.9242792860618816,,1.6283889300503116
1.255272505103306,1.8109042806687004,
1.3559875916763875,,1.2648296243296795
0.7671558660821804,,
,,1.2554895980755365
1.9924651478080435,,
,,0.5469742758332871
,,
1.0224283711854865,,
,0.7039788250083859,
,,0.1931245983544616
2.07059193151204,3.092018470752797,3.5921767573958667
,,3.391816923613249
1.0606978403536116,,2.7370335313338776
,,-0.6090648928966209
,,2.517011052455844
,2.060697840353612,
1.934498451243568,,2.4835872969688944
0.6627578316815741,,2.8361341494653747
1.6982067128595717,,
1.9350031514536548,,2.4686426683915115
,1.0413926851582251,
2.263233538439489,,
-0.3979400086720376,,1.824125833916549
1.9867717342662448,,2.926599653907028
1.6256930636518196,,
1.545307116465824,,
1.734799829588847,,3.0687422929329817
2.0413137153458605,,
1.2143138974243997,,
1.089905111439398,,1.8959747323590648
1.2787536009528289,1.6434526764861874,
,2.204662511748219,
2.001300933020418,,2.561816664318957
1.4299136977637543,,
1.505149978319906,,
0.1760912590556812,,1.8388490907372552
,,-0.0506099933550872
1.8316138553090988,1.4593924877592308,1.706675118700799
1.9038764332385871,,2.727864417770737
0.5835388192543521,,
1.2671717284030135,,2.071513805095089
1.0459094670350093,0.255272505103306,
0.0,,1.92272545799326
1.0606978403536116,,2.7370335313338776
2.0051805125037805,,3.334011188761349
2.433673846637061,,3.4619634861249384
2.614481696867604,,
0.670245853074124,,
1.3234583668494675,,2.0551297642929183
1.7671558660821804,,
,2.315970345456918,
-0.91721462968355,-0.9625735020593764,
1.4661258704181992,,2.097881744713868
1.701654317325748,,
,,2.4990668081990526
1.9995654882259823,,2.6893976628212823
2.556736578246606,,
1.5866998016240492,,
,,
0.041392685158225,0.6720978579357175,
2.1409320744245472,,
1.894260664446988,,2.878289075401736
,,1.6532125137753435
,1.9273703630390235,
1.645422269349092,,2.433449793761596
,,1.4958217533859055
,-0.8671002300555171,
1.1985196302411678,,
1.3353575901491754,,
2.823298128141233,2.913283901760418,
,,
1.5954962218255742,,3.295171106790104
1.3904051564800808,1.5976951859255124,1.9351544472161684
,2.2764618041732443,
2.526067758480154,,2.990671775066
,2.650598898172657,
1.2787536009528289,1.662757831681574,
1.4483971034577676,,
,2.9264453478183894,
-0.0969100130080563,,2.541953474458236
2.647969458362972,,
1.2723058444020865,,3.032064460224225
2.093491727010932,,
,,2.1760912590556813
-0.5228787452803376,,2.6996643202023733
3.4303053302821365,,
1.5866998016240492,,
0.6989700043360189,0.9030899869919436,0.0
1.3679147387937527,1.8553374044695403,
,1.7323937598229686,
,,1.796851749049887
1.421603926869831,,2.6330642726914992
,,2.630158264334586
1.6127838567197357,,
,1.957703041548832,
1.636387585813157,,
,1.9365137424788936,
1.0,,2.15259407792747
0.4913616938342727,1.3222192947339193,
2.63558426631123,,3.448257884196469
0.4771212547196624,,0.4913616938342727
2.1075491297446862,,2.931610406362962
1.2143138974243997,,
3.9753858489894673,,
1.7826832703959676,,1.9447212218295944
1.8757208898150148,2.3380578754197563,2.7419508790493423
1.948999454026953,,
1.636387585813157,,
2.4814856258274136,,3.006031530475214
,,3.5672434591312907
1.697519937940786,,
2.545307116465824,,
0.9822712330395684,,
1.5733358400660675,,2.084093460228235
2.3648510520076926,2.884682104206025,
1.2253092817258628,,1.582063362911709
2.3469394626989906,2.0261245167454502,
2.864399526619643,2.773786444981193,
0.9294189257142929,,1.846337112129805
,0.3692158574101428,
2.255706582582625,,2.7802524872304253
1.808153558505671,,
,,2.0240955305529496
1.83310884639605,,
1.2325387175305988,,1.668278727786493
0.94382579875033,,1.960087687419981
1.2986347831244356,1.48572142648158,
0.9132839017604184,1.2966651902615312,
1.9924651478080435,2.500785172917456,
2.866145505483358,2.4727564493172123,
-1.164943898279884,,
,,2.6097651056927424
,1.846337112129805,
1.0224283711854865,,
0.6720978579357175,,0.8325089127062363
1.390405156480081,,
0.9912260756924948,1.5092025223311027,1.7824726241662865
1.318117618380357,,
2.411397451925909,1.250907699700856,
,,2.456054626514418
1.2041199826559248,,
0.9712758487381052,,
1.9546765869186435,,
4.839037873388306,,
0.985291718592888,,
0.7671558660821804,,
1.4299136977637543,2.369215857410143,
0.9242792860618816,,2.351216345339342
1.515343893088381,,
,,-1.6382721639824072
,1.6646419755561257,
0.9380040697254898,,
2.105169427999332,,
2.050909249414707,,
-0.3979400086720376,,2.57611089412084
1.5595475555804343,2.204662511748219,
0.505149978319906,,1.8394780473741985
1.2201080880400552,,1.8115750058705933
2.2895889525425965,,3.5091083925837547
2.0681858617461617,,
,,0.4958217533859058
2.4781189850774563,3.354262144504484,
1.816373888752362,,2.27397300376955
3.7659165457982855,3.8016321176570633,4.194976695619126
1.624488362513449,,
1.230448921378274,,
1.3423437110098415,,
-1.6382721639824072,,
0.724275869600789,,1.2787536009528289
,,2.1832698436828046
1.4885507165004443,,1.958085848521085
0.7923916894982539,,2.2860071220794747
2.472171146692363,,3.3898745583909853
,1.3010299956639813,1.6334684555795864
,2.48572142648158,
0.7558748556724915,,2.446226401778163
1.2723058444020865,1.7737864449811935,
0.505149978319906,,2.3634239329171765
0.9242792860618816,,0.146128035678238
,,1.3053513694466237
0.4771212547196624,,
,,2.0077051143647804
1.8325089127062364,,
,1.5563025007672873,
2.0126685338963304,2.5816083660320577,3.103276776600574
-0.8711162979002267,-1.1112590393171071,
,,3.0398897977361816
,,2.129290208965492
2.4410978647162684,2.9687630481972485,
,0.0334237554869497,
-1.1307682802690238,,
1.4608978427565478,2.24551266781415,
0.9082919562029194,,
1.6989700043360187,,
,,2.4500642628252307
1.1473671077937864,,2.069853021113625
,0.9542425094393248,
1.9647309210536297,,
-0.6095948435199191,1.3692158574101427,
1.4913616938342726,,2.592398846115564
1.2295538639811363,1.603577368151467,1.838244434208112
2.216957207361097,,3.158814646724226
1.7116385382323491,,
2.4831592097169795,,
1.0681858617461617,1.7737864449811935,
0.414973347970818,,1.8375884382355112
1.0718820073061257,,1.9813655090785445
2.1166077439882485,,3.393206554563365
1.1139433523068367,1.6020599913279625,1.869231719730976
1.662757831681574,,
2.105612359686785,,
1.2405492482825995,,1.9169800473203824
,,3.0882761039404105
2.123851640967086,,
1.8877297972880305,,
1.0,,
1.3234583668494675,,
0.3222192947339193,,1.252853030979893
,,0.7558748556724915
,,
1.5224442335063195,,2.7832602328729488
2.190051417759206,,4.013974177020916
1.8085485512404056,1.255272505103306,
1.545307116465824,,
,1.846337112129805,
0.8463371121298052,,
,,2.837588438235511
1.0,,2.7693773260761385
0.1095785469043867,0.3692158574101428,
1.5305838596451178,,
1.0224283711854865,1.823474229170301,
1.8877297972880305,,
,,1.962227231350085
2.330636951476591,3.101609617233111,
1.5733358400660675,,
,2.018700498666244,
1.499549625905149,,
1.3617278360175928,1.662757831681574,
,,
0.6232492903979004,,1.4668676203541096
0.2442771208018428,0.1003705451175628,
2.15454569242091,,
0.9712758487381052,,
1.545307116465824,,
,,2.1112457062718497
,,1.954459602411555
0.1821292140529984,0.9876662649262749,
,,
0.8421409975361972,,
,1.6426623314420354,
0.2787536009528289,,
1.862548769524793,,3.323340935770028
1.0791812460476249,,2.7943486038960827
,,1.972943008105568
,,
1.770616398191687,,
1.9374175814771373,,3.3401435742803853
,1.3982873053574012,
0.1139433523068367,,0.3979400086720376
1.0791812460476249,1.2787536009528289,
1.1985196302411678,,
,,
0.9712758487381052,2.6188844849954505,2.866889615657642
0.5185139398778874,,1.424881636631067
2.1787755720454105,,
,,3.011033057713708
,,2.6755171367104125
1.7402837196818792,,
2.311223910432456,,
,1.4471580313422192,
2.1095785469043866,,3.014335693263793
0.6232492903979004,,1.4668676203541096
1.173186268412274,,
3.41328299563082,,3.858555242671831
,,0.291701770729981
,,1.1947917577219247
,,2.60133193815588
,0.5105450102066121,
0.3222192947339193,,0.4913616938342727
1.4828735836087537,,1.8444771757456817
1.6955517183388942,1.8115750058705933,
1.7671558660821804,,1.5314789170422551
,1.4593924877592308,
1.8325089127062364,,2.6161603128475828
0.7781512503836436,,
2.343999069057161,,3.150234358957896
1.06707085604537,,
1.212187604403958,,2.628899564420607
,1.9712758487381048,
0.2787536009528289,,1.0086001717619175
2.220474206129218,2.589726256254237,
1.6148972160331343,,3.220395778231596
1.2143138974243997,,
1.0413137153458605,,
0.8692317197309762,,0.8388490907372553
1.3234583668494675,,2.88276637775648
3.1367205671564067,3.397940008672037,
1.3364597338485296,,2.409425868671444
1.7924617313469506,2.179551791165188,
1.2576785748691846,,2.3774883833761327
-1.6382721639824072,,
1.17539583139403,,2.3927611256380965
1.0224283711854865,,
1.436162647040756,,2.885304667588968
,0.568201724066995,
1.9084850188786493,,2.406369835469268
1.1095785469043866,,
0.3234583668494676,,
1.714329759745233,,3.6169059190133614
0.3222192947339193,,1.462397997898956
,2.385606273598312,
,2.194097885578952,
-0.3372421683184259,,
-0.8538719643217619,,
2.0004603252537123,,2.982304414584704
2.355987591676388,2.7466341989375787,
1.4913616938342726,2.0569048513364727,
1.5866998016240492,,
,2.141763230275788,
0.8316138553090989,,1.565859619993661
0.7781512503836436,0.2304489213782739,
1.7075701760979365,,2.3422252293607904
1.860577551244416,,
1.4184338800803244,,2.6241402306455863
,1.676876431973137,2.8577855548979767
0.1760912590556812,,2.021602716028242
,2.538573733806856,
0.5453071164658241,,
1.2442771208018428,,
1.9795483747040952,,
1.9395192526186185,,
2.241372130158436,2.163757523981956,2.282927846422476
2.0077051143647804,,3.4315808571312174
1.3159703454569178,,2.716420733846555
1.0413926851582251,,
-0.1079053973095195,0.146128035678238,
,,2.2459442801693057
1.8316138553090988,,
,3.052693941924968,
0.3010299956639812,,1.8247764624755456
,,2.780317312140151
0.380211241711606,,1.4199557484897578
0.4471580313422192,,1.8438554226231607
1.6122539060964374,,
1.0,1.4471580313422192,
1.7323937598229686,3.204119982655925,
1.598129263404831,,
,,0.9149510611278816
1.4831592097169797,,
2.316159128107968,,
0.3222192947339193,,2.4875625602563782
,,2.097881744713868
1.3136985295603114,,
2.3258644366153463,2.2595938788859486,
-0.3474829138863075,,
,3.4668676203541096,
0.8129133566428556,,2.772615049849171
,,2.575906838431776
,2.6086116004146107,
1.2143138974243997,,2.57045537168281
2.0346284566253203,,3.021478732257527
1.645422269349092,,3.2405991643198826
0.8512583487190752,,1.4727564493172125
1.5185139398778875,1.6334684555795864,
2.001673149594867,,
2.3985996350953527,,3.0566247553798696
1.307496037913213,,2.782902405974645
1.7213983755215052,2.529430354366986,
,1.462397997898956,
1.0969100130080565,,2.588159616383092
-0.9829666607012196,,
2.247973266361807,,
,,1.2787536009528289
,1.189770956346874,
-0.0341870469633968,0.2095150145426309,
1.1139433523068367,,1.6901960800285136
0.4771212547196624,,
1.021189299069938,,
0.6122539060964373,1.3590762260592628,
1.0863598306747482,,1.8228216453031043
0.1760912590556812,,1.130333768495006
1.6479694583629718,,
,1.0546130545568877,
1.410608542568368,,
2.834630487821257,3.1856356328424464,2.912046602271791
1.9294189257142929,,
1.3031960574204888,,1.7505083948513462
1.1760912590556811,,
2.0413137153458605,,
2.0810230864513337,2.3521825181113627,
,,2.392072315847544
,,1.923145539743153
1.4831592097169797,,
1.8238653093245112,,
,1.3692158574101427,
2.831613855309099,,3.3003019424918985
,1.3820170425748683,
,2.03342375548695,
,,1.1609334904609572
0.8692317197309762,0.9242792860618816,
0.9712758487381052,,1.1947917577219247
1.8920946026904804,,
2.1363717234923234,,
,,2.1725153630107723
1.021189299069938,,2.313234291694724
,1.5314789170422551,
,,2.0398897977361816
0.3617278360175928,,2.6587743208443566
1.3692158574101427,,
1.2253092817258628,,2.318689269947746
0.4623979978989561,,2.953711380427555
,,1.6180376316587324
1.1685564068637246,,
0.670245853074124,0.255272505103306,
,,1.7388598020722
,1.061452479087193,
1.5733358400660675,0.534026106056135,1.3635837780361064
1.173186268412274,,3.1536929400085505
1.6479694583629718,,
1.730782275666389,,3.101368963249252
1.577491799837225,,1.4800069429571503
0.5910646070264992,,1.7084209001347128
1.691435152144062,2.385606273598312,
0.8085485512404055,,
1.1522883443830565,,0.041392685158225
2.165095874754218,,
,,1.972943008105568
2.2613104601006238,,
1.824060717418653,2.6549462265843444,
,,1.413299764081252
1.0224283711854865,,3.1355571933531423
1.3692158574101427,1.99563519459755,
1.7081701097877502,,
1.6730209071288962,,2.6348801407665263
1.670245853074124,,
,,
1.436162647040756,,1.6464037262230695
2.4871383754771865,,
2.583572809143774,2.834630487821257,
,,0.6341244515521873
0.9132839017604184,,
0.5563025007672873,,2.133858125203335
,1.2695129442179165,
2.2093219518669005,,
1.1760912590556811,,2.201123897207379
,1.7993405494535817,
1.6304278750250238,,2.208710019906401
,,
,,2.394976719554564
,,1.0
1.2143138974243997,,
,,2.754099768628937
1.8920946026904804,,2.294466226161593
1.9924651478080435,2.3308194664958366,
2.976670880624811,,3.8991567939446496
1.4983105537896004,,2.5650209283452936
3.3337347608664865,,
1.0791812460476249,,
1.499549625905149,,
1.2671717284030135,1.5440680443502757,1.7558748556724917
,,1.923145539743153
1.3463529744506386,,2.7018269303971394
2.553907288227742,,
,,2.374487141046431
,,3.3409197934001624
1.2741578492636798,,2.230959555748569
1.1095785469043866,,
1.3010299956639813,,2.2624510897304293
1.9057958803678683,,2.1427022457376155
1.2080649481473982,,
,,
1.7309436934277358,1.577491799837225,2.2459442801693057
-1.2786016244784948,-1.0287241512618948,-0.2370065182110804
1.0413137153458605,,
1.3138672203691537,,2.244277120801843
0.0681858617461616,,
2.452001227726593,,
2.1095785469043866,,
1.691435152144062,2.577491799837225,
,,2.639486489268586
1.8976270912904416,2.037426497940624,
1.9795483747040952,,2.482730700079943
,,2.583572809143774
1.9432471251378616,,
1.230448921378274,,
1.5185139398778875,,
1.8743658357300488,,
1.0791812460476249,,
1.1473671077937864,,
,1.7795964912578246,
1.7626785637274365,,2.631443769013172
1.792391689498254,2.123851640967086,
1.9374175814771373,,
0.9684829485539352,,
,2.2143138974244,
,,
1.1139433523068367,1.3424226808222062,1.57978359661681
1.7636675382363591,,
1.7116385382323491,1.7737864449811935,1.5469742758332872
1.3469394626989906,,
1.8743658357300488,,
,0.2966651902615311,
2.4465837626942992,,2.866889615657642
,,2.9812059740249115
2.545307116465824,,
0.6232492903979004,,1.4668676203541096
,2.48572142648158,
0.7708520116421442,1.3424226808222062,
-0.1122702027119696,0.6151079874431941,
0.8535156967569286,0.3344537511509309,
2.635212227905222,,3.074174394896267
,,2.2361844428801496
1.624488362513449,,
0.8450980400142568,,
1.792391689498254,2.7234556720351857,
1.385606273598312,,2.591287265058499
2.795727118774718,,4.136427398703207
,,1.0240955305529496
0.5622928644564748,1.2201080880400552,1.380211241711606
,1.845098040014257,
2.6003029779949656,,
0.9883091880368856,,
,1.8115750058705933,
0.6901960800285137,1.380211241711606,
2.9839869219651898,,
1.2174049744015416,,
-0.2075382686530493,0.1360860973840974,
2.0324454919430104,,2.5038893751339386
4.8492228003672935,,
1.6060049568194357,,
1.0128372247051722,,3.043833654133147
1.3222192947339193,1.568201724066995,
,,2.069853021113625
1.100370545117563,,2.35237549500052
1.3186058640550555,,2.243039289525899
0.7671558660821804,2.470116353151004,
1.2810333672477277,,2.521007252408604
,1.8496650554787328,
0.9242792860618816,,1.3729120029701063
0.8450980400142568,,
1.9758911364017928,,3.320935195468595
2.05045709478573,,
,1.3617278360175928,1.6720978579357175
0.380211241711606,,1.7881683711411678
1.3692158574101427,,
1.624488362513449,1.5976951859255124,
1.846337112129805,,
,,1.4188065690947886
,1.48572142648158,
2.276231957921833,,1.9122220565324155
1.1335389083702174,,1.994756944587628
2.4505631652142754,2.6879211651164128,3.1810034732362915
,,1.8388490907372552
2.182129214052998,,
,2.3961993470957363,
0.3258644366153462,,
1.2253092817258628,,1.582063362911709
1.7671558660821804,,
1.2988530764097066,,2.0633333589517497
,4.780557080207753,
2.17539583139403,,
-0.3297541469258759,,
,2.04766419460156,
1.0681858617461617,,
1.8959747323590648,,2.770852011642144
1.0644579892269184,,1.1958996524092338
0.6122539060964373,,
1.0224283711854865,,2.4500642628252307
1.824060717418653,,
2.3125845810914307,,3.301170847093442
1.0,,2.659345635746177
1.711807229041191,,2.0354297381845483
0.7213983755215053,1.8680563618230417,
,,2.0077051143647804
,2.673076227743187,
,,1.9149510611278813
1.6857417386022635,,2.496376054012401
,,2.0791812460476247
,1.2464985807958011,
1.2695129442179165,,2.907733736997656
,1.6354837468149122,
,,
1.1357685145678222,,
1.1760912590556811,,
1.6809697184658972,,
2.0382071275745277,,
1.545307116465824,,
,2.419625360887743,
1.3463529744506386,,
1.2671717284030135,,2.071513805095089
1.285669805960068,,1.7802524872304253
2.019531684531255,,2.144262773761991
,2.597695185925512,
2.0644579892269186,,
,2.03342375548695,
1.5305838596451178,,
1.8910075070492665,,2.47639320154758
1.4927603890268375,,2.976670880624811
0.9822712330395684,,3.1049307390777403
1.167317334748176,,1.6618126855372612
1.795184589682424,,2.874771637184298
1.1095785469043866,,
1.271841606536499,,2.6403820447095683
0.9712758487381052,,
,,2.3409197934001624
,1.4522465745204372,
3.335792770068036,3.161368002234975,3.937852260287463
2.5438570500705917,,
1.439253724017898,,
0.7634279935629372,,1.9503648543761232
,,
1.1613680022349748,,0.8061799739838872
-0.1549019599857432,,1.2988530764097066
1.1248301494138593,,
0.5153438930883808,,
1.230448921378274,,
,,1.706675118700799
1.4164907247943224,,
2.2112006620002567,2.65667304588485,
1.6975954608488806,,
1.3424226808222062,,
1.1821292140529984,,
-0.2416180582253246,,1.1392744298720932
0.8316138553090989,,1.565859619993661
,1.100370545117563,
1.0863598306747482,,1.9604707775342989
0.1473671077937864,,1.0240955305529496
2.330413773349191,,
,1.0413926851582251,
1.2695129442179165,,1.7084209001347128
0.9306943876645352,1.5932860670204574,2.180412632838324
1.7867514221455612,,1.8864907251724816
,1.0170333392987805,
,2.03342375548695,
1.0638210563437116,,1.6301582643345858
1.8864907251724816,,
,2.0293837776852097,
1.839037873388306,,
2.086886360412405,,
0.5910646070264992,,2.240798771117331
,2.035589817243457,
0.8750612633917001,,1.929929560084588
1.1095785469043866,,
,,1.7294523335503689
1.13264385097308,,1.8937617620579432
,,2.2055156231136976
0.919078092376074,,
2.188200113824229,2.5126710577297198,
2.2888168811942537,2.6252301124493598,2.532251019012581
,,2.788631418803196
1.9698816437465,,
1.168211591854024,,
1.8048206787211625,,
1.2723058444020865,,
1.7781512503836436,1.505149978319906,
,,
1.5595475555804343,1.7466341989375789,
1.2986347831244356,,1.876032995097512
1.3559875916763875,,
1.1821292140529984,,
2.2295538639811365,,
2.6003029779949656,,
0.5314789170422551,,1.8926510338773004
2.0175758683910745,1.9715170564543325,2.308819366674897
2.2121876044039577,,
,1.4593924877592308,
1.4661258704181992,,
,1.2041199826559248,
,,2.1991131315045678
2.0572795543564872,,2.864294591826268
1.7671558660821804,2.255272505103306,
1.2174049744015416,1.529430354366986,
2.710650381988283,2.7993405494535817,
1.1174038844163432,,
0.5910646070264992,,1.437750562820388
1.0334237554869496,,2.082426300860772
1.146128035678238,,1.5314789170422551
1.9395192526186185,,
2.343497216287973,,
1.3692158574101427,,
0.8692317197309762,,2.5491259267581112
,,2.1398790864012365
1.2442771208018428,,
1.155336037465062,,2.4720246977002813
1.7671558660821804,,2.823148059810694
,2.008600171761917,
,1.3159703454569178,
1.4265112613645752,,3.519486722064457
1.1335389083702174,,2.069668096911596
,0.7867514221455612,
0.2304489213782739,,1.6384892569546374
-0.2328441339178195,0.6532125137753437,
1.4299136977637543,,
0.5453071164658241,,
2.453792135344474,,
,,2.506545618777679
,,1.634124451552187
,1.3434085938038574,1.1947917577219247
1.1760912590556811,1.3617278360175928,
0.9242792860618816,,2.846708145456007
1.488973524726508,1.7805333253164044,
1.1095785469043866,,2.4500642628252307
1.4299136977637543,,
0.5440680443502757,,2.0895518828864543
1.806179973983887,,
1.1473671077937864,,
1.1473671077937864,,
,1.934498451243568,
2.635212227905222,,3.074174394896267
0.8743658357300489,,
,,1.4958217533859055
0.9380040697254898,,
0.8692317197309762,,1.944975908412048
,,1.5927317663939622
,,2.521138083704036
1.0,,
,,
2.376065721586172,2.4291060083326967,
2.2091493294396183,,
1.920123326290724,3.0860037056183818,
0.3904051564800809,0.401400540781544,
,1.705007959333336,1.8819549713396004
2.0026843129897296,,
1.2787536009528289,,2.4423229557455746
1.1095785469043866,,2.9783380399922743
2.027227254067255,,
2.239049093140192,,1.9854264740830017
1.0413926851582251,,1.4471580313422192
2.2208922492195198,,2.740678425227455
1.499549625905149,,2.7388598020722004
1.7126497016272113,,2.7905666251460763
1.4899584794248346,,
1.5595475555804343,1.3692158574101427,
0.8463371121298052,,
1.146128035678238,,1.812913356642856
1.146128035678238,1.4913616938342726,
0.414973347970818,1.7323937598229686,
1.255272505103306,,
2.1749315935284423,,3.2785935682411336
2.185457157401926,,
1.0086001717619175,,1.6857417386022635
1.3463529744506386,,
1.9546765869186435,,
,1.9365137424788936,
1.2041199826559248,1.968482948553935,
0.8808135922807914,,1.6830470382388496
,,
2.036668810300097,,
,,2.099236798798834
0.1139433523068367,,
2.335357590149175,,
0.9208013818256542,,
2.247973266361807,,
,,1.8714853673467915
1.7269715836828767,,
1.60959440922522,,2.9133899436317554
1.5595475555804343,,
1.7323937598229686,,
0.4913616938342727,,1.0681858617461617
1.5866998016240492,,
1.3186058640550555,,
1.3996737214810382,,2.462397997898956
2.57611089412084,,3.2797353674105016
0.9084850188786496,,1.2174839442139065
1.422294300893563,,
2.907948521612272,3.5658478186735176,
,0.3692158574101428,
0.7671558660821803,1.3692158574101427,
1.3234583668494675,1.534026106056135,
1.6681780393302597,,
1.900694774452398,,
,1.812913356642856,
2.336061281065059,,
2.0253058652647704,2.250420002308894,
1.6592504687726608,1.91803033678488,
0.5797835966168101,,1.8744818176994664
1.0681858617461617,1.1126050015345743,1.6301582643345858
2.108194497759704,,
,,2.1086056101056414
0.8129133566428556,,2.0170333392987803
1.021189299069938,,2.355834495884936
0.8388490907372553,,1.167317334748176
2.118178718666304,,
1.5622928644564746,,
,1.7737864449811935,
2.2329961103921536,,
2.308735110028761,,
1.4771212547196624,,
1.0,1.0,
1.24551266781415,,2.587935348636356
0.0,,2.248463717551032
,,2.394976719554564
0.7634279935629372,,3.105271683106794
2.263233538439489,,2.4771212547196626
2.230448921378274,,1.846955325019824
2.151676230847048,,3.357534654597579
,,2.866889615657642
1.390405156480081,,
,2.9542425094393248,
0.255272505103306,,1.5705429398818975
1.987219229908005,,2.0
,,-1.6382721639824072
1.1903316981702914,,
1.0863598306747482,,
1.3010299956639813,1.6720978579357175,
,1.7201593034059568,
1.0,,1.7708520116421442
0.9822712330395684,,2.813981075636472
2.500606922065987,2.6989700043360187,
0.2442771208018428,0.5976951859255123,
2.333003684755698,,
1.4661258704181992,,
1.7323937598229686,1.7323937598229686,2.478566495593844
2.8154655743005708,,
1.7213983755215052,2.529430354366986,
0.255272505103306,,
-0.2328441339178195,-0.0457574905606751,
1.1398790864012365,,2.303412070596742
,,2.5460081030612667
,,2.317007635994752
,,0.7688230254496434
1.2143138974243997,,
1.3424226808222062,,
,,1.14173502841975
1.2325387175305988,,
2.9022749204745018,,2.869818207979328
0.3010299956639812,,2.018284308426531
1.1649473726218416,1.667359546183087,1.9132308711135608
0.499549625905149,,
-0.5985994592184559,-0.2380721615794709,
,-0.8671002300555171,
1.410608542568368,,
,2.3025978605238357,
2.545307116465824,,2.848004271497268
,,2.479222491566444
1.545307116465824,1.954242509439325,2.2159810567918625
2.46525641170557,2.829303772831025,
2.1250907130826344,,
,,2.204119982655925
2.0077051143647804,,
1.1473671077937864,,
1.7481880270062005,2.14921911265538,
1.3961993470957363,,2.4951278812429334
1.6809697184658972,2.094121595840561,
1.9003671286564705,,2.9207492612757084
-0.1994203784308698,-0.3829996588791011,
,,2.561214714947897
0.6232492903979004,,
1.577491799837225,,
0.9976047874604544,,
,1.5705429398818975,2.3201462861110542
1.4483971034577676,,
1.6989700043360187,2.3010299956639813,
1.0681858617461617,,
1.9712758487381048,,
1.7309436934277358,,
1.5314789170422551,,
1.1931245983544616,,0.8864907251724818
,1.100370545117563,
0.4771212547196624,1.7781512503836436,1.380211241711606
0.9294189257142929,,1.846337112129805
1.948412965778601,,3.3562171342197358
2.717325925890381,,
1.515343893088381,,
,1.462397997898956,
1.691435152144062,,
1.0681858617461617,,2.577259079737755
,2.593728998707911,
,2.6086116004146107,
,,2.7802524872304253
1.5305838596451178,,
1.5996647787884168,,
1.3692158574101427,,
1.7213983755215052,,
,,2.2624510897304293
2.452001227726593,,3.706675118700799
-0.1191864077192086,,
1.230448921378274,1.568201724066995,
1.6809697184658972,,
0.8260748027008264,,1.8356905714924256
1.3031960574204888,,2.688330818112266
2.2882939497862167,,
,,-1.337242168318426
1.3692158574101427,,2.815448237541545
1.3692158574101427,,
0.9637878273455552,,1.3944516808262162
1.824060717418653,,2.664613773700088
-0.5228787452803376,,0.5185139398778874
1.3451069938119355,2.7764105888073423,1.7026476294177555
1.3443922736851108,,3.013174409878867
-0.2075382686530493,0.1360860973840974,
1.0681858617461617,1.8441042306975133,
1.9208013818256544,2.263233538439489,
,0.5105450102066121,
1.021189299069938,,2.805568817548556
0.5835388192543521,,
1.4099331233312946,,3.3618033589256875
0.9731278535996988,,1.307496037913213
4.022428371185487,,
2.298634783124436,,
1.3186058640550555,,2.243039289525899
2.0549575960124065,,
2.04688519083771,,2.86123561863404
1.4661258704181992,,
,2.475380593143361,
,,2.506545618777679
1.9924651478080435,,
-0.4771646863394699,1.171141151028382,1.2631624649622166
2.3096301674258988,,
,1.100370545117563,1.634124451552187
1.7671558660821804,,
0.785329835010767,,2.683407299132095
1.255272505103306,,
2.790052821214746,3.5096500318200814,
0.3979400086720376,,1.9849771264154936
1.0,,
2.15454569242091,,2.9889311134896985
1.390405156480081,,
2.3939260065858368,,3.184719815150272
,0.8061799739838872,
0.8535156967569286,0.3344537511509309,
1.694526229121204,,
1.755493728415119,,2.361255520058149
1.2041199826559248,2.3404441148401185,
0.9380190974762104,0.7634279935629372,1.6967057809339172
1.824060717418653,,
,,2.4771212547196626
2.721398375521505,,2.2469083082719226
,,2.579503500660207
0.7403626894942439,,1.9561684304753637
2.059184617631371,,3.442746221828905
,,2.4083095147182294
,,1.383815365980431
1.5595475555804343,,
2.069668096911596,,3.366161367804191
2.164352855784437,,
0.7634279935629372,,
0.0681858617461616,,1.823180687772236
0.8808135922807914,,2.1354506993455136
2.63286204010023,,3.201069231151306
1.1613680022349748,,2.243781916093795
,1.6226284261293251,
1.3424226808222062,,
2.128203404277762,,
0.7781512503836436,,
1.5024271199844328,,2.6996643202023733
1.3692158574101427,,
,2.6086116004146107,
-0.0287241512618947,0.1003705451175628,
0.9294189257142929,,1.9595183769729985
1.3692158574101427,,
1.464385208841898,,
0.9924651478080432,,
0.3161591281079682,,
1.230448921378274,,2.6061663146076204
0.9590413923210936,,
1.7924617313469506,,
2.109240968588203,,2.7844746437625165
1.5305838596451178,,
0.9712758487381052,1.255272505103306,
1.5440680443502757,,1.9030899869919435
0.8965262174895554,1.863322860120456,1.655618583541222
1.606004956819436,1.7764105888073425,
0.2265483538414112,,
4.624488362513449,4.99563519459755,
0.9684829485539352,,0.380211241711606
1.758381941774675,,3.7643119683260258
2.15809097318556,,
,,2.041392685158225
2.0681858617461617,,
0.3904051564800809,,
1.2227164711475833,,2.3727279408855955
2.894260664446988,,
,2.3308194664958366,
1.3537431707539354,,
2.15454569242091,,1.52723021763753
2.2723058444020863,,
,,
0.9712758487381052,2.6188844849954505,2.866889615657642
2.420368379857524,,2.9149510611278813
0.8061799739838872,,1.8987251815894937
-0.2416180582253246,1.0490628897941248,0.7133056975998121
,,
2.3068537486930087,,3.378652224908501
1.9395192526186185,,
1.907034952483417,,
1.410608542568368,,
,2.300595483889964,
0.9132839017604184,,
1.7402837196818792,1.5976951859255124,
1.7494270991217489,,
1.0681858617461617,,
,,
,,3.7023443583557687
1.1821292140529984,,
1.2442771208018428,1.8887409606828929,
0.6244883625134489,,
2.436480695009495,,3.896024394707995
1.3222192947339193,,
2.3070679506612985,1.6354837468149122,
1.1473671077937864,,
,2.110185527411162,
0.3424226808222063,,1.0128372247051722
0.6020599913279624,,
1.816373888752362,,
1.593230668783007,,
1.4771212547196624,,
1.6848453616444126,,2.5996647787884166
1.5733358400660675,,
,,3.830120122123792
0.8463371121298052,,
0.4831592097169795,0.9876662649262749,
,,1.7226339225338123
1.636387585813157,,
1.816373888752362,1.9084850188786493,2.3780616014047293
2.335798783325365,,2.500606922065987
1.670245853074124,,
1.2988530764097066,,
1.7634279935629371,,
,3.094121595840561,
2.208064948147398,,2.843151768702856
1.1139433523068367,1.505149978319906,
2.8370831508231857,,3.4591058794872094
,,1.671913012441587
1.0106899679142425,,
1.6354837468149122,,3.2595699896435595
1.2986347831244356,,
,,3.390640181056265
1.8810992183890167,,
1.6479694583629718,,
1.3304137733491908,,
1.0334237554869496,,1.3747483460101038
1.390405156480081,,
,,2.012837224705172
0.0681858617461616,2.100370545117563,
,,2.437829806408219
1.5906300952524814,,
1.0893751608160998,,
-0.0942041196321315,,1.9647309210536297
1.92551835817743,,
,1.100370545117563,1.0698530211136246
1.146128035678238,,1.5314789170422551
3.026749744968129,,
1.499549625905149,,
,4.835056101720117,
,,2.1837963734204613
0.8463371121298052,,
,0.4593924877592308,
1.8260748027008264,1.8750612633917,
,,2.561214714947897
1.0128372247051722,,2.4537768596904423
0.0504570947857299,0.1947917577219246,0.8022467809365932
2.531478917042255,,
1.9185545305502736,,2.239799818447098
2.0026843129897296,,
,,2.4188065690947886
2.1550322287909704,,2.5620548296563785
1.775756037844098,,
1.130333768495006,,3.09321149181366
1.6592504687726608,,
3.4831592097169795,,
1.0602973495331114,,
1.3469394626989906,,
1.2986347831244356,,2.1242106834362176
1.651762447380111,,
1.1212643052295814,,
1.4653828514484182,,3.1286254048759505
2.258517559916453,,
2.255706582582625,,
,4.48572142648158,
,,
1.4183012913197457,,
1.3234583668494675,,
0.7993405494535817,,1.8407332346118068
1.4471580313422192,,
,2.167317334748176,
2.330636951476591,,
,,
1.9981664522616764,,
1.404833716619938,,2.530583859645118
1.2723058444020865,,
0.9084850188786496,,2.4763968267253302
1.7930916001765802,,3.45178643552429
2.369215857410143,,
0.785329835010767,,2.186956335465412
1.3234583668494675,,
1.907034952483417,2.54082981411108,
2.290902332893745,,
0.5835388192543521,,
0.7671558660821804,,
0.9542425094393248,1.8573324964312683,
0.436162647040756,0.4913616938342727,1.011993114659257
0.5910646070264992,,1.3747483460101038
,0.8234742291703011,
,1.846337112129805,
1.1643528557844371,,
,,
3.2064210652379885,,
0.404645595594691,,
2.251881454552528,,2.1970047280230456
1.1986570869544226,1.3222192947339193,
2.220474206129218,,
0.6334684555795865,,
,,2.146128035678238
1.1787755720454105,,
4.740283719681879,4.857332496431268,
1.3483048630481609,,3.043087072166329
1.7489628612561614,1.4742162640762553,2.739414102698696
,,
2.211120541258049,,2.3281756614383227
,4.209515014542631,
1.5181268505194991,,
1.1437328231386923,,
1.0934216851622351,,2.238297067875394
,-0.8671002300555171,
1.8680563618230417,,3.3972793788535927
1.9546765869186435,2.1528995963937474,
4.346939462698991,,
1.3234583668494675,,
1.6292872453952176,,
1.2723058444020865,,
1.9432471251378616,1.255272505103306,2.4252406791001984
1.1473671077937864,,
0.7481880270062004,,1.0755469613925308
3.767155866082181,,4.796851749049887
1.2183280235947205,,
1.1205739312058498,,2.2511513431753545
0.9912260756924948,,2.2915908256580013
4.022428371185487,,
0.9132839017604184,,
1.758381941774675,,
1.860577551244416,2.3121773564397787,3.1882279882195363
1.24551266781415,,2.426185825244511
2.037824750588342,,2.1550322287909704
,3.166430113843283,
,,
-0.1536628878701947,-0.00436480540245,
1.515343893088381,1.717670503002262,
1.1473671077937864,,1.634124451552187
1.0224283711854865,,1.7688230254496435
1.390405156480081,,
1.0606978403536116,,2.731427587050948
,,2.1242106834362176
,,1.725094521081469
2.2086624785762954,,2.6122634509252176
2.17539583139403,,
1.1903316981702914,,3.320540919924581
1.6479694583629718,,
0.9684829485539352,2.041392685158225,
1.2253092817258628,,2.5179872030250783
,,0.291701770729981
2.8448870457345725,,
1.024485667699167,1.711807229041191,2.0170333392987803
2.0026843129897296,,
,4.7737864449811935,
0.4313637641589873,,-1.0
1.1931245983544616,,0.8864907251724818
1.3234583668494675,2.359076226059263,
,1.9132839017604184,
2.499687082618404,3.0453229787866576,
1.2723058444020865,,
1.6256930636518196,,
0.9132839017604184,,
,,2.383720241482778
,,2.612889769287485
1.1473671077937864,,
,,1.706675118700799
1.410608542568368,,
2.1931245983544616,,
1.3010299956639813,,3.0764583877121514
1.260071387985075,,1.7442929831226763
1.0043213737826426,,1.823474229170301
0.670245853074124,,
1.6479694583629718,1.760422483423212,
1.0681858617461617,,2.626155521880912
1.4483971034577676,1.6532125137753435,2.634124451552187
1.9924651478080435,,
1.8481891169913989,,3.077149794716969
3.545307116465824,4.459392487759231,
1.2471628090393312,1.1947917577219245,
4.680969718465897,,
1.499549625905149,,
2.0082040167538247,,
1.1174038844163432,1.1637575239819558,
1.662757831681574,,
1.4913616938342726,2.0569048513364727,
,,2.6982419511639364
0.6127838567197355,,2.167317334748176
1.9938769149412112,,3.453180689702094
,,1.8887409606828929
,,2.130333768495006
,0.0791812460476248,
2.204119982655925,,
,,3.160933490460957
-0.3372421683184259,,
,1.5976951859255124,
1.7116385382323491,,
4.147367107793786,3.9542425094393248,
1.545307116465824,,
,1.0334237554869496,
2.0175758683910745,2.369215857410143,
0.4299136977637544,0.7323937598229685,
1.6180480967120927,,
,,2.160933490460957
2.014940349792937,,0.9242792860618816
2.355987591676388,,2.99585228756978
1.691435152144062,,
2.121264305229581,,
1.436162647040756,,1.934498451243568
0.2041199826559248,,1.739572344450092
0.9030899869919436,,1.6812412373755872
0.670245853074124,,
1.3283796034387378,,2.7518177877368792
,,2.3975524451151244
1.4927603890268375,,2.7841892053809607
2.5728716022004803,,
1.2143138974243997,1.823474229170301,
2.17539583139403,,
,,2.725471604654847
1.662757831681574,,
0.0,,2.1455071714096627
0.7781512503836436,1.3617278360175928,
1.1095785469043866,,
4.214313897424399,,
1.5305838596451178,2.2375437381428744,
,,
2.2814878879400813,,3.384675923359566
1.9729014070248423,,
1.8721562727482928,,3.1948472196314444
2.1415375641330625,,
1.8316138553090988,,
1.7024305364455252,,2.778585327862962
1.0606978403536116,,
,,3.6097651056927424
,2.6263403673750423,
1.2986347831244356,,
1.5595475555804343,,
1.3469394626989906,2.040602340114073,
1.7881796881137657,,
0.4913616938342727,,1.7774268223893113
1.846955325019824,,2.8512583487190755
2.510276844417355,,2.746400644491561
2.561935763313781,,3.547971508147236
1.8846254632562345,,
1.410608542568368,,
,,2.385123455892216
1.437750562820388,,1.8639173769578603
1.0492180226701815,,2.6513749439130434
0.785329835010767,,1.8668778143374989
1.499549625905149,,
,1.6532125137753435,
1.2143138974243997,,
1.7781512503836436,,
1.6424645202421213,,
2.0569048513364727,,
,,3.412275701935831
0.8260748027008264,,1.582063362911709
,,1.671913012441587
2.1095785469043866,,
0.8692317197309762,,0.5563025007672873
1.636387585813157,,
-0.3010299956639812,,3.3696239766406326
1.0767860335080792,0.7466341989375788,1.80757561444166
2.1352805726546795,,3.966768542273922
,0.9030899869919436,
1.3087351100287612,,1.2055156231136976
,,2.826489129359473
2.7126497016272118,2.170261715394957,2.7902851640332416
1.0681858617461617,,2.1837963734204613
0.3010299956639812,,
1.1139433523068367,1.8920946026904804,
2.295567099962479,,1.944975908412048
,1.4593924877592308,2.134311010340543
2.0681858617461617,,
0.380211241711606,,2.173186268412274
-0.8538719643217619,1.740362689494244,
1.499549625905149,,
1.1335389083702174,,1.8790958795000727
0.380211241711606,,1.1271047983648077
4.624488362513449,4.99563519459755,
,2.130333768495006,
2.6456187382426952,2.712481337801919,2.639087871083737
,,1.6232492903979006
0.0,,0.8864907251724818
,1.118595365223762,
2.4125781354312723,,
0.9344984512435676,,1.975431808509263
1.8388490907372552,,
1.0459094670350093,0.9628426812012424,
1.5524857010929476,,
2.1250907130826344,,
,,2.82020145948564
1.899273187317604,,2.672836454171397
,1.7781512503836436,
1.4608978427565478,,2.808481056565951
4.323458366849468,,
0.6690378008851559,,
,1.2966651902615312,
0.7671558660821804,,
2.3068537486930087,,3.378652224908501
,,2.136799810744238
2.0175758683910745,,
1.931457870689005,,2.8151126581898125
0.7781512503836436,,2.757168192214273
1.9924651478080435,,
0.7781512503836436,,1.848804701051804
1.7213983755215052,1.5976951859255124,2.291701770729981
0.9867717342662448,,
1.7402837196818792,,
,1.9731278535996983,
1.3981935626189208,,
1.839037873388306,,
,,2.57045537168281
2.544068044350276,2.425974160919376,2.726996013587268
0.9819997141298782,1.3624824747511743,
,0.401400540781544,
0.3010299956639812,,2.447468130949756
1.8316138553090988,,
1.0644579892269184,,3.316620251635936
2.2329961103921536,,
,4.459392487759231,
1.1473671077937864,,
2.553761698390004,,3.451510117934316
1.806179973983887,,
-0.0287241512618947,0.1003705451175628,
1.863322860120456,,
,4.881510190250206,
1.0530784434834195,,
,,1.962227231350085
0.9030899869919436,,1.91803033678488
2.0770043267933502,,3.334815512506212
0.95804758300435,,
,,1.1609334904609572
0.7783032268579779,,
0.9132839017604184,1.5976951859255124,
1.1931245983544616,,2.575534218319864
2.290034611362518,,
1.462397997898956,,
-1.0087739243075051,,
2.673297439759636,,3.3664229572259727
,,3.144574207609616
,,2.317007635994752
2.394521722674913,,2.967480112404066
2.1250907130826344,1.8785217955012063,2.506545618777679
1.3424226808222062,,2.534787358629492
1.4831592097169797,1.7737864449811935,
1.9566485792052035,,3.36087729710204
-0.6307841425898572,,0.852803154379037
1.6680689338198496,,
,,2.531478917042255
1.100370545117563,,2.115277591395901
0.52283531366053,0.52283531366053,
,,3.5672434591312907
,,2.68263687783336
1.5563025007672873,,
,,1.2055156231136976
2.3024499861249508,,
0.7671558660821804,,
,-0.0604807473813814,
1.5733358400660675,,2.818041048119825
1.0681858617461617,,
,,2.1112457062718497
0.4623979978989561,0.8573324964312685,
,4.888983289982533,
2.5275783495053923,,3.439934130374886
0.505149978319906,1.1139433523068367,
1.5733358400660675,2.184691430817599,
,-1.645891560852599,-1.5559552040819238
1.0358298252528282,,2.179925032074337
3.5778742241710004,3.7377228581416633,
1.792391689498254,,1.787460474518415
2.486304777400361,,3.0654297209327304
,1.7024305364455252,
2.333003684755698,,3.2361844428801496
1.758381941774675,2.355643050220869,
1.546542663478131,,2.329804522164069
1.410608542568368,,1.990671775066
,2.0161136663589083,
1.5996647787884168,,
1.545307116465824,,
,1.9712758487381048,
1.94546858513182,,2.759592308645975
0.5390760987927766,,
,,4.871485367346791
,,1.641949789064144
,,3.392072315847544
,,3.423245873936808
1.2143138974243997,,1.8714853673467915
,,2.3409197934001624
,0.4933186082321014,
1.7381532316546655,,
2.2049064289025684,,
,4.635483746814912,
1.2442771208018428,,
,,1.456054626514418
1.9558800862253751,,
1.3234583668494675,1.8785217955012063,
1.9315087218666176,,
0.6989700043360189,,
1.2986347831244356,,1.245944280169306
1.5595475555804343,,
1.7481880270062005,,2.2933625547114453
-0.4771646863394699,1.171141151028382,1.2631624649622166
1.4299136977637543,,
0.2787536009528289,,1.5899496013257075
,1.7708520116421442,
1.4207806195485653,2.271841606536499,
2.31260043926126,,3.847085037995664
1.2671717284030135,,2.140193678578631
1.9731278535996983,,
1.0681858617461617,,1.4378298064082191
1.3692158574101427,,
0.5453071164658241,2.1360860973840974,2.149034267161249
,-1.1237821594083577,
,,0.5469742758332871
,,0.8431517687028562
1.3469394626989906,1.3579348470004535,
1.7116385382323491,1.94546858513182,
2.310727290044546,2.807940721215499,
2.552485701092948,1.7867514221455612,
1.2219355998280053,1.6989700043360187,
1.810232517995084,,
1.6122539060964374,2.017200343523835,2.377349059026838
1.907034952483417,,
0.8463371121298052,,
0.9862161985310416,,
1.2631624649622166,,
1.66915875743291,,2.1980368125350718
-1.6777807052660807,,
1.503790683057181,,2.14674801363064
1.948999454026953,,
1.846955325019824,,2.8512583487190755
1.5733358400660675,0.534026106056135,1.3635837780361064
,1.9712758487381048,
1.2219355998280053,,2.9700352255680658
2.064083435963596,,2.714329759745233
,1.7993405494535817,
0.0681858617461616,,
1.8316138553090988,,
1.6334684555795864,1.462397997898956,2.534026106056135
1.4946971231107369,,
1.8312296938670631,,2.759969857554307
1.9315087218666176,,
,,3.0812824828944065
1.0681858617461617,,
1.2787536009528289,,
1.724275869600789,,
,,1.4756711883244296
0.7213983755215053,,
1.0128372247051722,,1.6972293427597176
1.8825245379548805,,1.8825245379548805
2.0,,
0.4831592097169795,,
1.993436230497612,,
,1.2570062179123065,
1.4661258704181992,,
1.2405492482825995,,2.545801757159276
0.5453071164658241,,
1.3242824552976926,1.2027606873932,2.001300933020418
,,1.6522463410033232
1.212187604403958,,
1.860577551244416,,
1.5027547657803604,,
1.8877297972880305,,
,,1.823180687772236
1.8195439355418688,2.187520720836463,
,,1.927883410330707
0.6720978579357175,,2.833210880282609
,1.334453751150931,
,,1.8976270912904416
1.0224283711854865,,
1.624488362513449,,
2.298634783124436,,
-0.1536628878701947,,1.5799509963019671
4.109578546904387,,
,,2.3561597599568995
1.155336037465062,,2.4987239707479048
,1.670245853074124,
,,0.7923916894982539
2.0549575960124065,,
2.674861140737812,,
1.3384564936046048,,2.5174598265402324
,1.91803033678488,
1.924795995797912,,3.354626976852949
1.7075701760979365,,2.7038929536325447
0.9712758487381052,,1.823180687772236
0.775756037844098,,
0.5440680443502757,,1.8122446968003696
1.4183012913197457,,
1.2723058444020865,,
1.7539276003484252,,
0.9493900066449128,,2.006466042249232
0.9315087218666176,,
2.458297455377332,,4.082073241935238
1.724275869600789,,2.760648619581356
1.276461804173244,,2.073351702386901
2.0725072355288043,,
-0.9913998282380824,,
,2.564902672529205,
2.500606922065987,2.6989700043360187,
2.0893751608160995,,
-1.2613779720820577,-1.2643212740940954,-1.1301231867332335
0.9712758487381052,,
1.9390197764486663,,3.2306277117106323
4.147367107793786,,4.291701770729981
1.6122539060964374,,
,,1.1947917577219247
,,0.6341244515521873
0.8463371121298052,,
,1.91803033678488,
0.6525170861136923,,1.4746867377335626
,,1.8864907251724816
,,2.0863598306747484
1.2723058444020865,,
3.062299883223179,,
0.8450980400142568,,
,,1.5854607295085006
,1.954242509439325,
1.0594119374386566,,
,,0.4378298064082189
-0.0617305165370887,,0.8872514838586858
1.2041199826559248,,
,-1.6382721639824072,
1.0863598306747482,,
1.2442771208018428,,2.136799810744238
0.6680689338198494,,
1.6693168805661125,,2.4276483711869328
1.3469394626989906,,
1.8887409606828929,,2.515741416669365
,,1.4315808571312176
-1.537602002101044,-1.744727494896694,
1.9786369483844743,,3.0609621130938325
,,2.0644579892269186
,,2.392072315847544
1.410608542568368,,
2.128883702099773,,
1.0319736890917168,,
0.7583819417746753,,
1.2988530764097066,,1.4955443375464486
,2.1690863574870227,
1.80057962156913,,
1.824060717418653,,
1.701567985055927,,2.115943176939055
,1.255272505103306,1.7388598020722
1.3234583668494675,,
1.4913616938342726,,2.8915374576725643
0.6434526764861874,,2.8464608251293324
1.414973347970818,,
2.411451342137937,,3.5017300508462204
,1.6866362692622934,
1.9036325160842376,,2.273464272621346
0.670245853074124,0.8573324964312685,
1.4329692908744058,,2.4781334281005174
1.0170333392987805,,2.422917980767662
1.1139433523068367,,
1.9204218011580487,,
,,1.0698530211136246
2.685186202867061,,
,,2.550228353055094
,4.881510190250206,
,,1.4378298064082191
2.2615887648085797,,
1.24551266781415,,2.426185825244511
1.024834440951365,,1.6180376316587324
2.0,2.9852782407438907,
1.2723058444020865,,
1.2442771208018428,1.91803033678488,
1.0791812460476249,,
1.089905111439398,,2.016197353512439
,2.0681858617461617,
0.3010299956639812,,1.5314789170422551
1.1095785469043866,0.5563025007672873,
,1.3982873053574012,
1.1357685145678222,,
,,
1.2227164711475833,,2.8558824300360355
0.9712758487381052,,
3.9461234720226592,,
1.7730546933642626,,3.273464272621346
2.3521825181113627,,2.8003733548913496
2.7799930907873525,,
,1.7269715836828767,
0.3234583668494676,0.5774917998372253,
2.0791812460476247,2.9020028913507296,
-0.1426675035687315,,-0.0132282657337551
1.085219201044942,,
,1.7993405494535817,
1.3617278360175928,1.8195439355418688,
1.2174839442139065,,2.006466042249232
1.7084209001347128,,2.343211590179747
1.4483971034577676,2.204662511748219,
,-0.6635402661514705,
,,1.0698530211136246
1.5595475555804343,,
1.839037873388306,1.91803033678488,
0.9712758487381052,,1.8937617620579432
1.0681858617461617,,1.925170226309568
1.0681858617461617,,1.4378298064082191
1.1821292140529984,1.534026106056135,
1.439253724017898,,
,,0.954459602411555
1.413299764081252,,2.3847117429382823
1.207470993833202,,1.915927211697116
0.691435152144062,,
-0.3297541469258759,2.3521825181113627,2.649636617730435
1.2750117377780117,2.074157919697316,
0.7634279935629372,,1.9503648543761232
2.357934847000454,2.69284691927723,
0.7671558660821804,,
1.7213983755215052,,
1.292256071356476,,2.4895366294820955
2.690196080028514,,
,,1.8714853673467915
1.670245853074124,1.5563025007672873,
,1.545307116465824,
2.0026843129897296,,
1.6581354630718694,,
1.4771212547196624,,
1.1473671077937864,,
1.806179973983887,,
1.1095785469043866,2.2805783703680764,
1.846337112129805,1.8573324964312683,
2.0519239160461065,,3.023540521554854
1.3011819721383155,,
1.4682054968113205,,
0.8450980400142568,,
1.2442771208018428,,
,1.7323937598229686,
2.374381698050882,,2.8903092168999485
2.1473671077937864,2.2329961103921536,
1.8316138553090988,,
2.1142906489922004,,
1.3010299956639813,,
2.0126685338963304,,
,,1.6972293427597176
1.0755469613925308,,
2.7791489807414376,,
1.8808135922807911,3.0354297381845483,
1.2741578492636798,,0.6627578316815741
1.0224283711854865,,2.579503500660207
1.072507235528804,,
,2.412729273237532,
0.8808135922807914,,2.5464192668351915
1.1095785469043866,,
,1.3005954838899636,
0.8061799739838872,,1.740362689494244
,,1.862244710611879
2.241663505199156,,
1.0,,
0.2041199826559248,0.4623979978989561,
1.1986570869544226,,2.7233735670189843
,1.1760912590556811,
1.965812953036603,,
0.9030899869919436,,
1.1931245983544616,,3.021437396467089
0.9684829485539352,,3.310587114890355
2.9839869219651898,,
1.0253058652647702,,2.826981336911994
1.3692158574101427,1.6170003411208989,
0.8463371121298052,0.8234742291703011,
1.9374175814771373,,
1.7116385382323491,2.1245042248342823,2.308735110028761
1.9916690073799488,,
0.9208013818256542,1.4522465745204372,
4.721398375521505,,
1.0644579892269184,,3.316620251635936
2.255706582582625,,
,,1.8750612633917
1.5983855599492438,,
1.2442771208018428,,
1.7883451651521185,,
1.9374175814771373,,
1.9268567089496924,,2.5596672783880576
0.9712758487381052,,
1.3673559210260189,,2.447468130949756
,,3.412275701935831
,,1.865964600437008
1.2174049744015416,,
2.495509648103409,,
-0.0314470095973681,1.3692158574101427,
1.948999454026953,,
1.0681858617461617,,1.8714853673467915
1.4483971034577676,,
0.9731278535996988,,1.307496037913213
1.5733358400660675,,
0.9132839017604184,,
1.1760912590556811,,1.5314789170422551
2.5056925074122,,
0.3234583668494676,0.5774917998372253,
1.948999454026953,,
1.8385342705118688,,2.763839629395825
1.1095785469043866,1.6532125137753435,
1.5854607295085006,,2.0588054866759067
0.7781512503836436,,1.8573324964312683
0.7671558660821804,,
,,2.26482962432968
-1.0861861476162833,,
1.808885867359812,,2.925312091499649
1.965812953036603,2.3308194664958366,
,,2.405645123036818
0.8260748027008264,,1.6748611407378116
2.243781916093795,,3.149465450995452
1.4313637641589874,,
0.8920946026904804,,2.3925210899319325
-0.0969100130080563,,2.032215703297981
1.808210972924222,,2.893817223967463
0.9542425094393248,1.6334684555795864,
2.100370545117563,,
0.8808135922807914,,
1.0969621252192148,,
1.0389577711393665,1.6827315646221837,2.040266007446085
0.2787536009528289,,1.1986570869544226
1.5081497976670666,,
0.8450980400142568,,
-0.0287241512618947,0.1003705451175628,
1.3096301674258988,,3.0656170557268725
1.3692158574101427,,
2.0413137153458605,,
-0.5228787452803376,,1.7693773260761383
1.7528164311882717,,2.66228551572213
2.7476137583582805,,
1.8518696007297664,,2.459844642388208
0.6283889300503115,,
,1.410608542568368,
1.2723058444020865,,2.3906914101311583
1.318117618380357,,
1.3579348470004535,,2.509202522331103
3.076786033508079,,
2.244277120801843,,
1.5305838596451178,2.2375437381428744,
1.6410574639466418,,
2.522874402313803,,2.8016300604667204
2.313698529560312,,
1.230448921378274,1.4471580313422192,1.9084850188786493
2.1020905255118367,,2.145817714491828
4.244277120801843,,
3.239799818447098,,
1.4483971034577676,,2.671913012441587
1.1473671077937864,,
,2.2095150145426308,
0.8388490907372553,,
1.1056123596867853,,
0.8260748027008264,,3.261453202741811
,1.2966651902615312,
0.7403626894942439,,
1.4483971034577676,2.1126050015345745,
1.0,,
2.044147620878723,,2.8702282790117946
2.0810230864513337,,
2.161607546908397,,
1.6592504687726608,,
,1.4471580313422192,
,,3.5055569386638217
0.670245853074124,2.571662256176501,
,,
1.0,,
0.5006480633719119,,
2.0175758683910745,1.9715170564543325,2.308819366674897
1.7402837196818792,,
1.5996647787884168,,
1.82020145948564,,2.7302976620971497
,3.118595365223762,
3.647969458362972,,
0.3222192947339193,,1.968482948553935
1.9595183769729985,,3.454173852177724
1.670245853074124,1.6866362692622934,
1.5987905067631152,,2.7781512503836434
1.2143138974243997,,2.26482962432968
1.1095785469043866,,
,,2.3679780261341987
1.1398790864012365,,2.6904618932461783
0.9712758487381052,,
1.379939722801916,,
1.3096301674258988,,2.904607363815448
0.6901960800285137,,1.8904210188009145
1.0934216851622351,,
,,2.500606922065987
2.3376988059640778,,
0.2787536009528289,,1.530199698203082
,,1.9084850188786493
,,1.705007959333336
3.216942713067954,,
2.121264305229581,,
1.538007877724325,2.1479235389806064,
2.7799930907873525,,
2.3469394626989906,,
,,
4.410608542568368,,
,1.9969492484953808,
1.0224283711854865,,
2.913283901760418,,
0.724275869600789,,1.383815365980431
1.238154035743054,,
0.0224283711854864,0.0334237554869497,
1.7116385382323491,,1.7688230254496435
2.298634783124436,,
,,1.8714853673467915
1.967547976218862,,2.5341530741850624
1.155336037465062,,2.702171950857711
1.2143138974243997,,
1.598129263404831,,
0.9712758487381052,2.040602340114073,
1.7924617313469506,,
,,0.5469742758332871
2.3648510520076926,,2.649636617730435
,,1.796851749049887
1.276461804173244,,2.526339277389844
1.691435152144062,1.8887409606828929,
1.3469394626989906,,
0.9030899869919436,,
1.0602973495331114,,
,,1.1490342671612497
,,1.66838591669
3.0681858617461617,3.857332496431269,
,1.414973347970818,
1.1821292140529984,,2.546974275833287
1.6097651056927424,,
1.92551835817743,,
1.530199698203082,,2.590953235187986
1.5524857010929476,,
1.4771212547196624,,2.4614985267830187
,1.5563025007672873,
1.2986347831244356,,
1.404833716619938,1.6304278750250238,
1.5733358400660675,,
1.7116385382323491,,1.7688230254496435
1.757396028793024,,2.888797067456681
1.8864907251724816,,
,1.7160033436347992,
1.8877297972880305,,
1.813580988568192,,3.128205343962674
2.208064948147398,,
1.0224283711854865,1.2966651902615312,
1.1139433523068367,,
1.1072099696478683,,1.740362689494244
1.1583624920952498,,1.890979596989689
,,
0.9132839017604184,,
0.9712758487381052,,
1.816373888752362,,
1.812913356642856,,2.146128035678238
1.3304137733491908,,
0.9777236052888476,,
,,
0.9030899869919436,,
2.4614099781074588,2.113207769822735,
0.9822712330395684,1.591064607026499,1.6875289612146342
1.9712758487381048,,
1.3559875916763875,,
,2.538573733806856,
0.1821292140529984,0.94546858513182,
1.4831592097169797,,
,,2.4439901151130377
1.3979400086720375,,
,,2.4489771671840166
1.7494270991217489,,
1.5305838596451178,,
,,2.333094455888206
2.0681858617461617,,
2.2295538639811365,,
0.670245853074124,,
1.5595475555804343,,
1.7032913781186614,,2.7046651854545294
1.334453751150931,,1.5921767573958667
2.2329961103921536,,
1.0791812460476249,,
-0.5228787452803376,,1.57287160220048
0.7160033436347992,,
1.3304137733491908,,2.113609151073028
2.7905666251460763,,3.0656917280932707
2.18479360573441,2.274804189634561,
2.382053082115315,2.686636269262294,
1.3483048630481609,,3.043087072166329
,,2.089661414467177
0.1760912590556812,,1.271841606536499
1.287801729930226,,2.669409867287783
1.24551266781415,,1.9800033715837464
1.2787536009528289,,
0.9132839017604184,,
1.824060717418653,,2.4188065690947886
0.8864907251724818,,2.4650852875574327
1.1931245983544616,,2.6074550232146687
,1.0681858617461617,
1.0224283711854865,,
1.8808135922807911,,2.578524605274993
1.1931245983544616,,2.9936125579388904
1.545307116465824,,2.9747488089688305
